[17308:10276:0428/151152.974:WARNING:chrome_main_delegate.cc(745)] This is Chrome version 128.0.6613.138 (not a warning)
[17308:10276:0428/151152.999:ERROR:os_crypt_win.cc(100)] Failed to decrypt: 키를 지정된 상태에서 사용하기에 부적합합니다. (0x8009000B)
[17308:18496:0428/151153.070:ERROR:google_update_settings.cc(265)] Failed opening key Software\Chromium to set usagestats; result: 5
[17308:10276:0428/151153.081:WARNING:account_consistency_mode_manager.cc(77)] Desktop Identity Consistency cannot be enabled as no OAuth client ID and client secret have been configured.
[25088:21876:0428/151206.593:WARNING:frame_impl.cc(430)] virtual CefFrameImpl::SendProcessMessage sent to detached frame 5-0FAE098107D81671C210C0DBD16A693B will be ignored
[17308:16644:0428/152910.038:VERBOSE1:media_stream_manager.cc(1533)] MSPL::OnSpeedLimitChange({this=00007C14001B2D40}, {new_limit=17})
[17308:16644:0428/152913.033:VERBOSE1:media_stream_manager.cc(1533)] MSPL::OnSpeedLimitChange({this=00007C14001B2D40}, {new_limit=16})
[17308:16644:0428/152915.023:VERBOSE1:media_stream_manager.cc(1533)] MSPL::OnSpeedLimitChange({this=00007C14001B2D40}, {new_limit=17})
[17308:16644:0428/152916.041:VERBOSE1:media_stream_manager.cc(1533)] MSPL::OnSpeedLimitChange({this=00007C14001B2D40}, {new_limit=18})
[17308:16644:0428/152918.035:VERBOSE1:media_stream_manager.cc(1533)] MSPL::OnSpeedLimitChange({this=00007C14001B2D40}, {new_limit=19})
[17308:16644:0428/152921.025:VERBOSE1:media_stream_manager.cc(1533)] MSPL::OnSpeedLimitChange({this=00007C14001B2D40}, {new_limit=18})
[17308:16644:0428/152922.042:VERBOSE1:media_stream_manager.cc(1533)] MSPL::OnSpeedLimitChange({this=00007C14001B2D40}, {new_limit=19})
[17308:16644:0428/152923.028:VERBOSE1:media_stream_manager.cc(1533)] MSPL::OnSpeedLimitChange({this=00007C14001B2D40}, {new_limit=20})
[17308:16644:0428/152924.040:VERBOSE1:media_stream_manager.cc(1533)] MSPL::OnSpeedLimitChange({this=00007C14001B2D40}, {new_limit=21})
[17308:16644:0428/152928.045:VERBOSE1:media_stream_manager.cc(1533)] MSPL::OnSpeedLimitChange({this=00007C14001B2D40}, {new_limit=20})
[17308:16644:0428/152931.051:VERBOSE1:media_stream_manager.cc(1533)] MSPL::OnSpeedLimitChange({this=00007C14001B2D40}, {new_limit=21})
[17308:16644:0428/152936.060:VERBOSE1:media_stream_manager.cc(1533)] MSPL::OnSpeedLimitChange({this=00007C14001B2D40}, {new_limit=20})
[17308:16644:0428/152937.051:VERBOSE1:media_stream_manager.cc(1533)] MSPL::OnSpeedLimitChange({this=00007C14001B2D40}, {new_limit=21})
[17308:16644:0428/152942.056:VERBOSE1:media_stream_manager.cc(1533)] MSPL::OnSpeedLimitChange({this=00007C14001B2D40}, {new_limit=20})
[17308:16644:0428/152944.064:VERBOSE1:media_stream_manager.cc(1533)] MSPL::OnSpeedLimitChange({this=00007C14001B2D40}, {new_limit=21})
[17308:16644:0428/152945.047:VERBOSE1:media_stream_manager.cc(1533)] MSPL::OnSpeedLimitChange({this=00007C14001B2D40}, {new_limit=20})
[17308:16644:0428/152947.052:VERBOSE1:media_stream_manager.cc(1533)] MSPL::OnSpeedLimitChange({this=00007C14001B2D40}, {new_limit=21})
[17308:16644:0428/152955.057:VERBOSE1:media_stream_manager.cc(1533)] MSPL::OnSpeedLimitChange({this=00007C14001B2D40}, {new_limit=20})
[17308:16644:0428/153001.077:VERBOSE1:media_stream_manager.cc(1533)] MSPL::OnSpeedLimitChange({this=00007C14001B2D40}, {new_limit=19})
[17308:16644:0428/153006.067:VERBOSE1:media_stream_manager.cc(1533)] MSPL::OnSpeedLimitChange({this=00007C14001B2D40}, {new_limit=18})
[17308:16644:0428/153008.075:VERBOSE1:media_stream_manager.cc(1533)] MSPL::OnSpeedLimitChange({this=00007C14001B2D40}, {new_limit=17})
[17308:16644:0428/153010.069:VERBOSE1:media_stream_manager.cc(1533)] MSPL::OnSpeedLimitChange({this=00007C14001B2D40}, {new_limit=18})
[17308:16644:0428/153012.082:VERBOSE1:media_stream_manager.cc(1533)] MSPL::OnSpeedLimitChange({this=00007C14001B2D40}, {new_limit=19})
[17308:16644:0428/153014.084:VERBOSE1:media_stream_manager.cc(1533)] MSPL::OnSpeedLimitChange({this=00007C14001B2D40}, {new_limit=18})
[17308:16644:0428/153016.095:VERBOSE1:media_stream_manager.cc(1533)] MSPL::OnSpeedLimitChange({this=00007C14001B2D40}, {new_limit=20})
[17308:16644:0428/153024.092:VERBOSE1:media_stream_manager.cc(1533)] MSPL::OnSpeedLimitChange({this=00007C14001B2D40}, {new_limit=21})
[17308:16644:0428/153027.086:VERBOSE1:media_stream_manager.cc(1533)] MSPL::OnSpeedLimitChange({this=00007C14001B2D40}, {new_limit=20})
[17308:16644:0428/153029.104:VERBOSE1:media_stream_manager.cc(1533)] MSPL::OnSpeedLimitChange({this=00007C14001B2D40}, {new_limit=21})
[17308:16644:0428/153032.098:VERBOSE1:media_stream_manager.cc(1533)] MSPL::OnSpeedLimitChange({this=00007C14001B2D40}, {new_limit=20})
[17308:16644:0428/153042.095:VERBOSE1:media_stream_manager.cc(1533)] MSPL::OnSpeedLimitChange({this=00007C14001B2D40}, {new_limit=21})
[17308:16644:0428/153043.110:VERBOSE1:media_stream_manager.cc(1533)] MSPL::OnSpeedLimitChange({this=00007C14001B2D40}, {new_limit=20})
[17308:16644:0428/153047.112:VERBOSE1:media_stream_manager.cc(1533)] MSPL::OnSpeedLimitChange({this=00007C14001B2D40}, {new_limit=19})
[17308:16644:0428/153048.105:VERBOSE1:media_stream_manager.cc(1533)] MSPL::OnSpeedLimitChange({this=00007C14001B2D40}, {new_limit=20})
[17308:16644:0428/153049.105:VERBOSE1:media_stream_manager.cc(1533)] MSPL::OnSpeedLimitChange({this=00007C14001B2D40}, {new_limit=19})
[17308:16644:0428/153050.113:VERBOSE1:media_stream_manager.cc(1533)] MSPL::OnSpeedLimitChange({this=00007C14001B2D40}, {new_limit=18})
[17308:16644:0428/153051.102:VERBOSE1:media_stream_manager.cc(1533)] MSPL::OnSpeedLimitChange({this=00007C14001B2D40}, {new_limit=17})
[17308:16644:0428/153053.112:VERBOSE1:media_stream_manager.cc(1533)] MSPL::OnSpeedLimitChange({this=00007C14001B2D40}, {new_limit=18})
[17308:16644:0428/153056.103:VERBOSE1:media_stream_manager.cc(1533)] MSPL::OnSpeedLimitChange({this=00007C14001B2D40}, {new_limit=19})
[17308:16644:0428/153059.116:VERBOSE1:media_stream_manager.cc(1533)] MSPL::OnSpeedLimitChange({this=00007C14001B2D40}, {new_limit=20})
[17308:16644:0428/153100.108:VERBOSE1:media_stream_manager.cc(1533)] MSPL::OnSpeedLimitChange({this=00007C14001B2D40}, {new_limit=21})
[17308:16644:0428/153105.122:VERBOSE1:media_stream_manager.cc(1533)] MSPL::OnSpeedLimitChange({this=00007C14001B2D40}, {new_limit=22})
[17308:16644:0428/153107.120:VERBOSE1:media_stream_manager.cc(1533)] MSPL::OnSpeedLimitChange({this=00007C14001B2D40}, {new_limit=21})
[11180:18428:0428/153110.485:VERBOSE1:network_delegate.cc(36)] NetworkDelegate::NotifyBeforeURLRequest: https://optimizationguide-pa.googleapis.com/v1:GetModels?key=dummytoken
[11180:18428:0428/153110.489:VERBOSE1:tls_handshaker.cc(105)] TlsClient: Continuing handshake
[11180:18428:0428/153110.489:VERBOSE1:tls_handshaker.cc(126)] TlsClient: SSL_do_handshake returned when entering early data. After retry, rv=-1, SSL_in_early_data=1
[11180:18428:0428/153110.529:VERBOSE1:tls_handshaker.cc(105)] TlsClient: Continuing handshake
[11180:18428:0428/153110.529:VERBOSE1:tls_handshaker.cc(105)] TlsClient: Continuing handshake
[11180:18428:0428/153110.529:VERBOSE1:tls_client_handshaker.cc(625)] 0-RTT handshake attempted but was rejected by the server
[11180:18428:0428/153110.529:VERBOSE1:tls_handshaker.cc(105)] TlsClient: Continuing handshake
[11180:18428:0428/153110.529:VERBOSE1:tls_handshaker.cc(105)] TlsClient: Continuing handshake
[11180:18428:0428/153110.531:VERBOSE1:tls_client_handshaker.cc(528)] Client: handshake finished
[17308:16644:0428/153117.128:VERBOSE1:media_stream_manager.cc(1533)] MSPL::OnSpeedLimitChange({this=00007C14001B2D40}, {new_limit=22})
[17308:16644:0428/153121.125:VERBOSE1:media_stream_manager.cc(1533)] MSPL::OnSpeedLimitChange({this=00007C14001B2D40}, {new_limit=21})
[17308:16644:0428/153138.134:VERBOSE1:media_stream_manager.cc(1533)] MSPL::OnSpeedLimitChange({this=00007C14001B2D40}, {new_limit=20})
[17308:16644:0428/153141.152:VERBOSE1:media_stream_manager.cc(1533)] MSPL::OnSpeedLimitChange({this=00007C14001B2D40}, {new_limit=19})
[17308:16644:0428/153148.151:VERBOSE1:media_stream_manager.cc(1533)] MSPL::OnSpeedLimitChange({this=00007C14001B2D40}, {new_limit=20})
[17308:16644:0428/153154.152:VERBOSE1:media_stream_manager.cc(1533)] MSPL::OnSpeedLimitChange({this=00007C14001B2D40}, {new_limit=19})
[17308:16644:0428/153155.142:VERBOSE1:media_stream_manager.cc(1533)] MSPL::OnSpeedLimitChange({this=00007C14001B2D40}, {new_limit=18})
[17308:16644:0428/153156.143:VERBOSE1:media_stream_manager.cc(1533)] MSPL::OnSpeedLimitChange({this=00007C14001B2D40}, {new_limit=17})
[17308:16644:0428/153157.156:VERBOSE1:media_stream_manager.cc(1533)] MSPL::OnSpeedLimitChange({this=00007C14001B2D40}, {new_limit=16})
[17308:16644:0428/153158.156:VERBOSE1:media_stream_manager.cc(1533)] MSPL::OnSpeedLimitChange({this=00007C14001B2D40}, {new_limit=15})
[17308:16644:0428/153200.159:VERBOSE1:media_stream_manager.cc(1533)] MSPL::OnSpeedLimitChange({this=00007C14001B2D40}, {new_limit=14})
[17308:16644:0428/153203.161:VERBOSE1:media_stream_manager.cc(1533)] MSPL::OnSpeedLimitChange({this=00007C14001B2D40}, {new_limit=15})
[17308:16644:0428/153205.154:VERBOSE1:media_stream_manager.cc(1533)] MSPL::OnSpeedLimitChange({this=00007C14001B2D40}, {new_limit=16})
[17308:16644:0428/153207.150:VERBOSE1:media_stream_manager.cc(1533)] MSPL::OnSpeedLimitChange({this=00007C14001B2D40}, {new_limit=17})
[17308:16644:0428/153209.156:VERBOSE1:media_stream_manager.cc(1533)] MSPL::OnSpeedLimitChange({this=00007C14001B2D40}, {new_limit=18})
[17308:16644:0428/153211.165:VERBOSE1:media_stream_manager.cc(1533)] MSPL::OnSpeedLimitChange({this=00007C14001B2D40}, {new_limit=19})
[17308:16644:0428/153212.164:VERBOSE1:media_stream_manager.cc(1533)] MSPL::OnSpeedLimitChange({this=00007C14001B2D40}, {new_limit=18})
[17308:16644:0428/153215.171:VERBOSE1:media_stream_manager.cc(1533)] MSPL::OnSpeedLimitChange({this=00007C14001B2D40}, {new_limit=19})
[17308:16644:0428/153217.161:VERBOSE1:media_stream_manager.cc(1533)] MSPL::OnSpeedLimitChange({this=00007C14001B2D40}, {new_limit=20})
[17308:16644:0428/153221.168:VERBOSE1:media_stream_manager.cc(1533)] MSPL::OnSpeedLimitChange({this=00007C14001B2D40}, {new_limit=21})
[17308:16644:0428/153227.180:VERBOSE1:media_stream_manager.cc(1533)] MSPL::OnSpeedLimitChange({this=00007C14001B2D40}, {new_limit=22})
[17308:16644:0428/153230.175:VERBOSE1:media_stream_manager.cc(1533)] MSPL::OnSpeedLimitChange({this=00007C14001B2D40}, {new_limit=21})
[17308:16644:0428/153232.168:VERBOSE1:media_stream_manager.cc(1533)] MSPL::OnSpeedLimitChange({this=00007C14001B2D40}, {new_limit=20})
[17308:16644:0428/153236.181:VERBOSE1:media_stream_manager.cc(1533)] MSPL::OnSpeedLimitChange({this=00007C14001B2D40}, {new_limit=19})
[17308:16644:0428/153241.189:VERBOSE1:media_stream_manager.cc(1533)] MSPL::OnSpeedLimitChange({this=00007C14001B2D40}, {new_limit=20})
[17308:16644:0428/153245.195:VERBOSE1:media_stream_manager.cc(1533)] MSPL::OnSpeedLimitChange({this=00007C14001B2D40}, {new_limit=21})
[17308:16644:0428/153248.189:VERBOSE1:media_stream_manager.cc(1533)] MSPL::OnSpeedLimitChange({this=00007C14001B2D40}, {new_limit=22})
[17308:16644:0428/153250.183:VERBOSE1:media_stream_manager.cc(1533)] MSPL::OnSpeedLimitChange({this=00007C14001B2D40}, {new_limit=21})
[17308:16644:0428/153252.196:VERBOSE1:media_stream_manager.cc(1533)] MSPL::OnSpeedLimitChange({this=00007C14001B2D40}, {new_limit=22})
[17308:16644:0428/153254.187:VERBOSE1:media_stream_manager.cc(1533)] MSPL::OnSpeedLimitChange({this=00007C14001B2D40}, {new_limit=21})
[17308:16644:0428/153256.191:VERBOSE1:media_stream_manager.cc(1533)] MSPL::OnSpeedLimitChange({this=00007C14001B2D40}, {new_limit=20})
[17308:16644:0428/153306.197:VERBOSE1:media_stream_manager.cc(1533)] MSPL::OnSpeedLimitChange({this=00007C14001B2D40}, {new_limit=21})
[17308:16644:0428/153307.203:VERBOSE1:media_stream_manager.cc(1533)] MSPL::OnSpeedLimitChange({this=00007C14001B2D40}, {new_limit=22})
[17308:16644:0428/153308.188:VERBOSE1:media_stream_manager.cc(1533)] MSPL::OnSpeedLimitChange({this=00007C14001B2D40}, {new_limit=21})
[17308:16644:0428/153309.197:VERBOSE1:media_stream_manager.cc(1533)] MSPL::OnSpeedLimitChange({this=00007C14001B2D40}, {new_limit=22})
[17308:16644:0428/153310.210:VERBOSE1:media_stream_manager.cc(1533)] MSPL::OnSpeedLimitChange({this=00007C14001B2D40}, {new_limit=21})
[17308:16644:0428/153320.205:VERBOSE1:media_stream_manager.cc(1533)] MSPL::OnSpeedLimitChange({this=00007C14001B2D40}, {new_limit=22})
[17308:16644:0428/153321.212:VERBOSE1:media_stream_manager.cc(1533)] MSPL::OnSpeedLimitChange({this=00007C14001B2D40}, {new_limit=21})
[17308:16644:0428/153324.209:VERBOSE1:media_stream_manager.cc(1533)] MSPL::OnSpeedLimitChange({this=00007C14001B2D40}, {new_limit=20})
[17308:16644:0428/153325.204:VERBOSE1:media_stream_manager.cc(1533)] MSPL::OnSpeedLimitChange({this=00007C14001B2D40}, {new_limit=19})
[17308:16644:0428/153327.218:VERBOSE1:media_stream_manager.cc(1533)] MSPL::OnSpeedLimitChange({this=00007C14001B2D40}, {new_limit=18})
[17308:16644:0428/153334.228:VERBOSE1:media_stream_manager.cc(1533)] MSPL::OnSpeedLimitChange({this=00007C14001B2D40}, {new_limit=19})
[17308:16644:0428/153335.225:VERBOSE1:media_stream_manager.cc(1533)] MSPL::OnSpeedLimitChange({this=00007C14001B2D40}, {new_limit=20})
[17308:16644:0428/153336.221:VERBOSE1:media_stream_manager.cc(1533)] MSPL::OnSpeedLimitChange({this=00007C14001B2D40}, {new_limit=21})
[11180:18428:0428/153359.557:VERBOSE1:network_delegate.cc(36)] NetworkDelegate::NotifyBeforeURLRequest: https://optimizationguide-pa.googleapis.com/v1:GetModels?key=dummytoken
[11180:18428:0428/153359.560:VERBOSE1:tls_handshaker.cc(105)] TlsClient: Continuing handshake
[11180:18428:0428/153359.562:VERBOSE1:tls_handshaker.cc(126)] TlsClient: SSL_do_handshake returned when entering early data. After retry, rv=-1, SSL_in_early_data=1
[11180:18428:0428/153359.594:VERBOSE1:tls_handshaker.cc(105)] TlsClient: Continuing handshake
[11180:18428:0428/153359.596:VERBOSE1:tls_handshaker.cc(105)] TlsClient: Continuing handshake
[11180:18428:0428/153359.596:VERBOSE1:tls_client_handshaker.cc(625)] 0-RTT handshake attempted but was rejected by the server
[11180:18428:0428/153359.596:VERBOSE1:tls_handshaker.cc(105)] TlsClient: Continuing handshake
[11180:18428:0428/153359.596:VERBOSE1:tls_handshaker.cc(105)] TlsClient: Continuing handshake
[11180:18428:0428/153359.596:VERBOSE1:tls_handshaker.cc(105)] TlsClient: Continuing handshake
[11180:18428:0428/153359.596:VERBOSE1:tls_handshaker.cc(105)] TlsClient: Continuing handshake
[11180:18428:0428/153359.597:VERBOSE1:tls_client_handshaker.cc(528)] Client: handshake finished
[17308:16644:0428/153402.236:VERBOSE1:media_stream_manager.cc(1533)] MSPL::OnSpeedLimitChange({this=00007C14001B2D40}, {new_limit=20})
[17308:16644:0428/153403.249:VERBOSE1:media_stream_manager.cc(1533)] MSPL::OnSpeedLimitChange({this=00007C14001B2D40}, {new_limit=19})
[17308:16644:0428/153405.242:VERBOSE1:media_stream_manager.cc(1533)] MSPL::OnSpeedLimitChange({this=00007C14001B2D40}, {new_limit=18})
[17308:16644:0428/153407.255:VERBOSE1:media_stream_manager.cc(1533)] MSPL::OnSpeedLimitChange({this=00007C14001B2D40}, {new_limit=17})
[17308:16644:0428/153413.241:VERBOSE1:media_stream_manager.cc(1533)] MSPL::OnSpeedLimitChange({this=00007C14001B2D40}, {new_limit=18})
[17308:16644:0428/153414.256:VERBOSE1:media_stream_manager.cc(1533)] MSPL::OnSpeedLimitChange({this=00007C14001B2D40}, {new_limit=19})
[17308:16644:0428/153417.258:VERBOSE1:media_stream_manager.cc(1533)] MSPL::OnSpeedLimitChange({this=00007C14001B2D40}, {new_limit=20})
[17308:16644:0428/153422.249:VERBOSE1:media_stream_manager.cc(1533)] MSPL::OnSpeedLimitChange({this=00007C14001B2D40}, {new_limit=21})
[17308:16644:0428/153423.251:VERBOSE1:media_stream_manager.cc(1533)] MSPL::OnSpeedLimitChange({this=00007C14001B2D40}, {new_limit=20})
[17308:16644:0428/153425.253:VERBOSE1:media_stream_manager.cc(1533)] MSPL::OnSpeedLimitChange({this=00007C14001B2D40}, {new_limit=21})
[17308:16644:0428/153433.255:VERBOSE1:media_stream_manager.cc(1533)] MSPL::OnSpeedLimitChange({this=00007C14001B2D40}, {new_limit=22})
[17308:16644:0428/153439.272:VERBOSE1:media_stream_manager.cc(1533)] MSPL::OnSpeedLimitChange({this=00007C14001B2D40}, {new_limit=21})
[17308:16644:0428/153442.261:VERBOSE1:media_stream_manager.cc(1533)] MSPL::OnSpeedLimitChange({this=00007C14001B2D40}, {new_limit=20})
[17308:16644:0428/153443.274:VERBOSE1:media_stream_manager.cc(1533)] MSPL::OnSpeedLimitChange({this=00007C14001B2D40}, {new_limit=21})
[17308:16644:0428/153444.283:VERBOSE1:media_stream_manager.cc(1533)] MSPL::OnSpeedLimitChange({this=00007C14001B2D40}, {new_limit=20})
[17308:16644:0428/153449.271:VERBOSE1:media_stream_manager.cc(1533)] MSPL::OnSpeedLimitChange({this=00007C14001B2D40}, {new_limit=21})
[17308:16644:0428/153451.264:VERBOSE1:media_stream_manager.cc(1533)] MSPL::OnSpeedLimitChange({this=00007C14001B2D40}, {new_limit=20})
[17308:16644:0428/153454.279:VERBOSE1:media_stream_manager.cc(1533)] MSPL::OnSpeedLimitChange({this=00007C14001B2D40}, {new_limit=19})
[17308:16644:0428/153459.291:VERBOSE1:media_stream_manager.cc(1533)] MSPL::OnSpeedLimitChange({this=00007C14001B2D40}, {new_limit=18})
[17308:16644:0428/153500.282:VERBOSE1:media_stream_manager.cc(1533)] MSPL::OnSpeedLimitChange({this=00007C14001B2D40}, {new_limit=17})
[17308:16644:0428/153501.291:VERBOSE1:media_stream_manager.cc(1533)] MSPL::OnSpeedLimitChange({this=00007C14001B2D40}, {new_limit=18})
[17308:16644:0428/153502.279:VERBOSE1:media_stream_manager.cc(1533)] MSPL::OnSpeedLimitChange({this=00007C14001B2D40}, {new_limit=17})
[17308:16644:0428/153503.283:VERBOSE1:media_stream_manager.cc(1533)] MSPL::OnSpeedLimitChange({this=00007C14001B2D40}, {new_limit=18})
[17308:16644:0428/153505.278:VERBOSE1:media_stream_manager.cc(1533)] MSPL::OnSpeedLimitChange({this=00007C14001B2D40}, {new_limit=17})
[17308:16644:0428/153508.287:VERBOSE1:media_stream_manager.cc(1533)] MSPL::OnSpeedLimitChange({this=00007C14001B2D40}, {new_limit=18})
[17308:16644:0428/153510.298:VERBOSE1:media_stream_manager.cc(1533)] MSPL::OnSpeedLimitChange({this=00007C14001B2D40}, {new_limit=19})
[17308:16644:0428/153519.288:VERBOSE1:media_stream_manager.cc(1533)] MSPL::OnSpeedLimitChange({this=00007C14001B2D40}, {new_limit=20})
[17308:16644:0428/153520.304:VERBOSE1:media_stream_manager.cc(1533)] MSPL::OnSpeedLimitChange({this=00007C14001B2D40}, {new_limit=19})
[17308:16644:0428/153521.285:VERBOSE1:media_stream_manager.cc(1533)] MSPL::OnSpeedLimitChange({this=00007C14001B2D40}, {new_limit=20})
[17308:16644:0428/153525.287:VERBOSE1:media_stream_manager.cc(1533)] MSPL::OnSpeedLimitChange({this=00007C14001B2D40}, {new_limit=19})
[17308:16644:0428/153526.299:VERBOSE1:media_stream_manager.cc(1533)] MSPL::OnSpeedLimitChange({this=00007C14001B2D40}, {new_limit=18})
[17308:16644:0428/153534.311:VERBOSE1:media_stream_manager.cc(1533)] MSPL::OnSpeedLimitChange({this=00007C14001B2D40}, {new_limit=19})
[17308:16644:0428/153535.306:VERBOSE1:media_stream_manager.cc(1533)] MSPL::OnSpeedLimitChange({this=00007C14001B2D40}, {new_limit=20})
[17308:16644:0428/153536.297:VERBOSE1:media_stream_manager.cc(1533)] MSPL::OnSpeedLimitChange({this=00007C14001B2D40}, {new_limit=21})
[17308:16644:0428/153544.305:VERBOSE1:media_stream_manager.cc(1533)] MSPL::OnSpeedLimitChange({this=00007C14001B2D40}, {new_limit=20})
[17308:16644:0428/153545.305:VERBOSE1:media_stream_manager.cc(1533)] MSPL::OnSpeedLimitChange({this=00007C14001B2D40}, {new_limit=19})
[17308:16644:0428/153549.312:VERBOSE1:media_stream_manager.cc(1533)] MSPL::OnSpeedLimitChange({this=00007C14001B2D40}, {new_limit=18})
[17308:16644:0428/153554.312:VERBOSE1:media_stream_manager.cc(1533)] MSPL::OnSpeedLimitChange({this=00007C14001B2D40}, {new_limit=19})
[17308:16644:0428/153555.320:VERBOSE1:media_stream_manager.cc(1533)] MSPL::OnSpeedLimitChange({this=00007C14001B2D40}, {new_limit=20})
[17308:16644:0428/153556.332:VERBOSE1:media_stream_manager.cc(1533)] MSPL::OnSpeedLimitChange({this=00007C14001B2D40}, {new_limit=21})
[17308:16644:0428/153601.331:VERBOSE1:media_stream_manager.cc(1533)] MSPL::OnSpeedLimitChange({this=00007C14001B2D40}, {new_limit=20})
[17308:16644:0428/153610.321:VERBOSE1:media_stream_manager.cc(1533)] MSPL::OnSpeedLimitChange({this=00007C14001B2D40}, {new_limit=21})
[17308:16644:0428/153611.340:VERBOSE1:media_stream_manager.cc(1533)] MSPL::OnSpeedLimitChange({this=00007C14001B2D40}, {new_limit=22})
[17308:16644:0428/153618.334:VERBOSE1:media_stream_manager.cc(1533)] MSPL::OnSpeedLimitChange({this=00007C14001B2D40}, {new_limit=21})
[11180:18428:0428/153643.440:VERBOSE1:network_delegate.cc(36)] NetworkDelegate::NotifyBeforeURLRequest: https://optimizationguide-pa.googleapis.com/v1:GetModels?key=dummytoken
[11180:18428:0428/153643.444:VERBOSE1:tls_handshaker.cc(105)] TlsClient: Continuing handshake
[11180:18428:0428/153643.445:VERBOSE1:tls_handshaker.cc(126)] TlsClient: SSL_do_handshake returned when entering early data. After retry, rv=-1, SSL_in_early_data=1
[11180:18428:0428/153643.486:VERBOSE1:tls_handshaker.cc(105)] TlsClient: Continuing handshake
[11180:18428:0428/153643.487:VERBOSE1:tls_handshaker.cc(105)] TlsClient: Continuing handshake
[11180:18428:0428/153643.487:VERBOSE1:tls_client_handshaker.cc(625)] 0-RTT handshake attempted but was rejected by the server
[11180:18428:0428/153643.487:VERBOSE1:tls_handshaker.cc(105)] TlsClient: Continuing handshake
[11180:18428:0428/153643.487:VERBOSE1:tls_handshaker.cc(105)] TlsClient: Continuing handshake
[11180:18428:0428/153643.487:VERBOSE1:tls_client_handshaker.cc(528)] Client: handshake finished
[17308:16644:0428/153646.350:VERBOSE1:media_stream_manager.cc(1533)] MSPL::OnSpeedLimitChange({this=00007C14001B2D40}, {new_limit=22})
[17308:16644:0428/153655.355:VERBOSE1:media_stream_manager.cc(1533)] MSPL::OnSpeedLimitChange({this=00007C14001B2D40}, {new_limit=21})
[17308:16644:0428/153726.384:VERBOSE1:media_stream_manager.cc(1533)] MSPL::OnSpeedLimitChange({this=00007C14001B2D40}, {new_limit=22})
[17308:16644:0428/153732.384:VERBOSE1:media_stream_manager.cc(1533)] MSPL::OnSpeedLimitChange({this=00007C14001B2D40}, {new_limit=21})
[17308:16644:0428/153746.398:VERBOSE1:media_stream_manager.cc(1533)] MSPL::OnSpeedLimitChange({this=00007C14001B2D40}, {new_limit=22})
[17308:16644:0428/153757.415:VERBOSE1:media_stream_manager.cc(1533)] MSPL::OnSpeedLimitChange({this=00007C14001B2D40}, {new_limit=21})
[17308:16644:0428/153801.418:VERBOSE1:media_stream_manager.cc(1533)] MSPL::OnSpeedLimitChange({this=00007C14001B2D40}, {new_limit=20})
[17308:16644:0428/153808.409:VERBOSE1:media_stream_manager.cc(1533)] MSPL::OnSpeedLimitChange({this=00007C14001B2D40}, {new_limit=21})
[17308:16644:0428/153812.418:VERBOSE1:media_stream_manager.cc(1533)] MSPL::OnSpeedLimitChange({this=00007C14001B2D40}, {new_limit=22})
[17308:16644:0428/153824.430:VERBOSE1:media_stream_manager.cc(1533)] MSPL::OnSpeedLimitChange({this=00007C14001B2D40}, {new_limit=21})
[17308:16644:0428/153825.424:VERBOSE1:media_stream_manager.cc(1533)] MSPL::OnSpeedLimitChange({this=00007C14001B2D40}, {new_limit=20})
[17308:16644:0428/153826.425:VERBOSE1:media_stream_manager.cc(1533)] MSPL::OnSpeedLimitChange({this=00007C14001B2D40}, {new_limit=19})
[17308:16644:0428/153828.435:VERBOSE1:media_stream_manager.cc(1533)] MSPL::OnSpeedLimitChange({this=00007C14001B2D40}, {new_limit=18})
[17308:16644:0428/153831.445:VERBOSE1:media_stream_manager.cc(1533)] MSPL::OnSpeedLimitChange({this=00007C14001B2D40}, {new_limit=17})
[17308:16644:0428/153833.438:VERBOSE1:media_stream_manager.cc(1533)] MSPL::OnSpeedLimitChange({this=00007C14001B2D40}, {new_limit=16})
[17308:16644:0428/153834.429:VERBOSE1:media_stream_manager.cc(1533)] MSPL::OnSpeedLimitChange({this=00007C14001B2D40}, {new_limit=17})
[17308:16644:0428/153840.447:VERBOSE1:media_stream_manager.cc(1533)] MSPL::OnSpeedLimitChange({this=00007C14001B2D40}, {new_limit=16})
[17308:16644:0428/153843.435:VERBOSE1:media_stream_manager.cc(1533)] MSPL::OnSpeedLimitChange({this=00007C14001B2D40}, {new_limit=17})
[17308:16644:0428/153846.447:VERBOSE1:media_stream_manager.cc(1533)] MSPL::OnSpeedLimitChange({this=00007C14001B2D40}, {new_limit=18})
[17308:16644:0428/153849.449:VERBOSE1:media_stream_manager.cc(1533)] MSPL::OnSpeedLimitChange({this=00007C14001B2D40}, {new_limit=19})
[17308:16644:0428/153850.452:VERBOSE1:media_stream_manager.cc(1533)] MSPL::OnSpeedLimitChange({this=00007C14001B2D40}, {new_limit=20})
[17308:16644:0428/153851.449:VERBOSE1:media_stream_manager.cc(1533)] MSPL::OnSpeedLimitChange({this=00007C14001B2D40}, {new_limit=21})
[17308:16644:0428/153857.456:VERBOSE1:media_stream_manager.cc(1533)] MSPL::OnSpeedLimitChange({this=00007C14001B2D40}, {new_limit=22})
[17308:16644:0428/153859.464:VERBOSE1:media_stream_manager.cc(1533)] MSPL::OnSpeedLimitChange({this=00007C14001B2D40}, {new_limit=21})
[17308:16644:0428/153900.778:VERBOSE1:media_stream_manager.cc(1533)] MSPL::OnSpeedLimitChange({this=00007C14001B2D40}, {new_limit=22})
[17308:10276:0428/153903.078:VERBOSE1:device_event_log_impl.cc(198)] [15:39:03.078] Display: EVENT: screen_win.cc:893 Displays updated, count: 2
[17308:10276:0428/153903.078:VERBOSE1:device_event_log_impl.cc(198)] [15:39:03.078] Display: EVENT: screen_win.cc:895 Display[136286686] bounds=[0,0 1707x1067], workarea=[0,0 1707x1019], scale=1.5, rotation=0, panel_rotation=0 external detected
[17308:10276:0428/153903.078:VERBOSE1:device_event_log_impl.cc(198)] [15:39:03.078] Display: EVENT: screen_win.cc:895 Display[1275727956] bounds=[-1920,44 1920x1080], workarea=[-1920,44 1920x1032], scale=1, rotation=0, panel_rotation=0 external detected
[17308:16644:0428/153907.468:VERBOSE1:media_stream_manager.cc(1533)] MSPL::OnSpeedLimitChange({this=00007C14001B2D40}, {new_limit=23})
[11180:18428:0428/153919.054:VERBOSE1:network_delegate.cc(36)] NetworkDelegate::NotifyBeforeURLRequest: https://optimizationguide-pa.googleapis.com/v1:GetModels?key=dummytoken
[11180:18428:0428/153919.058:VERBOSE1:tls_handshaker.cc(105)] TlsClient: Continuing handshake
[11180:18428:0428/153919.059:VERBOSE1:tls_handshaker.cc(126)] TlsClient: SSL_do_handshake returned when entering early data. After retry, rv=-1, SSL_in_early_data=1
[11180:18428:0428/153919.096:VERBOSE1:tls_handshaker.cc(105)] TlsClient: Continuing handshake
[11180:18428:0428/153919.096:VERBOSE1:tls_handshaker.cc(105)] TlsClient: Continuing handshake
[11180:18428:0428/153919.096:VERBOSE1:tls_client_handshaker.cc(625)] 0-RTT handshake attempted but was rejected by the server
[11180:18428:0428/153919.096:VERBOSE1:tls_handshaker.cc(105)] TlsClient: Continuing handshake
[11180:18428:0428/153919.096:VERBOSE1:tls_handshaker.cc(105)] TlsClient: Continuing handshake
[11180:18428:0428/153919.098:VERBOSE1:tls_handshaker.cc(105)] TlsClient: Continuing handshake
[11180:18428:0428/153919.098:VERBOSE1:tls_handshaker.cc(105)] TlsClient: Continuing handshake
[11180:18428:0428/153919.098:VERBOSE1:tls_client_handshaker.cc(528)] Client: handshake finished
[17308:16644:0428/153927.473:VERBOSE1:media_stream_manager.cc(1533)] MSPL::OnSpeedLimitChange({this=00007C14001B2D40}, {new_limit=24})
[17308:16644:0428/153933.480:VERBOSE1:media_stream_manager.cc(1533)] MSPL::OnSpeedLimitChange({this=00007C14001B2D40}, {new_limit=25})
[17308:16644:0428/153958.506:VERBOSE1:media_stream_manager.cc(1533)] MSPL::OnSpeedLimitChange({this=00007C14001B2D40}, {new_limit=24})
[17308:10276:0428/154000.365:VERBOSE1:device_event_log_impl.cc(198)] [15:40:00.365] Display: EVENT: screen_win.cc:893 Displays updated, count: 2
[17308:10276:0428/154000.365:VERBOSE1:device_event_log_impl.cc(198)] [15:40:00.366] Display: EVENT: screen_win.cc:895 Display[136286686] bounds=[0,0 1707x1067], workarea=[0,0 1707x1019], scale=1.5, rotation=0, panel_rotation=0 external detected
[17308:10276:0428/154000.365:VERBOSE1:device_event_log_impl.cc(198)] [15:40:00.366] Display: EVENT: screen_win.cc:895 Display[1275727956] bounds=[-1920,44 1920x1080], workarea=[-1920,44 1920x1032], scale=1, rotation=0, panel_rotation=0 external detected
[17308:16644:0428/154017.515:VERBOSE1:media_stream_manager.cc(1533)] MSPL::OnSpeedLimitChange({this=00007C14001B2D40}, {new_limit=23})
[17308:16644:0428/154031.518:VERBOSE1:media_stream_manager.cc(1533)] MSPL::OnSpeedLimitChange({this=00007C14001B2D40}, {new_limit=24})
[17308:16644:0428/154100.547:VERBOSE1:media_stream_manager.cc(1533)] MSPL::OnSpeedLimitChange({this=00007C14001B2D40}, {new_limit=25})
[17308:16644:0428/154108.547:VERBOSE1:media_stream_manager.cc(1533)] MSPL::OnSpeedLimitChange({this=00007C14001B2D40}, {new_limit=24})
[17308:16644:0428/154125.549:VERBOSE1:media_stream_manager.cc(1533)] MSPL::OnSpeedLimitChange({this=00007C14001B2D40}, {new_limit=23})
[17308:16644:0428/154127.564:VERBOSE1:media_stream_manager.cc(1533)] MSPL::OnSpeedLimitChange({this=00007C14001B2D40}, {new_limit=24})
[17308:16644:0428/154129.564:VERBOSE1:media_stream_manager.cc(1533)] MSPL::OnSpeedLimitChange({this=00007C14001B2D40}, {new_limit=23})
[17308:16644:0428/154134.564:VERBOSE1:media_stream_manager.cc(1533)] MSPL::OnSpeedLimitChange({this=00007C14001B2D40}, {new_limit=24})
[17308:16644:0428/154144.568:VERBOSE1:media_stream_manager.cc(1533)] MSPL::OnSpeedLimitChange({this=00007C14001B2D40}, {new_limit=25})
[17308:16644:0428/154149.583:VERBOSE1:media_stream_manager.cc(1533)] MSPL::OnSpeedLimitChange({this=00007C14001B2D40}, {new_limit=24})
[17308:16644:0428/154150.583:VERBOSE1:media_stream_manager.cc(1533)] MSPL::OnSpeedLimitChange({this=00007C14001B2D40}, {new_limit=25})
[17308:16644:0428/154154.583:VERBOSE1:media_stream_manager.cc(1533)] MSPL::OnSpeedLimitChange({this=00007C14001B2D40}, {new_limit=24})
[17308:16644:0428/154155.582:VERBOSE1:media_stream_manager.cc(1533)] MSPL::OnSpeedLimitChange({this=00007C14001B2D40}, {new_limit=25})
[17308:16644:0428/154156.584:VERBOSE1:media_stream_manager.cc(1533)] MSPL::OnSpeedLimitChange({this=00007C14001B2D40}, {new_limit=24})
[17308:16644:0428/154157.583:VERBOSE1:media_stream_manager.cc(1533)] MSPL::OnSpeedLimitChange({this=00007C14001B2D40}, {new_limit=25})
[17308:16644:0428/154159.584:VERBOSE1:media_stream_manager.cc(1533)] MSPL::OnSpeedLimitChange({this=00007C14001B2D40}, {new_limit=24})
[11180:18428:0428/154202.967:VERBOSE1:network_delegate.cc(36)] NetworkDelegate::NotifyBeforeURLRequest: https://optimizationguide-pa.googleapis.com/v1:GetModels?key=dummytoken
[11180:18428:0428/154202.972:VERBOSE1:tls_handshaker.cc(105)] TlsClient: Continuing handshake
[11180:18428:0428/154202.972:VERBOSE1:tls_handshaker.cc(126)] TlsClient: SSL_do_handshake returned when entering early data. After retry, rv=-1, SSL_in_early_data=1
[11180:18428:0428/154203.008:VERBOSE1:tls_handshaker.cc(105)] TlsClient: Continuing handshake
[11180:18428:0428/154203.009:VERBOSE1:tls_handshaker.cc(105)] TlsClient: Continuing handshake
[11180:18428:0428/154203.009:VERBOSE1:tls_client_handshaker.cc(528)] Client: handshake finished
[17308:16644:0428/154204.583:VERBOSE1:media_stream_manager.cc(1533)] MSPL::OnSpeedLimitChange({this=00007C14001B2D40}, {new_limit=25})
[17308:16644:0428/154205.583:VERBOSE1:media_stream_manager.cc(1533)] MSPL::OnSpeedLimitChange({this=00007C14001B2D40}, {new_limit=24})
[17308:16644:0428/154206.584:VERBOSE1:media_stream_manager.cc(1533)] MSPL::OnSpeedLimitChange({this=00007C14001B2D40}, {new_limit=25})
[17308:16644:0428/154214.584:VERBOSE1:media_stream_manager.cc(1533)] MSPL::OnSpeedLimitChange({this=00007C14001B2D40}, {new_limit=24})
[17308:16644:0428/154229.601:VERBOSE1:media_stream_manager.cc(1533)] MSPL::OnSpeedLimitChange({this=00007C14001B2D40}, {new_limit=25})
[17308:16644:0428/154300.620:VERBOSE1:media_stream_manager.cc(1533)] MSPL::OnSpeedLimitChange({this=00007C14001B2D40}, {new_limit=24})
[17308:16644:0428/154310.620:VERBOSE1:media_stream_manager.cc(1533)] MSPL::OnSpeedLimitChange({this=00007C14001B2D40}, {new_limit=25})
[17308:16644:0428/154321.641:VERBOSE1:media_stream_manager.cc(1533)] MSPL::OnSpeedLimitChange({this=00007C14001B2D40}, {new_limit=24})
[17308:16644:0428/154348.658:VERBOSE1:media_stream_manager.cc(1533)] MSPL::OnSpeedLimitChange({this=00007C14001B2D40}, {new_limit=25})
[17308:16644:0428/154352.659:VERBOSE1:media_stream_manager.cc(1533)] MSPL::OnSpeedLimitChange({this=00007C14001B2D40}, {new_limit=24})
[17308:16644:0428/154410.676:VERBOSE1:media_stream_manager.cc(1533)] MSPL::OnSpeedLimitChange({this=00007C14001B2D40}, {new_limit=25})
[17308:16644:0428/154411.676:VERBOSE1:media_stream_manager.cc(1533)] MSPL::OnSpeedLimitChange({this=00007C14001B2D40}, {new_limit=24})
[17308:16644:0428/154431.687:VERBOSE1:media_stream_manager.cc(1533)] MSPL::OnSpeedLimitChange({this=00007C14001B2D40}, {new_limit=23})
[17308:16644:0428/154432.687:VERBOSE1:media_stream_manager.cc(1533)] MSPL::OnSpeedLimitChange({this=00007C14001B2D40}, {new_limit=24})
[17308:16644:0428/154435.687:VERBOSE1:media_stream_manager.cc(1533)] MSPL::OnSpeedLimitChange({this=00007C14001B2D40}, {new_limit=23})
[17308:16644:0428/154441.689:VERBOSE1:media_stream_manager.cc(1533)] MSPL::OnSpeedLimitChange({this=00007C14001B2D40}, {new_limit=24})
[11180:18428:0428/154459.807:VERBOSE1:network_delegate.cc(36)] NetworkDelegate::NotifyBeforeURLRequest: https://optimizationguide-pa.googleapis.com/v1:GetModels?key=dummytoken
[11180:18428:0428/154459.812:VERBOSE1:tls_handshaker.cc(105)] TlsClient: Continuing handshake
[11180:18428:0428/154459.813:VERBOSE1:tls_handshaker.cc(126)] TlsClient: SSL_do_handshake returned when entering early data. After retry, rv=-1, SSL_in_early_data=1
[11180:18428:0428/154459.848:VERBOSE1:tls_handshaker.cc(105)] TlsClient: Continuing handshake
[11180:18428:0428/154459.857:VERBOSE1:tls_handshaker.cc(105)] TlsClient: Continuing handshake
[11180:18428:0428/154459.857:VERBOSE1:tls_client_handshaker.cc(625)] 0-RTT handshake attempted but was rejected by the server
[11180:18428:0428/154459.857:VERBOSE1:tls_handshaker.cc(105)] TlsClient: Continuing handshake
[11180:18428:0428/154459.857:VERBOSE1:tls_handshaker.cc(105)] TlsClient: Continuing handshake
[11180:18428:0428/154459.890:VERBOSE1:tls_handshaker.cc(105)] TlsClient: Continuing handshake
[11180:18428:0428/154459.890:VERBOSE1:tls_client_handshaker.cc(528)] Client: handshake finished
[17308:16644:0428/154506.709:VERBOSE1:media_stream_manager.cc(1533)] MSPL::OnSpeedLimitChange({this=00007C14001B2D40}, {new_limit=23})
[17308:16644:0428/154516.711:VERBOSE1:media_stream_manager.cc(1533)] MSPL::OnSpeedLimitChange({this=00007C14001B2D40}, {new_limit=24})
[17308:16644:0428/154545.742:VERBOSE1:media_stream_manager.cc(1533)] MSPL::OnSpeedLimitChange({this=00007C14001B2D40}, {new_limit=25})
[17308:16644:0428/154556.743:VERBOSE1:media_stream_manager.cc(1533)] MSPL::OnSpeedLimitChange({this=00007C14001B2D40}, {new_limit=24})
[17308:16644:0428/154601.743:VERBOSE1:media_stream_manager.cc(1533)] MSPL::OnSpeedLimitChange({this=00007C14001B2D40}, {new_limit=23})
[17308:16644:0428/154611.760:VERBOSE1:media_stream_manager.cc(1533)] MSPL::OnSpeedLimitChange({this=00007C14001B2D40}, {new_limit=24})
[17308:16644:0428/154613.760:VERBOSE1:media_stream_manager.cc(1533)] MSPL::OnSpeedLimitChange({this=00007C14001B2D40}, {new_limit=23})
[17308:16644:0428/154614.761:VERBOSE1:media_stream_manager.cc(1533)] MSPL::OnSpeedLimitChange({this=00007C14001B2D40}, {new_limit=24})
[17308:16644:0428/154615.762:VERBOSE1:media_stream_manager.cc(1533)] MSPL::OnSpeedLimitChange({this=00007C14001B2D40}, {new_limit=23})
[17308:16644:0428/154627.762:VERBOSE1:media_stream_manager.cc(1533)] MSPL::OnSpeedLimitChange({this=00007C14001B2D40}, {new_limit=24})
[17308:16644:0428/154629.765:VERBOSE1:media_stream_manager.cc(1533)] MSPL::OnSpeedLimitChange({this=00007C14001B2D40}, {new_limit=23})
[17308:16644:0428/154635.767:VERBOSE1:media_stream_manager.cc(1533)] MSPL::OnSpeedLimitChange({this=00007C14001B2D40}, {new_limit=22})
[17308:16644:0428/154636.779:VERBOSE1:media_stream_manager.cc(1533)] MSPL::OnSpeedLimitChange({this=00007C14001B2D40}, {new_limit=23})
[17308:16644:0428/154642.203:VERBOSE1:media_stream_manager.cc(1533)] MSPL::OnSpeedLimitChange({this=00007C14001B2D40}, {new_limit=22})
[17308:16644:0428/154642.203:VERBOSE1:media_stream_manager.cc(1533)] MSPL::OnSpeedLimitChange({this=00007C14001B2D40}, {new_limit=21})
[17308:10276:0428/154642.211:VERBOSE1:frame_host_impl.cc(515)] frame 6-02464E51E1D4466068410A1E1B8445C9 (sub) detached (reason=RENDER_FRAME_DELETED, is_connected=1)
[24608:10656:0428/154642.212:VERBOSE1:dispatcher.cc(596)] Num tracked contexts: 1
[24608:10656:0428/154642.212:VERBOSE1:frame_impl.cc(620)] frame 6-02464E51E1D4466068410A1E1B8445C9 disconnected (reason=DETACHED, current_state=CONNECTION_ACKED, FRAME_INVALID)
[24608:10656:0428/154642.213:VERBOSE1:script_context.cc(164)] Destroyed context for extension
  extension id: 
  effective extension id: 
[24608:10656:0428/154642.213:VERBOSE1:script_context.cc(164)] Destroyed context for extension
  extension id: 
  effective extension id: 
[24608:10656:0428/154642.213:VERBOSE1:frame_impl.cc(620)] frame 6-899D67639427974531A909AAF5064523 disconnected (reason=BROWSER_FRAME_DISCONNECT, current_state=CONNECTION_ACKED)
[24608:10656:0428/154642.213:VERBOSE1:frame_impl.cc(633)] frame 6-899D67639427974531A909AAF5064523 connection retry scheduled
[17308:10276:0428/154642.217:VERBOSE1:frame_host_impl.cc(515)] frame 6-899D67639427974531A909AAF5064523 (main) detached (reason=NEW_MAIN_FRAME, is_connected=1)
[17308:10276:0428/154642.236:VERBOSE1:account_reconcilor.cc(264)] AccountReconcilor::Shutdown
[17308:10276:0428/154642.236:VERBOSE1:account_reconcilor.cc(718)] AccountReconcilor::AbortReconcile: try again later
[17308:10276:0428/154642.236:VERBOSE1:account_reconcilor.cc(827)] AccountReconcilor::CalculateIfMultiloginReconcileIsDone: Error was 
[17308:10276:0428/154642.236:VERBOSE1:account_reconcilor.cc(313)] AccountReconcilor::UnregisterWithIdentityManager
[17308:10276:0428/154642.236:VERBOSE1:account_reconcilor.cc(286)] AccountReconcilor::UnregisterWithContentSettings
[17308:10276:0428/154642.237:VERBOSE1:gaia_cookie_manager_service.cc(628)] GaiaCookieManagerService::CancelAll
[17308:10276:0428/154642.237:VERBOSE1:mutable_profile_oauth2_token_service_delegate.cc(752)] MutablePO2TS::Shutdown
[17308:10276:0428/154642.237:VERBOSE1:mutable_profile_oauth2_token_service_delegate.cc(235)] MutablePO2TS::~MutablePO2TS
[17308:10276:0428/154642.237:VERBOSE1:device_event_log_impl.cc(198)] [15:46:42.237] Bluetooth: EVENT: bluetooth_api.cc:109 BluetoothAPI: Shutdown
[17308:10276:0428/154642.239:VERBOSE1:account_reconcilor.cc(193)] AccountReconcilor::~AccountReconcilor
[17308:10276:0428/154642.242:VERBOSE1:device_event_log_impl.cc(198)] [15:46:42.242] Bluetooth: EVENT: bluetooth_api.cc:95 ~BluetoothAPI: 00007C1400325A00
[17308:10276:0428/154642.309:VERBOSE1:component_updater_service.cc(180)] CrxUpdateService stopping
[17308:10276:0428/154642.309:WARNING:pref_notifier_impl.cc(41)] Pref observer for media_router.cast_allow_all_ips found at shutdown.
[17308:10276:0428/154642.330:VERBOSE1:statistics_recorder.cc(607)] Collections of all histograms
Histogram: API.StorageAccess.AllowedRequests2 recorded 113 samples, mean = 0.1 (flags = 0x41)
0  ------------------------------------------------------------------------O (107 = 94.7%)
1  ----O                                                                     (6 = 5.3%) {94.7%}
2  ... 

Histogram: API.StorageAccess.DocumentInheritedStorageAccess recorded 7 samples, mean = 0.0 (flags = 0x41)
0  -------O                                                                  (7 = 100.0%)
1  ... 

Histogram: API.StorageAccess.DocumentLoadedWithStorageAccess recorded 7 samples, mean = 0.0 (flags = 0x41)
0  -------O                                                                  (7 = 100.0%)
1  ... 

Histogram: Accessibility.CaptionSettingsLoadedFromSystemSettings recorded 1 samples, mean = 0.0 (flags = 0x41)
0  -O                                                                        (1 = 100.0%)
1  ... 

Histogram: Accessibility.ImageLabels2 recorded 1 samples, mean = 0.0 (flags = 0x41)
0  -O                                                                        (1 = 100.0%)
1  ... 

Histogram: Accessibility.LiveCaption.FeatureEnabled2 recorded 1 samples, mean = 1.0 (flags = 0x41)
0  O                                                                         (0 = 0.0%)
1  -O                                                                        (1 = 100.0%) {0.0%}
2  O                                                                         (0 = 0.0%) {100.0%}

Histogram: Accessibility.LiveCaption2 recorded 1 samples, mean = 0.0 (flags = 0x41)
0  -O                                                                        (1 = 100.0%)
1  ... 

Histogram: Accessibility.ManuallyEnabled recorded 1 samples, mean = 0.0 (flags = 0x41)
0  -O                                                                        (1 = 100.0%)
1  ... 

Histogram: Accessibility.WinJAWS recorded 1 samples, mean = 0.0 (flags = 0x41)
0  -O                                                                        (1 = 100.0%)
1  ... 

Histogram: Accessibility.WinNVDA recorded 1 samples, mean = 0.0 (flags = 0x41)
0  -O                                                                        (1 = 100.0%)
1  ... 

Histogram: Accessibility.WinSAToGo recorded 1 samples, mean = 0.0 (flags = 0x41)
0  -O                                                                        (1 = 100.0%)
1  ... 

Histogram: Accessibility.WinScreenReader2 recorded 1 samples, mean = 0.0 (flags = 0x41)
0  -O                                                                        (1 = 100.0%)
1  ... 

Histogram: Accessibility.WinStickyKeys recorded 1 samples, mean = 0.0 (flags = 0x41)
0  -O                                                                        (1 = 100.0%)
1  ... 

Histogram: Accessibility.WinSupernova recorded 1 samples, mean = 0.0 (flags = 0x41)
0  -O                                                                        (1 = 100.0%)
1  ... 

Histogram: Accessibility.WinZoomText recorded 1 samples, mean = 0.0 (flags = 0x41)
0  -O                                                                        (1 = 100.0%)
1  ... 

Histogram: AppBanners.InstallableStatusCode recorded 1 samples (flags = 0x41)
8  -O                                                                        (1 = 100.0%)

Histogram: Apps.PreferredApps.EntryCount recorded 1 samples, mean = 0.0 (flags = 0x41)
0  -O                                                                        (1 = 100.0%)
1  ... 

Histogram: Autofill.Address.IsEnabled.PageLoad recorded 1 samples, mean = 1.0 (flags = 0x41)
0  O                                                                         (0 = 0.0%)
1  -O                                                                        (1 = 100.0%) {0.0%}
2  O                                                                         (0 = 0.0%) {100.0%}

Histogram: Autofill.Address.IsEnabled.PageLoad.SignedOut recorded 1 samples, mean = 1.0 (flags = 0x41)
0  O                                                                         (0 = 0.0%)
1  -O                                                                        (1 = 100.0%) {0.0%}
2  O                                                                         (0 = 0.0%) {100.0%}

Histogram: Autofill.Address.IsEnabled.Startup recorded 1 samples, mean = 1.0 (flags = 0x41)
0  O                                                                         (0 = 0.0%)
1  -O                                                                        (1 = 100.0%) {0.0%}
2  O                                                                         (0 = 0.0%) {100.0%}

Histogram: Autofill.CreditCard.IsEnabled.PageLoad recorded 1 samples, mean = 1.0 (flags = 0x41)
0  O                                                                         (0 = 0.0%)
1  -O                                                                        (1 = 100.0%) {0.0%}
2  O                                                                         (0 = 0.0%) {100.0%}

Histogram: Autofill.CreditCard.IsEnabled.PageLoad.SignedOut recorded 1 samples, mean = 1.0 (flags = 0x41)
0  O                                                                         (0 = 0.0%)
1  -O                                                                        (1 = 100.0%) {0.0%}
2  O                                                                         (0 = 0.0%) {100.0%}

Histogram: Autofill.CreditCard.IsEnabled.Startup recorded 1 samples, mean = 1.0 (flags = 0x41)
0  O                                                                         (0 = 0.0%)
1  -O                                                                        (1 = 100.0%) {0.0%}
2  O                                                                         (0 = 0.0%) {100.0%}

Histogram: Autofill.DOMContentLoadedInOutermostMainFrame recorded 3 samples, mean = 0.3 (flags = 0x41)
0  --O                                                                       (2 = 66.7%)
1  -O                                                                        (1 = 33.3%) {66.7%}
2  O                                                                         (0 = 0.0%) {100.0%}

Histogram: Autofill.ExtractFormUnowned.FieldCount recorded 4 samples, mean = 0.0 (flags = 0x41)
0  ----O                                                                     (4 = 100.0%)
1  ... 

Histogram: Autofill.FormForest.GetBrowserFormOfRendererForm.Duration recorded 1 samples, mean = 0.0 (flags = 0x41)
0  -O                                                                        (1 = 100.0%)
1  ... 

Histogram: Autofill.FormForest.UpdateTreeOfRendererForm.Duration recorded 1 samples, mean = 25.0 (flags = 0x41)
0   ... 
21  -O                                                                        (1 = 100.0%) {0.0%}
28  ... 

Histogram: Autofill.FormForest.UpdateTreeOfRendererForm.Visits recorded 1 samples, mean = 2.0 (flags = 0x41)
0  ... 
2  -O                                                                        (1 = 100.0%) {0.0%}
3  ... 

Histogram: Autofill.Funnel.ParsedAsType.Address recorded 6 samples, mean = 0.0 (flags = 0x41)
0  ------O                                                                   (6 = 100.0%)
1  ... 

Histogram: Autofill.Funnel.ParsedAsType.CreditCard recorded 6 samples, mean = 0.0 (flags = 0x41)
0  ------O                                                                   (6 = 100.0%)
1  ... 

Histogram: Autofill.Funnel.ParsedAsType.VirtualCard.StandaloneCvc recorded 6 samples, mean = 0.0 (flags = 0x41)
0  ------O                                                                   (6 = 100.0%)
1  ... 

Histogram: Autofill.IsEnabled.PageLoad recorded 1 samples, mean = 1.0 (flags = 0x41)
0  O                                                                         (0 = 0.0%)
1  -O                                                                        (1 = 100.0%) {0.0%}
2  O                                                                         (0 = 0.0%) {100.0%}

Histogram: Autofill.IsEnabled.PageLoad.SignedOut recorded 1 samples, mean = 1.0 (flags = 0x41)
0  O                                                                         (0 = 0.0%)
1  -O                                                                        (1 = 100.0%) {0.0%}
2  O                                                                         (0 = 0.0%) {100.0%}

Histogram: Autofill.IsEnabled.Startup recorded 1 samples, mean = 1.0 (flags = 0x41)
0  O                                                                         (0 = 0.0%)
1  -O                                                                        (1 = 100.0%) {0.0%}
2  O                                                                         (0 = 0.0%) {100.0%}

Histogram: Autofill.Leipzig.Duplication.NumberOfLocalSupersetProfilesOnStartup recorded 1 samples, mean = 0.0 (flags = 0x41)
0  -O                                                                        (1 = 100.0%)
1  ... 

Histogram: Autofill.NumberOfDriversPerFactory recorded 1 samples, mean = 3.0 (flags = 0x41)
0  ... 
3  -O                                                                        (1 = 100.0%) {0.0%}
4  ... 

Histogram: Autofill.Offer.StoredOfferCount2.CardLinkedOffer recorded 1 samples, mean = 0.0 (flags = 0x41)
0  -O                                                                        (1 = 100.0%)
1  ... 

Histogram: Autofill.Offer.StoredOfferCount2.GPayPromoCodeOffer recorded 1 samples, mean = 0.0 (flags = 0x41)
0  -O                                                                        (1 = 100.0%)
1  ... 

Histogram: Autofill.PaymentMethods.CvcStorageIsEnabled.Startup recorded 1 samples, mean = 0.0 (flags = 0x41)
0  -O                                                                        (1 = 100.0%)
1  ... 

Histogram: Autofill.StoredCreditCardCount recorded 1 samples, mean = 0.0 (flags = 0x41)
0  -O                                                                        (1 = 100.0%)
1  ... 

Histogram: Autofill.StoredCreditCardCount.Local recorded 1 samples, mean = 0.0 (flags = 0x41)
0  -O                                                                        (1 = 100.0%)
1  ... 

Histogram: Autofill.StoredCreditCardCount.Local.WithInvalidCardNumber recorded 1 samples, mean = 0.0 (flags = 0x41)
0  -O                                                                        (1 = 100.0%)
1  ... 

Histogram: Autofill.StoredCreditCardCount.Local.WithNickname recorded 1 samples, mean = 0.0 (flags = 0x41)
0  -O                                                                        (1 = 100.0%)
1  ... 

Histogram: Autofill.StoredCreditCardCount.Server recorded 1 samples, mean = 0.0 (flags = 0x41)
0  -O                                                                        (1 = 100.0%)
1  ... 

Histogram: Autofill.StoredCreditCardCount.Server.Masked recorded 1 samples, mean = 0.0 (flags = 0x41)
0  -O                                                                        (1 = 100.0%)
1  ... 

Histogram: Autofill.StoredCreditCardCount.Server.Masked.WithNickname recorded 1 samples, mean = 0.0 (flags = 0x41)
0  -O                                                                        (1 = 100.0%)
1  ... 

Histogram: Autofill.StoredCreditCardCount.Server.Unmasked recorded 1 samples, mean = 0.0 (flags = 0x41)
0  -O                                                                        (1 = 100.0%)
1  ... 

Histogram: Autofill.StoredCreditCardCount.Server.WithCardArtImage recorded 1 samples, mean = 0.0 (flags = 0x41)
0  -O                                                                        (1 = 100.0%)
1  ... 

Histogram: Autofill.StoredCreditCardCount.Server.WithVirtualCardMetadata recorded 1 samples, mean = 0.0 (flags = 0x41)
0  -O                                                                        (1 = 100.0%)
1  ... 

Histogram: Autofill.StoredIbanCount recorded 1 samples, mean = 0.0 (flags = 0x41)
0  -O                                                                        (1 = 100.0%)
1  ... 

Histogram: Autofill.StoredProfileCount.AccountChrome recorded 1 samples, mean = 0.0 (flags = 0x41)
0  -O                                                                        (1 = 100.0%)
1  ... 

Histogram: Autofill.StoredProfileCount.AccountNonChrome recorded 1 samples, mean = 0.0 (flags = 0x41)
0  -O                                                                        (1 = 100.0%)
1  ... 

Histogram: Autofill.StoredProfileCount.Legacy recorded 1 samples, mean = 0.0 (flags = 0x41)
0  -O                                                                        (1 = 100.0%)
1  ... 

Histogram: Autofill.StoredProfileCount.Total recorded 1 samples, mean = 0.0 (flags = 0x41)
0  -O                                                                        (1 = 100.0%)
1  ... 

Histogram: Autofill.SubmissionDetectionSource.FormTracker recorded 2 samples, mean = 3.0 (flags = 0x41)
0  ... 
3  --O                                                                       (2 = 100.0%) {0.0%}
4  ... 

Histogram: Autofill.Timing.ParseFormsAsync recorded 1 samples, mean = 0.0 (flags = 0x41)
0  -O                                                                        (1 = 100.0%)
1  ... 

Histogram: Autofill.Timing.ParseFormsAsync.RunHeuristics recorded 1 samples, mean = 0.0 (flags = 0x41)
0  -O                                                                        (1 = 100.0%)
1  ... 

Histogram: Autofill.Timing.ParseFormsAsync.UpdateCache recorded 1 samples, mean = 0.0 (flags = 0x41)
0  -O                                                                        (1 = 100.0%)
1  ... 

Histogram: Autofill.TimingInterval.ExtractFormData.GetFormDataFromUnownedInputElements.AutofillAgentReset recorded 2 samples, mean = 615142.0 (flags = 0x41)
0       ... 
388319  -O                                                                        (1 = 50.0%) {0.0%}
453284  ... 
720966  -O                                                                        (1 = 50.0%) {50.0%}
841582  ... 

Histogram: Autofill.TimingInterval.ExtractFormData.GetFormDataFromUnownedInputElements.DOMContentLoaded recorded 2 samples, mean = 1073946112.0 (flags = 0x41)
0         ... 
388319    -O                                                                        (1 = 50.0%) {0.0%}
453284    ... 
10000000  -O                                                                        (1 = 50.0%) {50.0%}

Histogram: Autofill.TimingInterval.ExtractFormData.UpdateFormCache.AutofillAgentReset recorded 4 samples, mean = 307653.0 (flags = 0x41)
0       ... 
125     -O                                                                        (1 = 25.0%) {0.0%}
146     O                                                                         (0 = 0.0%) {25.0%}
170     -O                                                                        (1 = 25.0%) {25.0%}
198     ... 
388319  -O                                                                        (1 = 25.0%) {50.0%}
453284  ... 
720966  -O                                                                        (1 = 25.0%) {75.0%}
841582  ... 

Histogram: Autofill.TimingInterval.ExtractFormData.UpdateFormCache.DOMContentLoaded recorded 4 samples, mean = 102136.0 (flags = 0x41)
0       ... 
5       -O                                                                        (1 = 25.0%) {0.0%}
6       ... 
17      -O                                                                        (1 = 25.0%) {25.0%}
20      ... 
50      -O                                                                        (1 = 25.0%) {50.0%}
58      ... 
388319  -O                                                                        (1 = 25.0%) {75.0%}
453284  ... 

Histogram: Autofill.TimingInterval.UpdateFormCache.UpdateFormCache.AutofillAgentReset recorded 4 samples, mean = 307671.8 (flags = 0x41)
0       ... 
125     -O                                                                        (1 = 25.0%) {0.0%}
146     ... 
231     -O                                                                        (1 = 25.0%) {25.0%}
270     ... 
388319  -O                                                                        (1 = 25.0%) {50.0%}
453284  ... 
720966  -O                                                                        (1 = 25.0%) {75.0%}
841582  ... 

Histogram: Autofill.TimingInterval.UpdateFormCache.UpdateFormCache.DOMContentLoaded recorded 4 samples, mean = 102154.8 (flags = 0x41)
0       ... 
17      -O                                                                        (1 = 25.0%) {0.0%}
20      O                                                                         (0 = 0.0%) {25.0%}
23      -O                                                                        (1 = 25.0%) {25.0%}
27      ... 
92      -O                                                                        (1 = 25.0%) {50.0%}
107     ... 
388319  -O                                                                        (1 = 25.0%) {75.0%}
453284  ... 

Histogram: Autofill.TimingPrecise.ExtractFormData recorded 6 samples, mean = 28.7 (flags = 0x41)
0   ... 
3   -O                                                                        (1 = 16.7%) {0.0%}
4   -O                                                                        (1 = 16.7%) {16.7%}
5   ... 
13  -O                                                                        (1 = 16.7%) {33.3%}
15  ... 
41  -O                                                                        (1 = 16.7%) {50.0%}
47  -O                                                                        (1 = 16.7%) {66.7%}
53  O                                                                         (0 = 0.0%) {83.3%}
60  -O                                                                        (1 = 16.7%) {83.3%}
68  ... 

Histogram: Autofill.TimingPrecise.ExtractFormData.GetFormDataFromUnownedInputElements recorded 2 samples, mean = 25.5 (flags = 0x41)
0   ... 
4   -O                                                                        (1 = 50.0%) {0.0%}
5   ... 
47  -O                                                                        (1 = 50.0%) {50.0%}
53  ... 

Histogram: Autofill.TimingPrecise.ExtractFormData.UpdateFormCache recorded 4 samples, mean = 30.2 (flags = 0x41)
0   ... 
3   -O                                                                        (1 = 25.0%) {0.0%}
4   ... 
13  -O                                                                        (1 = 25.0%) {25.0%}
15  ... 
41  -O                                                                        (1 = 25.0%) {50.0%}
47  ... 
60  -O                                                                        (1 = 25.0%) {75.0%}
68  ... 

Histogram: Autofill.TimingPrecise.InferLabelForElement recorded 6 samples, mean = 0.2 (flags = 0x41)
0  -----O                                                                    (5 = 83.3%)
1  -O                                                                        (1 = 16.7%) {83.3%}
2  ... 

Histogram: Autofill.TimingPrecise.UpdateFormCache recorded 4 samples, mean = 54.5 (flags = 0x41)
0   ... 
17  -O                                                                        (1 = 25.0%) {0.0%}
19  O                                                                         (0 = 0.0%) {25.0%}
22  -O                                                                        (1 = 25.0%) {25.0%}
25  ... 
77  -O                                                                        (1 = 25.0%) {50.0%}
88  -O                                                                        (1 = 25.0%) {75.0%}
100 ... 

Histogram: Autofill.TimingPrecise.UpdateFormCache.UpdateFormCache recorded 4 samples, mean = 54.5 (flags = 0x41)
0   ... 
17  -O                                                                        (1 = 25.0%) {0.0%}
19  O                                                                         (0 = 0.0%) {25.0%}
22  -O                                                                        (1 = 25.0%) {25.0%}
25  ... 
77  -O                                                                        (1 = 25.0%) {50.0%}
88  -O                                                                        (1 = 25.0%) {75.0%}
100 ... 

Histogram: Autofill.VirtualCardUsageData.StoredUsageDataCount recorded 1 samples, mean = 0.0 (flags = 0x41)
0  -O                                                                        (1 = 100.0%)
1  ... 

Histogram: Blink.CSSStyleSheetResource.ParseTime recorded 8 samples, mean = 941.0 (flags = 0x41)
0     ... 
105   -O                                                                        (1 = 12.5%) {0.0%}
146   ----O                                                                     (4 = 50.0%) {12.5%}
203   ... 
542   -O                                                                        (1 = 12.5%) {62.5%}
752   -O                                                                        (1 = 12.5%) {75.0%}
1043  ... 
3865  -O                                                                        (1 = 12.5%) {87.5%}
5362  ... 

Histogram: Blink.CommitDocumentLoaderTime recorded 7 samples, mean = 2.3 (flags = 0x41)
0  --O                                                                       (2 = 28.6%)
1  --O                                                                       (2 = 28.6%) {28.6%}
2  -O                                                                        (1 = 14.3%) {57.1%}
3  -O                                                                        (1 = 14.3%) {71.4%}
4  ... 
8  -O                                                                        (1 = 14.3%) {85.7%}
10 ... 

Histogram: Blink.CookiesTime recorded 17 samples, mean = 1.6 (flags = 0x41)
0   ----------------O                                                         (16 = 94.1%)
1   ... 
24  -O                                                                        (1 = 5.9%) {94.1%}
29  ... 

Histogram: Blink.CullRect.UpdateTime recorded 24 samples, mean = 4.8 (flags = 0x41)
0   ------O                                                                   (6 = 25.0%)
1   ---------O                                                                (9 = 37.5%) {25.0%}
2   -O                                                                        (1 = 4.2%) {62.5%}
3   O                                                                         (0 = 0.0%) {66.7%}
4   -O                                                                        (1 = 4.2%) {66.7%}
6   --O                                                                       (2 = 8.3%) {70.8%}
8   -O                                                                        (1 = 4.2%) {79.2%}
11  --O                                                                       (2 = 8.3%) {83.3%}
15  O                                                                         (0 = 0.0%) {91.7%}
21  -O                                                                        (1 = 4.2%) {91.7%}
29  -O                                                                        (1 = 4.2%) {95.8%}
40  ... 

Histogram: Blink.DocumentLoader.CommitNavigationToStartLoadingResponse.Time.OutermostMainFrame.NewNavigation.IsHTTPOrHTTPS recorded 1 samples, mean = 0.0 (flags = 0x41)
0  -O                                                                        (1 = 100.0%)
1  ... 

Histogram: Blink.DocumentLoader.CreateParserPostCommit.Time.OutermostMainFrame.NewNavigation.IsHTTPOrHTTPS recorded 1 samples, mean = 9.0 (flags = 0x41)
0  ... 
8  -O                                                                        (1 = 100.0%) {0.0%}
10 ... 

Histogram: Blink.EffectiveZoom recorded 17 samples (flags = 0x41)
150  -----------------O                                                        (17 = 100.0%)

Histogram: Blink.Experimental.Cookies.CacheLookupResult2 recorded 17 samples, mean = 0.9 (flags = 0x41)
0  --O                                                                       (2 = 11.8%)
1  ---------------O                                                          (15 = 88.2%) {11.8%}
2  ... 

Histogram: Blink.Experimental.Cookies.FirstCookieRequest recorded 2 samples, mean = 1.0 (flags = 0x41)
0  O                                                                         (0 = 0.0%)
1  --O                                                                       (2 = 100.0%) {0.0%}
2  ... 

Histogram: Blink.Fetch.RequestResourceTime2 recorded 127 samples, mean = 175.2 (flags = 0x41)
0      ... 
11     ---O                                                                      (3 = 2.4%) {0.0%}
15     -------------------------------O                                          (31 = 24.4%) {2.4%}
21     ---------------------O                                                    (21 = 16.5%) {26.8%}
29     ------------O                                                             (12 = 9.4%) {43.3%}
40     -------O                                                                  (7 = 5.5%) {52.8%}
55     ---------O                                                                (9 = 7.1%) {58.3%}
76     -----------------O                                                        (17 = 13.4%) {65.4%}
105    ------O                                                                   (6 = 4.7%) {78.7%}
146    ------O                                                                   (6 = 4.7%) {83.5%}
203    ------O                                                                   (6 = 4.7%) {88.2%}
282    -----O                                                                    (5 = 3.9%) {92.9%}
391    --O                                                                       (2 = 1.6%) {96.9%}
542    -O                                                                        (1 = 0.8%) {98.4%}
752    ... 
10321  -O                                                                        (1 = 0.8%) {99.2%}
14319  ... 

Histogram: Blink.Fetch.RequestResourceTime2.Preload recorded 41 samples, mean = 94.8 (flags = 0x41)
0    ... 
15   -O                                                                        (1 = 2.4%) {0.0%}
21   ---O                                                                      (3 = 7.3%) {2.4%}
29   -------O                                                                  (7 = 17.1%) {9.8%}
40   ----O                                                                     (4 = 9.8%) {26.8%}
55   ------O                                                                   (6 = 14.6%) {36.6%}
76   ----------O                                                               (10 = 24.4%) {51.2%}
105  ----O                                                                     (4 = 9.8%) {75.6%}
146  --O                                                                       (2 = 4.9%) {85.4%}
203  ---O                                                                      (3 = 7.3%) {90.2%}
282  ... 
542  -O                                                                        (1 = 2.4%) {97.6%}
752  ... 

Histogram: Blink.FetchQueuedPreloadsTime.MainFrame.Initial recorded 1 samples, mean = 2.0 (flags = 0x41)
0  ... 
2  -O                                                                        (1 = 100.0%) {0.0%}
3  ... 

Histogram: Blink.Fonts.DecodeTime recorded 5 samples, mean = 5771.0 (flags = 0x41)
0      ... 
2786   -O                                                                        (1 = 20.0%) {0.0%}
3865   ---O                                                                      (3 = 60.0%) {20.0%}
5362   ... 
10321  -O                                                                        (1 = 20.0%) {80.0%}
14319  ... 

Histogram: Blink.Fonts.VariableFontsRatio recorded 5 samples, mean = 1.2 (flags = 0x41)
0  O                                                                         (0 = 0.0%)
1  ----O                                                                     (4 = 80.0%) {0.0%}
2  -O                                                                        (1 = 20.0%) {80.0%}
3  ... 

Histogram: Blink.ForcedStyleAndLayout.UpdateTime.PreFCP recorded 2 samples, mean = 8123.0 (flags = 0x41)
0      ... 
21     -O                                                                        (1 = 50.0%) {0.0%}
29     ... 
14319  -O                                                                        (1 = 50.0%) {50.0%}
19866  ... 

Histogram: Blink.HTMLFastPathParser.AbortedParseSize recorded 25 samples, mean = 1.6 (flags = 0x41)
0  -----O                                                                    (5 = 20.0%)
1  O                                                                         (0 = 0.0%) {20.0%}
2  --------------------O                                                     (20 = 80.0%) {20.0%}
3  ... 

Histogram: Blink.HTMLFastPathParser.AbortedParseTime2 recorded 25 samples, mean = 2.3 (flags = 0x41)
0   -----O                                                                    (5 = 20.0%)
1   -----O                                                                    (5 = 20.0%) {20.0%}
2   ---------O                                                                (9 = 36.0%) {40.0%}
3   ---O                                                                      (3 = 12.0%) {76.0%}
4   -O                                                                        (1 = 4.0%) {88.0%}
5   -O                                                                        (1 = 4.0%) {92.0%}
6   ... 
16  -O                                                                        (1 = 4.0%) {96.0%}
17  ... 

Histogram: Blink.HTMLFastPathParser.ParseResult recorded 49 samples, mean = 7.8 (flags = 0x41)
0   ------------------------O                                                 (24 = 49.0%)
1   ... 
4   -----O                                                                    (5 = 10.2%) {49.0%}
5   ... 
18  --------------------O                                                     (20 = 40.8%) {59.2%}
19  ... 

Histogram: Blink.HTMLFastPathParser.SuccessfulParseSize recorded 24 samples, mean = 339.0 (flags = 0x41)
0    ... 
146  --------O                                                                 (8 = 33.3%) {0.0%}
203  O                                                                         (0 = 0.0%) {33.3%}
282  --------O                                                                 (8 = 33.3%) {33.3%}
391  --------O                                                                 (8 = 33.3%) {66.7%}
542  ... 

Histogram: Blink.HTMLFastPathParser.SuccessfulParseTime2 recorded 24 samples, mean = 5.5 (flags = 0x41)
0   O                                                                         (0 = 0.0%)
1   ----O                                                                     (4 = 16.7%) {0.0%}
2   -------O                                                                  (7 = 29.2%) {16.7%}
3   ---O                                                                      (3 = 12.5%) {45.8%}
4   ----O                                                                     (4 = 16.7%) {58.3%}
5   -O                                                                        (1 = 4.2%) {75.0%}
6   O                                                                         (0 = 0.0%) {79.2%}
7   -O                                                                        (1 = 4.2%) {79.2%}
8   -O                                                                        (1 = 4.2%) {83.3%}
9   -O                                                                        (1 = 4.2%) {87.5%}
10  ... 
17  -O                                                                        (1 = 4.2%) {91.7%}
18  ... 
43  -O                                                                        (1 = 4.2%) {95.8%}
46  ... 

Histogram: Blink.HTMLFastPathParser.TotalParseTime2 recorded 49 samples, mean = 22.6 (flags = 0x41)
0   O                                                                         (0 = 0.0%)
1   --O                                                                       (2 = 4.1%) {0.0%}
2   ------O                                                                   (6 = 12.2%) {4.1%}
3   ----O                                                                     (4 = 8.2%) {16.3%}
4   --O                                                                       (2 = 4.1%) {24.5%}
5   ----O                                                                     (4 = 8.2%) {28.6%}
6   --O                                                                       (2 = 4.1%) {36.7%}
7   -O                                                                        (1 = 2.0%) {40.8%}
8   ---O                                                                      (3 = 6.1%) {42.9%}
9   -O                                                                        (1 = 2.0%) {49.0%}
10  --O                                                                       (2 = 4.1%) {51.0%}
11  -O                                                                        (1 = 2.0%) {55.1%}
12  O                                                                         (0 = 0.0%) {57.1%}
13  --O                                                                       (2 = 4.1%) {57.1%}
14  -O                                                                        (1 = 2.0%) {61.2%}
15  ... 
17  -O                                                                        (1 = 2.0%) {63.3%}
18  ... 
23  -O                                                                        (1 = 2.0%) {65.3%}
25  --O                                                                       (2 = 4.1%) {67.3%}
27  ... 
31  -O                                                                        (1 = 2.0%) {71.4%}
34  -O                                                                        (1 = 2.0%) {73.5%}
37  -O                                                                        (1 = 2.0%) {75.5%}
40  ... 
46  -O                                                                        (1 = 2.0%) {77.6%}
50  O                                                                         (0 = 0.0%) {79.6%}
54  -O                                                                        (1 = 2.0%) {79.6%}
58  -O                                                                        (1 = 2.0%) {81.6%}
63  ----O                                                                     (4 = 8.2%) {83.7%}
68  --O                                                                       (2 = 4.1%) {91.8%}
74  -O                                                                        (1 = 2.0%) {95.9%}
80  -O                                                                        (1 = 2.0%) {98.0%}
86  ... 

Histogram: Blink.HTMLParsing.ChunkCount4 recorded 1 samples, mean = 1.0 (flags = 0x41)
0  O                                                                         (0 = 0.0%)
1  -O                                                                        (1 = 100.0%) {0.0%}
2  ... 

Histogram: Blink.HTMLParsing.InputCharacterCount4 recorded 1 samples, mean = 138948.0 (flags = 0x41)
0       ... 
102126  -O                                                                        (1 = 100.0%) {0.0%}
141691  ... 

Histogram: Blink.HTMLParsing.ParsingTimeMax4 recorded 1 samples, mean = 1809.0 (flags = 0x41)
0     ... 
1791  -O                                                                        (1 = 100.0%) {0.0%}
1819  ... 

Histogram: Blink.HTMLParsing.ParsingTimeMin4 recorded 1 samples, mean = 1809.0 (flags = 0x41)
0     ... 
1724  -O                                                                        (1 = 100.0%) {0.0%}
1963  ... 

Histogram: Blink.HTMLParsing.ParsingTimeTotal4 recorded 1 samples, mean = 1809.0 (flags = 0x41)
0     ... 
1791  -O                                                                        (1 = 100.0%) {0.0%}
1819  ... 

Histogram: Blink.HTMLParsing.PreloadRequestCount recorded 1 samples, mean = 33.0 (flags = 0x41)
0   ... 
33  -O                                                                        (1 = 100.0%) {0.0%}
37  ... 

Histogram: Blink.HTMLParsing.TimeToDeferredPumpTokenizer4 recorded 1 samples, mean = 301.0 (flags = 0x41)
0    ... 
281  -O                                                                        (1 = 100.0%) {0.0%}
320  ... 

Histogram: Blink.HTMLParsing.TokensParsedAverage4 recorded 1 samples, mean = 127.0 (flags = 0x41)
0    ... 
113  -O                                                                        (1 = 100.0%) {0.0%}
149  ... 

Histogram: Blink.HTMLParsing.TokensParsedMax4 recorded 1 samples, mean = 127.0 (flags = 0x41)
0    ... 
113  -O                                                                        (1 = 100.0%) {0.0%}
149  ... 

Histogram: Blink.HTMLParsing.TokensParsedMin4 recorded 1 samples, mean = 127.0 (flags = 0x41)
0    ... 
114  -O                                                                        (1 = 100.0%) {0.0%}
135  ... 

Histogram: Blink.HTMLParsing.TokensParsedTotal4 recorded 1 samples, mean = 127.0 (flags = 0x41)
0    ... 
105  -O                                                                        (1 = 100.0%) {0.0%}
146  ... 

Histogram: Blink.HTMLParsing.YieldedTimeAverage4 recorded 1 samples, mean = 286.0 (flags = 0x41)
0    ... 
270  -O                                                                        (1 = 100.0%) {0.0%}
315  ... 

Histogram: Blink.HTMLParsing.YieldedTimeMax4 recorded 1 samples, mean = 304.0 (flags = 0x41)
0    ... 
303  -O                                                                        (1 = 100.0%) {0.0%}
308  ... 

Histogram: Blink.HTMLParsing.YieldedTimeMin4 recorded 1 samples, mean = 268.0 (flags = 0x41)
0    ... 
231  -O                                                                        (1 = 100.0%) {0.0%}
270  ... 

Histogram: Blink.History.VisitedLinks.IsLinkStyledAsVisited recorded 15 samples, mean = 0.0 (flags = 0x41)
0  ---------------O                                                          (15 = 100.0%)
1  ... 

Histogram: Blink.JavascriptDocumentUpdate.UpdateTime.PreFCP recorded 1 samples, mean = 16225.0 (flags = 0x41)
0      ... 
14319  -O                                                                        (1 = 100.0%) {0.0%}
19866  ... 

Histogram: Blink.Layout.InlineNode.ShapeText.MaxTime.InOutermostMainFrame3 recorded 1 samples, mean = 0.0 (flags = 0x41)
0  -O                                                                        (1 = 100.0%)
1  ... 

Histogram: Blink.Layout.InlineNode.ShapeText.TotalTime.InOutermostMainFrame3 recorded 1 samples, mean = 0.0 (flags = 0x41)
0  -O                                                                        (1 = 100.0%)
1  ... 

Histogram: Blink.Layout.SVGImage.Count.InOutermostMainFrame recorded 1 samples, mean = 0.0 (flags = 0x41)
0  -O                                                                        (1 = 100.0%)
1  ... 

Histogram: Blink.Layout.SVGImage.TotalTime.InOutermostMainFrame recorded 1 samples, mean = 0.0 (flags = 0x41)
0  -O                                                                        (1 = 100.0%)
1  ... 

Histogram: Blink.MainFrame.UpdateTime.PreFCP recorded 24 samples, mean = 2085.8 (flags = 0x41)
0      ... 
40     -O                                                                        (1 = 4.2%) {0.0%}
55     ... 
105    --------O                                                                 (8 = 33.3%) {4.2%}
146    ---O                                                                      (3 = 12.5%) {37.5%}
203    ---O                                                                      (3 = 12.5%) {50.0%}
282    O                                                                         (0 = 0.0%) {62.5%}
391    -O                                                                        (1 = 4.2%) {62.5%}
542    -O                                                                        (1 = 4.2%) {66.7%}
752    -O                                                                        (1 = 4.2%) {70.8%}
1043   -O                                                                        (1 = 4.2%) {75.0%}
1447   -O                                                                        (1 = 4.2%) {79.2%}
2008   ... 
3865   -O                                                                        (1 = 4.2%) {83.3%}
5362   -O                                                                        (1 = 4.2%) {87.5%}
7439   -O                                                                        (1 = 4.2%) {91.7%}
10321  ... 
19866  -O                                                                        (1 = 4.2%) {95.8%}
27562  ... 

Histogram: Blink.MemoryCache.RevalidationPolicy.AsyncScript recorded 48 samples, mean = 1.6 (flags = 0x41)
0  -----------------------O                                                  (23 = 47.9%)
1  ... 
3  -------------------------O                                                (25 = 52.1%) {47.9%}
4  ... 

Histogram: Blink.MemoryCache.RevalidationPolicy.CSSStyleSheet recorded 8 samples, mean = 0.0 (flags = 0x41)
0  --------O                                                                 (8 = 100.0%)
1  ... 

Histogram: Blink.MemoryCache.RevalidationPolicy.Dead.CSSStyleSheet recorded 1 samples, mean = 0.0 (flags = 0x41)
0  -O                                                                        (1 = 100.0%)
1  ... 

Histogram: Blink.MemoryCache.RevalidationPolicy.Dead.Font recorded 2 samples, mean = 0.0 (flags = 0x41)
0  --O                                                                       (2 = 100.0%)
1  ... 

Histogram: Blink.MemoryCache.RevalidationPolicy.Dead.Script recorded 22 samples, mean = 0.0 (flags = 0x41)
0  ----------------------O                                                   (22 = 100.0%)
1  ... 

Histogram: Blink.MemoryCache.RevalidationPolicy.Font recorded 23 samples, mean = 4.0 (flags = 0x41)
0  -O                                                                        (1 = 4.3%)
1  ... 
4  ------------------O                                                       (18 = 78.3%) {4.3%}
5  ----O                                                                     (4 = 17.4%) {82.6%}
6  O                                                                         (0 = 0.0%) {100.0%}

Histogram: Blink.MemoryCache.RevalidationPolicy.Image recorded 27 samples, mean = 4.0 (flags = 0x41)
0  ... 
3  -O                                                                        (1 = 3.7%) {0.0%}
4  --------------------------O                                               (26 = 96.3%) {3.7%}
5  ... 

Histogram: Blink.MemoryCache.RevalidationPolicy.Manifest recorded 1 samples, mean = 3.0 (flags = 0x41)
0  ... 
3  -O                                                                        (1 = 100.0%) {0.0%}
4  ... 

Histogram: Blink.MemoryCache.RevalidationPolicy.Preload.CSSStyleSheet recorded 15 samples, mean = 1.6 (flags = 0x41)
0  -------O                                                                  (7 = 46.7%)
1  ... 
3  --------O                                                                 (8 = 53.3%) {46.7%}
4  ... 

Histogram: Blink.MemoryCache.RevalidationPolicy.Preload.Font recorded 2 samples, mean = 1.5 (flags = 0x41)
0  -O                                                                        (1 = 50.0%)
1  ... 
3  -O                                                                        (1 = 50.0%) {50.0%}
4  ... 

Histogram: Blink.MemoryCache.RevalidationPolicy.Preload.Script recorded 24 samples, mean = 2.8 (flags = 0x41)
0  --O                                                                       (2 = 8.3%)
1  ... 
3  ----------------------O                                                   (22 = 91.7%) {8.3%}
4  ... 

Histogram: Blink.MemoryCache.RevalidationPolicy.Raw recorded 5 samples, mean = 3.0 (flags = 0x41)
0  ... 
3  -----O                                                                    (5 = 100.0%) {0.0%}
4  ... 

Histogram: Blink.MemoryCache.RevalidationPolicy.Script recorded 26 samples, mean = 0.5 (flags = 0x41)
0  ----------------------O                                                   (22 = 84.6%)
1  ... 
3  ----O                                                                     (4 = 15.4%) {84.6%}
4  ... 

Histogram: Blink.PreloadRequestStartDuration recorded 41 samples, mean = 97.3 (flags = 0x41)
0    ... 
15   -O                                                                        (1 = 2.4%) {0.0%}
21   ---O                                                                      (3 = 7.3%) {2.4%}
29   -------O                                                                  (7 = 17.1%) {9.8%}
40   ----O                                                                     (4 = 9.8%) {26.8%}
55   ------O                                                                   (6 = 14.6%) {36.6%}
76   ----------O                                                               (10 = 24.4%) {51.2%}
105  ----O                                                                     (4 = 9.8%) {75.6%}
146  --O                                                                       (2 = 4.9%) {85.4%}
203  ---O                                                                      (3 = 7.3%) {90.2%}
282  ... 
542  -O                                                                        (1 = 2.4%) {97.6%}
752  ... 

Histogram: Blink.PreloadRequestWaitTime recorded 31 samples, mean = 1.7 (flags = 0x41)
0  O                                                                         (0 = 0.0%)
1  -------------O                                                            (13 = 41.9%) {0.0%}
2  ---------------O                                                          (15 = 48.4%) {41.9%}
3  ---O                                                                      (3 = 9.7%) {90.3%}
4  ... 

Histogram: Blink.PrepareToStopParsingTime recorded 32 samples, mean = 0.5 (flags = 0x41)
0   -------------------------------O                                          (31 = 96.9%)
1   ... 
14  -O                                                                        (1 = 3.1%) {96.9%}
17  ... 

Histogram: Blink.PumpTokenizerTime recorded 61 samples, mean = 0.2 (flags = 0x41)
0   -----------------------------------------------------------O              (59 = 96.7%)
1   O                                                                         (0 = 0.0%) {96.7%}
2   -O                                                                        (1 = 1.6%) {96.7%}
3   ... 
10  -O                                                                        (1 = 1.6%) {98.4%}
12  ... 

Histogram: Blink.ResourceRequest.BackgroundResourceFetchSupportStatus recorded 46 samples, mean = 0.1 (flags = 0x41)
0  --------------------------------------------O                             (44 = 95.7%)
1  O                                                                         (0 = 0.0%) {95.7%}
2  --O                                                                       (2 = 4.3%) {95.7%}
3  ... 

Histogram: Blink.ResourceRequest.CompletionDelay2 recorded 46 samples, mean = 8.2 (flags = 0x41)
0   -------------O                                                            (13 = 28.3%)
1   -O                                                                        (1 = 2.2%) {28.3%}
2   O                                                                         (0 = 0.0%) {30.4%}
3   -O                                                                        (1 = 2.2%) {30.4%}
4   ----O                                                                     (4 = 8.7%) {32.6%}
5   ... 
8   ------O                                                                   (6 = 13.0%) {41.3%}
10  ------O                                                                   (6 = 13.0%) {54.3%}
12  ---O                                                                      (3 = 6.5%) {67.4%}
14  --------O                                                                 (8 = 17.4%) {73.9%}
17  --O                                                                       (2 = 4.3%) {91.3%}
20  -O                                                                        (1 = 2.2%) {95.7%}
24  -O                                                                        (1 = 2.2%) {97.8%}
29  ... 

Histogram: Blink.ResourceRequest.RedirectDelay2 recorded 2 samples, mean = 14.0 (flags = 0x41)
0   O                                                                         (0 = 0.0%)
1   -O                                                                        (1 = 50.0%) {0.0%}
2   ... 
24  -O                                                                        (1 = 50.0%) {50.0%}
29  ... 

Histogram: Blink.ResourceRequest.ResponseDelay2 recorded 46 samples, mean = 9.2 (flags = 0x41)
0   --------------O                                                           (14 = 30.4%)
1   --O                                                                       (2 = 4.3%) {30.4%}
2   -O                                                                        (1 = 2.2%) {34.8%}
3   -O                                                                        (1 = 2.2%) {37.0%}
4   -O                                                                        (1 = 2.2%) {39.1%}
5   ... 
10  ----O                                                                     (4 = 8.7%) {41.3%}
12  --O                                                                       (2 = 4.3%) {50.0%}
14  -----------------O                                                        (17 = 37.0%) {54.3%}
17  --O                                                                       (2 = 4.3%) {91.3%}
20  O                                                                         (0 = 0.0%) {95.7%}
24  --O                                                                       (2 = 4.3%) {95.7%}
29  ... 

Histogram: Blink.ResourceRequest.StartDelay2 recorded 46 samples, mean = 235.7 (flags = 0x41)
0     -O                                                                        (1 = 2.2%)
1     ... 
8     -O                                                                        (1 = 2.2%) {2.2%}
10    ... 
17    --O                                                                       (2 = 4.3%) {4.3%}
20    ... 
29    ---O                                                                      (3 = 6.5%) {8.7%}
34    -O                                                                        (1 = 2.2%) {15.2%}
40    ... 
68    --O                                                                       (2 = 4.3%) {17.4%}
81    ----------------------O                                                   (22 = 47.8%) {21.7%}
96    ------O                                                                   (6 = 13.0%) {69.6%}
114   ... 
752   -------O                                                                  (7 = 15.2%) {82.6%}
894   ... 
2117  -O                                                                        (1 = 2.2%) {97.8%}
2516  ... 

Histogram: Blink.ScanAndPreloadTime.MainFrame.Initial recorded 1 samples, mean = 3.0 (flags = 0x41)
0  ... 
3  -O                                                                        (1 = 100.0%) {0.0%}
4  ... 

Histogram: Blink.ScanAndPreloadTime.MainFrame.NonInitial recorded 1 samples, mean = 0.0 (flags = 0x41)
0  -O                                                                        (1 = 100.0%)
1  ... 

Histogram: Blink.ScanAndPreloadTime2.MainFrame.Initial recorded 1 samples, mean = 3591.0 (flags = 0x41)
0     ... 
2786  -O                                                                        (1 = 100.0%) {0.0%}
3865  ... 

Histogram: Blink.ScanAndPreloadTime2.MainFrame.NonInitial recorded 1 samples, mean = 9.0 (flags = 0x41)
0  ... 
8  -O                                                                        (1 = 100.0%) {0.0%}
11 ... 

Histogram: Blink.ScanAndPreloadTime2.Preload.MainFrame.Initial recorded 1 samples, mean = 2589.0 (flags = 0x41)
0     ... 
2008  -O                                                                        (1 = 100.0%) {0.0%}
2786  ... 

Histogram: Blink.ScanAndPreloadTime2.Preload.MainFrame.NonInitial recorded 1 samples, mean = 1.0 (flags = 0x41)
0  O                                                                         (0 = 0.0%)
1  -O                                                                        (1 = 100.0%) {0.0%}
2  ... 

Histogram: Blink.ScanAndPreloadTime2.Scan.MainFrame.Initial recorded 1 samples, mean = 975.0 (flags = 0x41)
0    ... 
752  -O                                                                        (1 = 100.0%) {0.0%}
1043 ... 

Histogram: Blink.ScanAndPreloadTime2.Scan.MainFrame.NonInitial recorded 1 samples, mean = 1.0 (flags = 0x41)
0  O                                                                         (0 = 0.0%)
1  -O                                                                        (1 = 100.0%) {0.0%}
2  ... 

Histogram: Blink.Script.AsyncScript.FromReadyToStartExecution.Time recorded 26 samples, mean = 1.9 (flags = 0x41)
0   -----------------O                                                        (17 = 65.4%)
1   ---O                                                                      (3 = 11.5%) {65.4%}
2   ----O                                                                     (4 = 15.4%) {76.9%}
3   ... 
10  -O                                                                        (1 = 3.8%) {92.3%}
13  ... 
25  -O                                                                        (1 = 3.8%) {96.2%}
32  ... 

Histogram: Blink.Script.SchedulingType recorded 41 samples, mean = 5.3 (flags = 0x41)
0  ... 
3  -O                                                                        (1 = 2.4%) {0.0%}
4  O                                                                         (0 = 0.0%) {2.4%}
5  -------------------------O                                                (25 = 61.0%) {2.4%}
6  ---------------O                                                          (15 = 36.6%) {63.4%}
7  ... 

Histogram: Blink.UseCounter.AnimatedCSSProperties recorded 1 samples, mean = 1.0 (flags = 0x41)
0  O                                                                         (0 = 0.0%)
1  -O                                                                        (1 = 100.0%) {0.0%}
2  ... 

Histogram: Blink.UseCounter.CSSProperties recorded 96 samples, mean = 275.0 (flags = 0x41)
0    O                                                                         (0 = 0.0%)
1    -O                                                                        (1 = 1.0%) {0.0%}
2    -O                                                                        (1 = 1.0%) {1.0%}
3    -O                                                                        (1 = 1.0%) {2.1%}
4    -O                                                                        (1 = 1.0%) {3.1%}
5    -O                                                                        (1 = 1.0%) {4.2%}
6    -O                                                                        (1 = 1.0%) {5.2%}
7    -O                                                                        (1 = 1.0%) {6.2%}
8    -O                                                                        (1 = 1.0%) {7.3%}
9    O                                                                         (0 = 0.0%) {8.3%}
10   -O                                                                        (1 = 1.0%) {8.3%}
11   ... 
14   -O                                                                        (1 = 1.0%) {9.4%}
15   ... 
20   -O                                                                        (1 = 1.0%) {10.4%}
21   -O                                                                        (1 = 1.0%) {11.5%}
22   ... 
24   -O                                                                        (1 = 1.0%) {12.5%}
25   ... 
34   -O                                                                        (1 = 1.0%) {13.5%}
35   ... 
42   -O                                                                        (1 = 1.0%) {14.6%}
43   ... 
53   -O                                                                        (1 = 1.0%) {15.6%}
54   ... 
59   -O                                                                        (1 = 1.0%) {16.7%}
60   ... 
66   -O                                                                        (1 = 1.0%) {17.7%}
67   ... 
69   -O                                                                        (1 = 1.0%) {18.8%}
70   ... 
72   -O                                                                        (1 = 1.0%) {19.8%}
73   O                                                                         (0 = 0.0%) {20.8%}
74   -O                                                                        (1 = 1.0%) {20.8%}
75   ... 
77   -O                                                                        (1 = 1.0%) {21.9%}
78   ... 
81   -O                                                                        (1 = 1.0%) {22.9%}
82   ... 
84   -O                                                                        (1 = 1.0%) {24.0%}
85   ... 
89   -O                                                                        (1 = 1.0%) {25.0%}
90   ... 
95   -O                                                                        (1 = 1.0%) {26.0%}
96   -O                                                                        (1 = 1.0%) {27.1%}
97   -O                                                                        (1 = 1.0%) {28.1%}
98   -O                                                                        (1 = 1.0%) {29.2%}
99   O                                                                         (0 = 0.0%) {30.2%}
100  -O                                                                        (1 = 1.0%) {30.2%}
101  ... 
105  -O                                                                        (1 = 1.0%) {31.2%}
106  -O                                                                        (1 = 1.0%) {32.3%}
107  -O                                                                        (1 = 1.0%) {33.3%}
108  O                                                                         (0 = 0.0%) {34.4%}
109  -O                                                                        (1 = 1.0%) {34.4%}
110  ... 
118  -O                                                                        (1 = 1.0%) {35.4%}
119  -O                                                                        (1 = 1.0%) {36.5%}
120  ... 
124  -O                                                                        (1 = 1.0%) {37.5%}
125  ... 
127  -O                                                                        (1 = 1.0%) {38.5%}
128  -O                                                                        (1 = 1.0%) {39.6%}
129  -O                                                                        (1 = 1.0%) {40.6%}
130  ... 
143  -O                                                                        (1 = 1.0%) {41.7%}
144  ... 
150  -O                                                                        (1 = 1.0%) {42.7%}
151  O                                                                         (0 = 0.0%) {43.8%}
152  -O                                                                        (1 = 1.0%) {43.8%}
153  -O                                                                        (1 = 1.0%) {44.8%}
154  -O                                                                        (1 = 1.0%) {45.8%}
155  O                                                                         (0 = 0.0%) {46.9%}
156  -O                                                                        (1 = 1.0%) {46.9%}
157  -O                                                                        (1 = 1.0%) {47.9%}
158  O                                                                         (0 = 0.0%) {49.0%}
159  -O                                                                        (1 = 1.0%) {49.0%}
160  O                                                                         (0 = 0.0%) {50.0%}
161  -O                                                                        (1 = 1.0%) {50.0%}
162  ... 
164  -O                                                                        (1 = 1.0%) {51.0%}
165  -O                                                                        (1 = 1.0%) {52.1%}
166  ... 
175  -O                                                                        (1 = 1.0%) {53.1%}
176  ... 
231  -O                                                                        (1 = 1.0%) {54.2%}
232  -O                                                                        (1 = 1.0%) {55.2%}
233  O                                                                         (0 = 0.0%) {56.2%}
234  -O                                                                        (1 = 1.0%) {56.2%}
235  -O                                                                        (1 = 1.0%) {57.3%}
236  O                                                                         (0 = 0.0%) {58.3%}
237  -O                                                                        (1 = 1.0%) {58.3%}
238  -O                                                                        (1 = 1.0%) {59.4%}
239  -O                                                                        (1 = 1.0%) {60.4%}
240  -O                                                                        (1 = 1.0%) {61.5%}
241  O                                                                         (0 = 0.0%) {62.5%}
242  -O                                                                        (1 = 1.0%) {62.5%}
243  ... 
303  -O                                                                        (1 = 1.0%) {63.5%}
304  ... 
369  -O                                                                        (1 = 1.0%) {64.6%}
370  -O                                                                        (1 = 1.0%) {65.6%}
371  ... 
415  -O                                                                        (1 = 1.0%) {66.7%}
416  ... 
432  -O                                                                        (1 = 1.0%) {67.7%}
433  -O                                                                        (1 = 1.0%) {68.8%}
434  ... 
437  -O                                                                        (1 = 1.0%) {69.8%}
438  ... 
446  -O                                                                        (1 = 1.0%) {70.8%}
447  ... 
508  -O                                                                        (1 = 1.0%) {71.9%}
509  ... 
514  -O                                                                        (1 = 1.0%) {72.9%}
515  -O                                                                        (1 = 1.0%) {74.0%}
516  -O                                                                        (1 = 1.0%) {75.0%}
517  ... 
537  -O                                                                        (1 = 1.0%) {76.0%}
538  ... 
549  -O                                                                        (1 = 1.0%) {77.1%}
550  ... 
563  -O                                                                        (1 = 1.0%) {78.1%}
564  ... 
591  -O                                                                        (1 = 1.0%) {79.2%}
592  -O                                                                        (1 = 1.0%) {80.2%}
593  O                                                                         (0 = 0.0%) {81.2%}
594  -O                                                                        (1 = 1.0%) {81.2%}
595  -O                                                                        (1 = 1.0%) {82.3%}
596  ... 
598  -O                                                                        (1 = 1.0%) {83.3%}
599  -O                                                                        (1 = 1.0%) {84.4%}
600  ... 
618  -O                                                                        (1 = 1.0%) {85.4%}
619  -O                                                                        (1 = 1.0%) {86.5%}
620  -O                                                                        (1 = 1.0%) {87.5%}
621  -O                                                                        (1 = 1.0%) {88.5%}
622  ... 
636  -O                                                                        (1 = 1.0%) {89.6%}
637  ... 
657  -O                                                                        (1 = 1.0%) {90.6%}
658  -O                                                                        (1 = 1.0%) {91.7%}
659  ... 
662  -O                                                                        (1 = 1.0%) {92.7%}
663  ... 
672  -O                                                                        (1 = 1.0%) {93.8%}
673  -O                                                                        (1 = 1.0%) {94.8%}
674  O                                                                         (0 = 0.0%) {95.8%}
675  -O                                                                        (1 = 1.0%) {95.8%}
676  ... 
696  -O                                                                        (1 = 1.0%) {96.9%}
697  ... 
746  -O                                                                        (1 = 1.0%) {97.9%}
747  ... 
770  -O                                                                        (1 = 1.0%) {99.0%}
771  ... 

Histogram: Blink.UseCounter.Features recorded 164 samples, mean = 2172.6 (flags = 0x41)
0     ... 
13    -O                                                                        (1 = 0.6%) {0.0%}
14    ... 
16    -O                                                                        (1 = 0.6%) {0.6%}
17    ... 
52    -O                                                                        (1 = 0.6%) {1.2%}
53    ... 
69    -O                                                                        (1 = 0.6%) {1.8%}
70    ... 
123   -O                                                                        (1 = 0.6%) {2.4%}
124   -O                                                                        (1 = 0.6%) {3.0%}
125   -O                                                                        (1 = 0.6%) {3.7%}
126   ... 
138   -O                                                                        (1 = 0.6%) {4.3%}
139   ... 
240   -O                                                                        (1 = 0.6%) {4.9%}
241   ... 
250   -O                                                                        (1 = 0.6%) {5.5%}
251   ... 
429   -O                                                                        (1 = 0.6%) {6.1%}
430   -O                                                                        (1 = 0.6%) {6.7%}
431   -O                                                                        (1 = 0.6%) {7.3%}
432   -O                                                                        (1 = 0.6%) {7.9%}
433   ... 
469   -O                                                                        (1 = 0.6%) {8.5%}
470   ... 
494   -O                                                                        (1 = 0.6%) {9.1%}
495   ... 
522   -O                                                                        (1 = 0.6%) {9.8%}
523   -O                                                                        (1 = 0.6%) {10.4%}
524   -O                                                                        (1 = 0.6%) {11.0%}
525   ... 
540   -O                                                                        (1 = 0.6%) {11.6%}
541   ... 
587   -O                                                                        (1 = 0.6%) {12.2%}
588   -O                                                                        (1 = 0.6%) {12.8%}
589   ... 
675   -O                                                                        (1 = 0.6%) {13.4%}
676   ... 
710   -O                                                                        (1 = 0.6%) {14.0%}
711   -O                                                                        (1 = 0.6%) {14.6%}
712   -O                                                                        (1 = 0.6%) {15.2%}
713   ... 
717   -O                                                                        (1 = 0.6%) {15.9%}
718   ... 
730   -O                                                                        (1 = 0.6%) {16.5%}
731   ... 
744   -O                                                                        (1 = 0.6%) {17.1%}
745   ... 
780   -O                                                                        (1 = 0.6%) {17.7%}
781   -O                                                                        (1 = 0.6%) {18.3%}
782   ... 
786   -O                                                                        (1 = 0.6%) {18.9%}
787   -O                                                                        (1 = 0.6%) {19.5%}
788   ... 
804   -O                                                                        (1 = 0.6%) {20.1%}
805   ... 
900   -O                                                                        (1 = 0.6%) {20.7%}
901   -O                                                                        (1 = 0.6%) {21.3%}
902   ... 
907   -O                                                                        (1 = 0.6%) {22.0%}
908   ... 
954   -O                                                                        (1 = 0.6%) {22.6%}
955   ... 
970   -O                                                                        (1 = 0.6%) {23.2%}
971   O                                                                         (0 = 0.0%) {23.8%}
972   -O                                                                        (1 = 0.6%) {23.8%}
973   -O                                                                        (1 = 0.6%) {24.4%}
974   ... 
976   -O                                                                        (1 = 0.6%) {25.0%}
977   ... 
1023  -O                                                                        (1 = 0.6%) {25.6%}
1024  ... 
1069  -O                                                                        (1 = 0.6%) {26.2%}
1070  -O                                                                        (1 = 0.6%) {26.8%}
1071  ... 
1075  -O                                                                        (1 = 0.6%) {27.4%}
1076  -O                                                                        (1 = 0.6%) {28.0%}
1077  ... 
1124  -O                                                                        (1 = 0.6%) {28.7%}
1125  ... 
1302  -O                                                                        (1 = 0.6%) {29.3%}
1303  ... 
1347  -O                                                                        (1 = 0.6%) {29.9%}
1348  ... 
1351  -O                                                                        (1 = 0.6%) {30.5%}
1352  ... 
1354  -O                                                                        (1 = 0.6%) {31.1%}
1355  ... 
1368  -O                                                                        (1 = 0.6%) {31.7%}
1369  ... 
1417  -O                                                                        (1 = 0.6%) {32.3%}
1418  ... 
1441  -O                                                                        (1 = 0.6%) {32.9%}
1442  ... 
1467  -O                                                                        (1 = 0.6%) {33.5%}
1468  ... 
1502  -O                                                                        (1 = 0.6%) {34.1%}
1503  ... 
1692  -O                                                                        (1 = 0.6%) {34.8%}
1693  -O                                                                        (1 = 0.6%) {35.4%}
1694  ... 
1827  -O                                                                        (1 = 0.6%) {36.0%}
1828  ... 
2013  -O                                                                        (1 = 0.6%) {36.6%}
2014  ... 
2077  -O                                                                        (1 = 0.6%) {37.2%}
2078  ... 
2094  -O                                                                        (1 = 0.6%) {37.8%}
2095  O                                                                         (0 = 0.0%) {38.4%}
2096  -O                                                                        (1 = 0.6%) {38.4%}
2097  ... 
2100  -O                                                                        (1 = 0.6%) {39.0%}
2101  ... 
2112  -O                                                                        (1 = 0.6%) {39.6%}
2113  ... 
2121  -O                                                                        (1 = 0.6%) {40.2%}
2122  ... 
2157  -O                                                                        (1 = 0.6%) {40.9%}
2158  ... 
2188  -O                                                                        (1 = 0.6%) {41.5%}
2189  O                                                                         (0 = 0.0%) {42.1%}
2190  -O                                                                        (1 = 0.6%) {42.1%}
2191  -O                                                                        (1 = 0.6%) {42.7%}
2192  ... 
2195  -O                                                                        (1 = 0.6%) {43.3%}
2196  ... 
2203  -O                                                                        (1 = 0.6%) {43.9%}
2204  -O                                                                        (1 = 0.6%) {44.5%}
2205  ... 
2217  -O                                                                        (1 = 0.6%) {45.1%}
2218  ... 
2226  -O                                                                        (1 = 0.6%) {45.7%}
2227  O                                                                         (0 = 0.0%) {46.3%}
2228  -O                                                                        (1 = 0.6%) {46.3%}
2229  -O                                                                        (1 = 0.6%) {47.0%}
2230  ... 
2236  -O                                                                        (1 = 0.6%) {47.6%}
2237  ... 
2298  -O                                                                        (1 = 0.6%) {48.2%}
2299  ... 
2314  -O                                                                        (1 = 0.6%) {48.8%}
2315  ... 
2319  -O                                                                        (1 = 0.6%) {49.4%}
2320  ... 
2322  -O                                                                        (1 = 0.6%) {50.0%}
2323  ... 
2347  -O                                                                        (1 = 0.6%) {50.6%}
2348  ... 
2355  -O                                                                        (1 = 0.6%) {51.2%}
2356  ... 
2361  -O                                                                        (1 = 0.6%) {51.8%}
2362  ... 
2387  -O                                                                        (1 = 0.6%) {52.4%}
2388  -O                                                                        (1 = 0.6%) {53.0%}
2389  ... 
2399  -O                                                                        (1 = 0.6%) {53.7%}
2400  ... 
2413  -O                                                                        (1 = 0.6%) {54.3%}
2414  ... 
2429  -O                                                                        (1 = 0.6%) {54.9%}
2430  O                                                                         (0 = 0.0%) {55.5%}
2431  -O                                                                        (1 = 0.6%) {55.5%}
2432  ... 
2487  -O                                                                        (1 = 0.6%) {56.1%}
2488  ... 
2518  -O                                                                        (1 = 0.6%) {56.7%}
2519  ... 
2598  -O                                                                        (1 = 0.6%) {57.3%}
2599  ... 
2618  -O                                                                        (1 = 0.6%) {57.9%}
2619  ... 
2654  -O                                                                        (1 = 0.6%) {58.5%}
2655  -O                                                                        (1 = 0.6%) {59.1%}
2656  -O                                                                        (1 = 0.6%) {59.8%}
2657  -O                                                                        (1 = 0.6%) {60.4%}
2658  -O                                                                        (1 = 0.6%) {61.0%}
2659  -O                                                                        (1 = 0.6%) {61.6%}
2660  -O                                                                        (1 = 0.6%) {62.2%}
2661  -O                                                                        (1 = 0.6%) {62.8%}
2662  -O                                                                        (1 = 0.6%) {63.4%}
2663  -O                                                                        (1 = 0.6%) {64.0%}
2664  ... 
2699  -O                                                                        (1 = 0.6%) {64.6%}
2700  -O                                                                        (1 = 0.6%) {65.2%}
2701  -O                                                                        (1 = 0.6%) {65.9%}
2702  -O                                                                        (1 = 0.6%) {66.5%}
2703  -O                                                                        (1 = 0.6%) {67.1%}
2704  -O                                                                        (1 = 0.6%) {67.7%}
2705  -O                                                                        (1 = 0.6%) {68.3%}
2706  -O                                                                        (1 = 0.6%) {68.9%}
2707  -O                                                                        (1 = 0.6%) {69.5%}
2708  ... 
2710  -O                                                                        (1 = 0.6%) {70.1%}
2711  -O                                                                        (1 = 0.6%) {70.7%}
2712  ... 
2716  -O                                                                        (1 = 0.6%) {71.3%}
2717  ... 
2723  -O                                                                        (1 = 0.6%) {72.0%}
2724  ... 
2738  -O                                                                        (1 = 0.6%) {72.6%}
2739  ... 
2769  -O                                                                        (1 = 0.6%) {73.2%}
2770  ... 
2841  -O                                                                        (1 = 0.6%) {73.8%}
2842  ... 
2903  -O                                                                        (1 = 0.6%) {74.4%}
2904  -O                                                                        (1 = 0.6%) {75.0%}
2905  ... 
2927  -O                                                                        (1 = 0.6%) {75.6%}
2928  ... 
2935  -O                                                                        (1 = 0.6%) {76.2%}
2936  ... 
3004  -O                                                                        (1 = 0.6%) {76.8%}
3005  ... 
3019  -O                                                                        (1 = 0.6%) {77.4%}
3020  -O                                                                        (1 = 0.6%) {78.0%}
3021  ... 
3028  -O                                                                        (1 = 0.6%) {78.7%}
3029  ... 
3066  -O                                                                        (1 = 0.6%) {79.3%}
3067  ... 
3157  -O                                                                        (1 = 0.6%) {79.9%}
3158  ... 
3198  -O                                                                        (1 = 0.6%) {80.5%}
3199  ... 
3254  -O                                                                        (1 = 0.6%) {81.1%}
3255  ... 
3258  -O                                                                        (1 = 0.6%) {81.7%}
3259  ... 
3275  -O                                                                        (1 = 0.6%) {82.3%}
3276  ... 
3279  -O                                                                        (1 = 0.6%) {82.9%}
3280  ... 
3307  -O                                                                        (1 = 0.6%) {83.5%}
3308  -O                                                                        (1 = 0.6%) {84.1%}
3309  ... 
3349  -O                                                                        (1 = 0.6%) {84.8%}
3350  ... 
3359  -O                                                                        (1 = 0.6%) {85.4%}
3360  ... 
3444  -O                                                                        (1 = 0.6%) {86.0%}
3445  ... 
3789  -O                                                                        (1 = 0.6%) {86.6%}
3790  -O                                                                        (1 = 0.6%) {87.2%}
3791  ... 
3803  -O                                                                        (1 = 0.6%) {87.8%}
3804  ... 
3870  -O                                                                        (1 = 0.6%) {88.4%}
3871  ... 
3973  -O                                                                        (1 = 0.6%) {89.0%}
3974  ... 
4007  -O                                                                        (1 = 0.6%) {89.6%}
4008  ... 
4113  -O                                                                        (1 = 0.6%) {90.2%}
4114  ... 
4161  -O                                                                        (1 = 0.6%) {90.9%}
4162  ... 
4177  -O                                                                        (1 = 0.6%) {91.5%}
4178  ... 
4194  -O                                                                        (1 = 0.6%) {92.1%}
4195  O                                                                         (0 = 0.0%) {92.7%}
4196  -O                                                                        (1 = 0.6%) {92.7%}
4197  ... 
4240  -O                                                                        (1 = 0.6%) {93.3%}
4241  O                                                                         (0 = 0.0%) {93.9%}
4242  -O                                                                        (1 = 0.6%) {93.9%}
4243  ... 
4307  -O                                                                        (1 = 0.6%) {94.5%}
4308  ... 
4317  -O                                                                        (1 = 0.6%) {95.1%}
4318  ... 
4372  -O                                                                        (1 = 0.6%) {95.7%}
4373  ... 
4379  -O                                                                        (1 = 0.6%) {96.3%}
4380  ... 
4419  -O                                                                        (1 = 0.6%) {97.0%}
4420  ... 
4561  -O                                                                        (1 = 0.6%) {97.6%}
4562  ... 
4673  -O                                                                        (1 = 0.6%) {98.2%}
4674  ... 
4743  -O                                                                        (1 = 0.6%) {98.8%}
4744  ... 
4994  -O                                                                        (1 = 0.6%) {99.4%}
4995  ... 

Histogram: Blink.UseCounter.MainFrame.Features recorded 164 samples, mean = 2172.6 (flags = 0x41)
0     ... 
13    -O                                                                        (1 = 0.6%) {0.0%}
14    ... 
16    -O                                                                        (1 = 0.6%) {0.6%}
17    ... 
52    -O                                                                        (1 = 0.6%) {1.2%}
53    ... 
69    -O                                                                        (1 = 0.6%) {1.8%}
70    ... 
123   -O                                                                        (1 = 0.6%) {2.4%}
124   -O                                                                        (1 = 0.6%) {3.0%}
125   -O                                                                        (1 = 0.6%) {3.7%}
126   ... 
138   -O                                                                        (1 = 0.6%) {4.3%}
139   ... 
240   -O                                                                        (1 = 0.6%) {4.9%}
241   ... 
250   -O                                                                        (1 = 0.6%) {5.5%}
251   ... 
429   -O                                                                        (1 = 0.6%) {6.1%}
430   -O                                                                        (1 = 0.6%) {6.7%}
431   -O                                                                        (1 = 0.6%) {7.3%}
432   -O                                                                        (1 = 0.6%) {7.9%}
433   ... 
469   -O                                                                        (1 = 0.6%) {8.5%}
470   ... 
494   -O                                                                        (1 = 0.6%) {9.1%}
495   ... 
522   -O                                                                        (1 = 0.6%) {9.8%}
523   -O                                                                        (1 = 0.6%) {10.4%}
524   -O                                                                        (1 = 0.6%) {11.0%}
525   ... 
540   -O                                                                        (1 = 0.6%) {11.6%}
541   ... 
587   -O                                                                        (1 = 0.6%) {12.2%}
588   -O                                                                        (1 = 0.6%) {12.8%}
589   ... 
675   -O                                                                        (1 = 0.6%) {13.4%}
676   ... 
710   -O                                                                        (1 = 0.6%) {14.0%}
711   -O                                                                        (1 = 0.6%) {14.6%}
712   -O                                                                        (1 = 0.6%) {15.2%}
713   ... 
717   -O                                                                        (1 = 0.6%) {15.9%}
718   ... 
730   -O                                                                        (1 = 0.6%) {16.5%}
731   ... 
744   -O                                                                        (1 = 0.6%) {17.1%}
745   ... 
780   -O                                                                        (1 = 0.6%) {17.7%}
781   -O                                                                        (1 = 0.6%) {18.3%}
782   ... 
786   -O                                                                        (1 = 0.6%) {18.9%}
787   -O                                                                        (1 = 0.6%) {19.5%}
788   ... 
804   -O                                                                        (1 = 0.6%) {20.1%}
805   ... 
900   -O                                                                        (1 = 0.6%) {20.7%}
901   -O                                                                        (1 = 0.6%) {21.3%}
902   ... 
907   -O                                                                        (1 = 0.6%) {22.0%}
908   ... 
954   -O                                                                        (1 = 0.6%) {22.6%}
955   ... 
970   -O                                                                        (1 = 0.6%) {23.2%}
971   O                                                                         (0 = 0.0%) {23.8%}
972   -O                                                                        (1 = 0.6%) {23.8%}
973   -O                                                                        (1 = 0.6%) {24.4%}
974   ... 
976   -O                                                                        (1 = 0.6%) {25.0%}
977   ... 
1023  -O                                                                        (1 = 0.6%) {25.6%}
1024  ... 
1069  -O                                                                        (1 = 0.6%) {26.2%}
1070  -O                                                                        (1 = 0.6%) {26.8%}
1071  ... 
1075  -O                                                                        (1 = 0.6%) {27.4%}
1076  -O                                                                        (1 = 0.6%) {28.0%}
1077  ... 
1124  -O                                                                        (1 = 0.6%) {28.7%}
1125  ... 
1302  -O                                                                        (1 = 0.6%) {29.3%}
1303  ... 
1347  -O                                                                        (1 = 0.6%) {29.9%}
1348  ... 
1351  -O                                                                        (1 = 0.6%) {30.5%}
1352  ... 
1354  -O                                                                        (1 = 0.6%) {31.1%}
1355  ... 
1368  -O                                                                        (1 = 0.6%) {31.7%}
1369  ... 
1417  -O                                                                        (1 = 0.6%) {32.3%}
1418  ... 
1441  -O                                                                        (1 = 0.6%) {32.9%}
1442  ... 
1467  -O                                                                        (1 = 0.6%) {33.5%}
1468  ... 
1502  -O                                                                        (1 = 0.6%) {34.1%}
1503  ... 
1692  -O                                                                        (1 = 0.6%) {34.8%}
1693  -O                                                                        (1 = 0.6%) {35.4%}
1694  ... 
1827  -O                                                                        (1 = 0.6%) {36.0%}
1828  ... 
2013  -O                                                                        (1 = 0.6%) {36.6%}
2014  ... 
2077  -O                                                                        (1 = 0.6%) {37.2%}
2078  ... 
2094  -O                                                                        (1 = 0.6%) {37.8%}
2095  O                                                                         (0 = 0.0%) {38.4%}
2096  -O                                                                        (1 = 0.6%) {38.4%}
2097  ... 
2100  -O                                                                        (1 = 0.6%) {39.0%}
2101  ... 
2112  -O                                                                        (1 = 0.6%) {39.6%}
2113  ... 
2121  -O                                                                        (1 = 0.6%) {40.2%}
2122  ... 
2157  -O                                                                        (1 = 0.6%) {40.9%}
2158  ... 
2188  -O                                                                        (1 = 0.6%) {41.5%}
2189  O                                                                         (0 = 0.0%) {42.1%}
2190  -O                                                                        (1 = 0.6%) {42.1%}
2191  -O                                                                        (1 = 0.6%) {42.7%}
2192  ... 
2195  -O                                                                        (1 = 0.6%) {43.3%}
2196  ... 
2203  -O                                                                        (1 = 0.6%) {43.9%}
2204  -O                                                                        (1 = 0.6%) {44.5%}
2205  ... 
2217  -O                                                                        (1 = 0.6%) {45.1%}
2218  ... 
2226  -O                                                                        (1 = 0.6%) {45.7%}
2227  O                                                                         (0 = 0.0%) {46.3%}
2228  -O                                                                        (1 = 0.6%) {46.3%}
2229  -O                                                                        (1 = 0.6%) {47.0%}
2230  ... 
2236  -O                                                                        (1 = 0.6%) {47.6%}
2237  ... 
2298  -O                                                                        (1 = 0.6%) {48.2%}
2299  ... 
2314  -O                                                                        (1 = 0.6%) {48.8%}
2315  ... 
2319  -O                                                                        (1 = 0.6%) {49.4%}
2320  ... 
2322  -O                                                                        (1 = 0.6%) {50.0%}
2323  ... 
2347  -O                                                                        (1 = 0.6%) {50.6%}
2348  ... 
2355  -O                                                                        (1 = 0.6%) {51.2%}
2356  ... 
2361  -O                                                                        (1 = 0.6%) {51.8%}
2362  ... 
2387  -O                                                                        (1 = 0.6%) {52.4%}
2388  -O                                                                        (1 = 0.6%) {53.0%}
2389  ... 
2399  -O                                                                        (1 = 0.6%) {53.7%}
2400  ... 
2413  -O                                                                        (1 = 0.6%) {54.3%}
2414  ... 
2429  -O                                                                        (1 = 0.6%) {54.9%}
2430  O                                                                         (0 = 0.0%) {55.5%}
2431  -O                                                                        (1 = 0.6%) {55.5%}
2432  ... 
2487  -O                                                                        (1 = 0.6%) {56.1%}
2488  ... 
2518  -O                                                                        (1 = 0.6%) {56.7%}
2519  ... 
2598  -O                                                                        (1 = 0.6%) {57.3%}
2599  ... 
2618  -O                                                                        (1 = 0.6%) {57.9%}
2619  ... 
2654  -O                                                                        (1 = 0.6%) {58.5%}
2655  -O                                                                        (1 = 0.6%) {59.1%}
2656  -O                                                                        (1 = 0.6%) {59.8%}
2657  -O                                                                        (1 = 0.6%) {60.4%}
2658  -O                                                                        (1 = 0.6%) {61.0%}
2659  -O                                                                        (1 = 0.6%) {61.6%}
2660  -O                                                                        (1 = 0.6%) {62.2%}
2661  -O                                                                        (1 = 0.6%) {62.8%}
2662  -O                                                                        (1 = 0.6%) {63.4%}
2663  -O                                                                        (1 = 0.6%) {64.0%}
2664  ... 
2699  -O                                                                        (1 = 0.6%) {64.6%}
2700  -O                                                                        (1 = 0.6%) {65.2%}
2701  -O                                                                        (1 = 0.6%) {65.9%}
2702  -O                                                                        (1 = 0.6%) {66.5%}
2703  -O                                                                        (1 = 0.6%) {67.1%}
2704  -O                                                                        (1 = 0.6%) {67.7%}
2705  -O                                                                        (1 = 0.6%) {68.3%}
2706  -O                                                                        (1 = 0.6%) {68.9%}
2707  -O                                                                        (1 = 0.6%) {69.5%}
2708  ... 
2710  -O                                                                        (1 = 0.6%) {70.1%}
2711  -O                                                                        (1 = 0.6%) {70.7%}
2712  ... 
2716  -O                                                                        (1 = 0.6%) {71.3%}
2717  ... 
2723  -O                                                                        (1 = 0.6%) {72.0%}
2724  ... 
2738  -O                                                                        (1 = 0.6%) {72.6%}
2739  ... 
2769  -O                                                                        (1 = 0.6%) {73.2%}
2770  ... 
2841  -O                                                                        (1 = 0.6%) {73.8%}
2842  ... 
2903  -O                                                                        (1 = 0.6%) {74.4%}
2904  -O                                                                        (1 = 0.6%) {75.0%}
2905  ... 
2927  -O                                                                        (1 = 0.6%) {75.6%}
2928  ... 
2935  -O                                                                        (1 = 0.6%) {76.2%}
2936  ... 
3004  -O                                                                        (1 = 0.6%) {76.8%}
3005  ... 
3019  -O                                                                        (1 = 0.6%) {77.4%}
3020  -O                                                                        (1 = 0.6%) {78.0%}
3021  ... 
3028  -O                                                                        (1 = 0.6%) {78.7%}
3029  ... 
3066  -O                                                                        (1 = 0.6%) {79.3%}
3067  ... 
3157  -O                                                                        (1 = 0.6%) {79.9%}
3158  ... 
3198  -O                                                                        (1 = 0.6%) {80.5%}
3199  ... 
3254  -O                                                                        (1 = 0.6%) {81.1%}
3255  ... 
3258  -O                                                                        (1 = 0.6%) {81.7%}
3259  ... 
3275  -O                                                                        (1 = 0.6%) {82.3%}
3276  ... 
3279  -O                                                                        (1 = 0.6%) {82.9%}
3280  ... 
3307  -O                                                                        (1 = 0.6%) {83.5%}
3308  -O                                                                        (1 = 0.6%) {84.1%}
3309  ... 
3349  -O                                                                        (1 = 0.6%) {84.8%}
3350  ... 
3359  -O                                                                        (1 = 0.6%) {85.4%}
3360  ... 
3444  -O                                                                        (1 = 0.6%) {86.0%}
3445  ... 
3789  -O                                                                        (1 = 0.6%) {86.6%}
3790  -O                                                                        (1 = 0.6%) {87.2%}
3791  ... 
3803  -O                                                                        (1 = 0.6%) {87.8%}
3804  ... 
3870  -O                                                                        (1 = 0.6%) {88.4%}
3871  ... 
3973  -O                                                                        (1 = 0.6%) {89.0%}
3974  ... 
4007  -O                                                                        (1 = 0.6%) {89.6%}
4008  ... 
4113  -O                                                                        (1 = 0.6%) {90.2%}
4114  ... 
4161  -O                                                                        (1 = 0.6%) {90.9%}
4162  ... 
4177  -O                                                                        (1 = 0.6%) {91.5%}
4178  ... 
4194  -O                                                                        (1 = 0.6%) {92.1%}
4195  O                                                                         (0 = 0.0%) {92.7%}
4196  -O                                                                        (1 = 0.6%) {92.7%}
4197  ... 
4240  -O                                                                        (1 = 0.6%) {93.3%}
4241  O                                                                         (0 = 0.0%) {93.9%}
4242  -O                                                                        (1 = 0.6%) {93.9%}
4243  ... 
4307  -O                                                                        (1 = 0.6%) {94.5%}
4308  ... 
4317  -O                                                                        (1 = 0.6%) {95.1%}
4318  ... 
4372  -O                                                                        (1 = 0.6%) {95.7%}
4373  ... 
4379  -O                                                                        (1 = 0.6%) {96.3%}
4380  ... 
4419  -O                                                                        (1 = 0.6%) {97.0%}
4420  ... 
4561  -O                                                                        (1 = 0.6%) {97.6%}
4562  ... 
4673  -O                                                                        (1 = 0.6%) {98.2%}
4674  ... 
4743  -O                                                                        (1 = 0.6%) {98.8%}
4744  ... 
4994  -O                                                                        (1 = 0.6%) {99.4%}
4995  ... 

Histogram: Blink.UseCounter.PermissionsPolicy.Allow2 recorded 0 samples (flags = 0x41)
0 ... 

Histogram: Blink.UseCounter.PermissionsPolicy.Header2 recorded 0 samples (flags = 0x41)
0 ... 

Histogram: Blink.UseCounter.PermissionsPolicy.Violation.Enforce recorded 0 samples (flags = 0x41)
0 ... 

Histogram: Blink.UseCounter.WebDXFeatures recorded 15 samples, mean = 37.7 (flags = 0x41)
0   ... 
5   -O                                                                        (1 = 6.7%) {0.0%}
6   ... 
8   -O                                                                        (1 = 6.7%) {6.7%}
9   -O                                                                        (1 = 6.7%) {13.3%}
10  O                                                                         (0 = 0.0%) {20.0%}
11  -O                                                                        (1 = 6.7%) {20.0%}
12  ... 
27  -O                                                                        (1 = 6.7%) {26.7%}
28  -O                                                                        (1 = 6.7%) {33.3%}
29  -O                                                                        (1 = 6.7%) {40.0%}
30  ... 
38  -O                                                                        (1 = 6.7%) {46.7%}
39  -O                                                                        (1 = 6.7%) {53.3%}
40  ... 
45  -O                                                                        (1 = 6.7%) {60.0%}
46  -O                                                                        (1 = 6.7%) {66.7%}
47  ... 
58  -O                                                                        (1 = 6.7%) {73.3%}
59  ... 
68  -O                                                                        (1 = 6.7%) {80.0%}
69  ... 
71  -O                                                                        (1 = 6.7%) {86.7%}
72  ... 
83  -O                                                                        (1 = 6.7%) {93.3%}
84  ... 

Histogram: Blink.UserDrivenDocumentUpdate.UpdateTime.PreFCP recorded 1 samples, mean = 21.0 (flags = 0x41)
0   ... 
21  -O                                                                        (1 = 100.0%) {0.0%}
29  ... 

Histogram: Bookmarks.BookmarkBar.Shown recorded 1 samples, mean = 0.0 (flags = 0x41)
0  -O                                                                        (1 = 100.0%)
1  ... 

Histogram: Bookmarks.Count.OnProfileLoad3 recorded 1 samples, mean = 0.0 (flags = 0x41)
0  -O                                                                        (1 = 100.0%)
1  ... 

Histogram: Bookmarks.Storage.TimeToLoadAtStartup2 recorded 1 samples, mean = 9497.0 (flags = 0x41)
0     ... 
8416  -O                                                                        (1 = 100.0%) {0.0%}
10000 O                                                                         (0 = 0.0%) {100.0%}

Histogram: Bookmarks.Times.OnProfileLoad.TimeSinceAdded3 recorded 1 samples, mean = 0.0 (flags = 0x41)
0  -O                                                                        (1 = 100.0%)
1  ... 

Histogram: Bookmarks.Utilization.OnProfileLoad.PercentageUsed recorded 1 samples, mean = 0.0 (flags = 0x41)
0  -O                                                                        (1 = 100.0%)
1  ... 

Histogram: Bookmarks.Utilization.OnProfileLoad.TotalUnused recorded 1 samples, mean = 0.0 (flags = 0x41)
0  -O                                                                        (1 = 100.0%)
1  ... 

Histogram: Bookmarks.Utilization.OnProfileLoad.TotalUsed recorded 1 samples, mean = 0.0 (flags = 0x41)
0  -O                                                                        (1 = 100.0%)
1  ... 

Histogram: BrotliFilter.CompressionPercent recorded 34 samples, mean = 35.5 (flags = 0x41)
0    ... 
10   -O                                                                        (1 = 2.9%) {0.0%}
11   -O                                                                        (1 = 2.9%) {2.9%}
12   --O                                                                       (2 = 5.9%) {5.9%}
13   O                                                                         (0 = 0.0%) {11.8%}
14   -O                                                                        (1 = 2.9%) {11.8%}
15   -O                                                                        (1 = 2.9%) {14.7%}
16   -O                                                                        (1 = 2.9%) {17.6%}
17   --O                                                                       (2 = 5.9%) {20.6%}
18   ... 
22   -O                                                                        (1 = 2.9%) {26.5%}
23   -O                                                                        (1 = 2.9%) {29.4%}
24   --O                                                                       (2 = 5.9%) {32.4%}
25   -O                                                                        (1 = 2.9%) {38.2%}
26   O                                                                         (0 = 0.0%) {41.2%}
27   -O                                                                        (1 = 2.9%) {41.2%}
28   -O                                                                        (1 = 2.9%) {44.1%}
29   --O                                                                       (2 = 5.9%) {47.1%}
30   --O                                                                       (2 = 5.9%) {52.9%}
31   ... 
33   --O                                                                       (2 = 5.9%) {58.8%}
34   -O                                                                        (1 = 2.9%) {64.7%}
35   ... 
38   -O                                                                        (1 = 2.9%) {67.6%}
39   -O                                                                        (1 = 2.9%) {70.6%}
40   ... 
43   -O                                                                        (1 = 2.9%) {73.5%}
44   --O                                                                       (2 = 5.9%) {76.5%}
45   ... 
47   --O                                                                       (2 = 5.9%) {82.4%}
48   ... 
51   -O                                                                        (1 = 2.9%) {88.2%}
52   ... 
84   -O                                                                        (1 = 2.9%) {91.2%}
85   ... 
101  --O                                                                       (2 = 5.9%) {94.1%}

Histogram: BrotliFilter.Status recorded 34 samples, mean = 1.0 (flags = 0x41)
0  O                                                                         (0 = 0.0%)
1  ----------------------------------O                                       (34 = 100.0%) {0.0%}
2  ... 

Histogram: BrotliFilter.UsedMemoryKB recorded 34 samples, mean = 216.2 (flags = 0x41)
0    ... 
16   --O                                                                       (2 = 5.9%) {0.0%}
20   O                                                                         (0 = 0.0%) {5.9%}
25   ---O                                                                      (3 = 8.8%) {5.9%}
31   -------O                                                                  (7 = 20.6%) {14.7%}
39   O                                                                         (0 = 0.0%) {35.3%}
49   --O                                                                       (2 = 5.9%) {35.3%}
61   -O                                                                        (1 = 2.9%) {41.2%}
76   ----O                                                                     (4 = 11.8%) {44.1%}
95   O                                                                         (0 = 0.0%) {55.9%}
119  ---O                                                                      (3 = 8.8%) {55.9%}
149  O                                                                         (0 = 0.0%) {64.7%}
187  -O                                                                        (1 = 2.9%) {64.7%}
234  ... 
367  -------O                                                                  (7 = 20.6%) {67.6%}
460  O                                                                         (0 = 0.0%) {88.2%}
576  -O                                                                        (1 = 2.9%) {88.2%}
722  ---O                                                                      (3 = 8.8%) {91.2%}
905  ... 

Histogram: Browser.MainThreadsCongestion.RunningOnly recorded 69 samples, mean = 0.0 (flags = 0x41)
0  ---------------------------------------------------------------------O    (69 = 100.0%)
1  ... 

Histogram: Browser.MainThreadsCongestion.RunningOnly.Initial recorded 1 samples, mean = 0.0 (flags = 0x41)
0  -O                                                                        (1 = 100.0%)
1  ... 

Histogram: Browser.Responsiveness.IOJanksTotalPerMinute recorded 34 samples, mean = 0.0 (flags = 0x41)
0  ----------------------------------O                                       (34 = 100.0%)
1  ... 

Histogram: Browser.Responsiveness.IOJankyIntervalsPerMinute recorded 34 samples, mean = 0.0 (flags = 0x41)
0  ----------------------------------O                                       (34 = 100.0%)
1  ... 

Histogram: BrowserRenderProcessHost.Cleanup.DelayReason recorded 12 samples, mean = 6.8 (flags = 0x41)
0  ---O                                                                      (3 = 25.0%)
1  ... 
9  ---------O                                                                (9 = 75.0%) {25.0%}
10 ... 

Histogram: BrowserRenderProcessHost.Cleanup.Total recorded 12 samples, mean = 1.0 (flags = 0x41)
0  O                                                                         (0 = 0.0%)
1  ------------O                                                             (12 = 100.0%) {0.0%}
2  O                                                                         (0 = 0.0%) {100.0%}

Histogram: BrowserRenderProcessHost.ExistingRendererIsInitializedAndNotDead recorded 1 samples, mean = 1.0 (flags = 0x41)
0  O                                                                         (0 = 0.0%)
1  -O                                                                        (1 = 100.0%) {0.0%}
2  O                                                                         (0 = 0.0%) {100.0%}

Histogram: BrowserRenderProcessHost.FastShutdownIfPossible.DelayReason recorded 1 samples, mean = 4.0 (flags = 0x41)
0  ... 
4  -O                                                                        (1 = 100.0%) {0.0%}
5  ... 

Histogram: BrowserRenderProcessHost.FastShutdownIfPossible.Total recorded 1 samples, mean = 1.0 (flags = 0x41)
0  O                                                                         (0 = 0.0%)
1  -O                                                                        (1 = 100.0%) {0.0%}
2  O                                                                         (0 = 0.0%) {100.0%}

Histogram: BrowserRenderProcessHost.SpareProcessEvictedOtherSpare recorded 2 samples, mean = 0.0 (flags = 0x41)
0  --O                                                                       (2 = 100.0%)
1  ... 

Histogram: BrowserRenderProcessHost.SpareProcessMaybeTakeAction recorded 2 samples, mean = 2.0 (flags = 0x41)
0  -O                                                                        (1 = 50.0%)
1  ... 
4  -O                                                                        (1 = 50.0%) {50.0%}
5  ... 

Histogram: BrowserRenderProcessHost.SpareProcessStartupTime recorded 2 samples, mean = 4748.0 (flags = 0x41)
0     ... 
81    -O                                                                        (1 = 50.0%) {0.0%}
96    ... 
8416  -O                                                                        (1 = 50.0%) {50.0%}
10000 O                                                                         (0 = 0.0%) {100.0%}

Histogram: BrowserSwitcher.ExternalGreylistSize recorded 1 samples, mean = 0.0 (flags = 0x41)
0  -O                                                                        (1 = 100.0%)
1  ... 

Histogram: BrowserSwitcher.ExternalSitelistSize recorded 1 samples, mean = 0.0 (flags = 0x41)
0  -O                                                                        (1 = 100.0%)
1  ... 

Histogram: BrowserSwitcher.IeemSitelistSize recorded 1 samples, mean = 0.0 (flags = 0x41)
0  -O                                                                        (1 = 100.0%)
1  ... 

Histogram: BrowsingTopics.BrowsingTopicsState.LoadFinishStatus recorded 1 samples, mean = 1.0 (flags = 0x41)
0  O                                                                         (0 = 0.0%)
1  -O                                                                        (1 = 100.0%) {0.0%}
2  O                                                                         (0 = 0.0%) {100.0%}

Histogram: BrowsingTopics.SiteDataStorage.FileSize.KB recorded 1 samples, mean = 28.0 (flags = 0x41)
0   ... 
28  -O                                                                        (1 = 100.0%) {0.0%}
37  ... 

Histogram: BrowsingTopics.SiteDataStorage.InitStatus recorded 1 samples, mean = 1.0 (flags = 0x41)
0  O                                                                         (0 = 0.0%)
1  -O                                                                        (1 = 100.0%) {0.0%}
2  O                                                                         (0 = 0.0%) {100.0%}

Histogram: CPU.Experimental.CpuEstimationTaskMigrated recorded 6 samples, mean = 0.3 (flags = 0x41)
0  ----O                                                                     (4 = 66.7%)
1  --O                                                                       (2 = 33.3%) {66.7%}
2  O                                                                         (0 = 0.0%) {100.0%}

Histogram: CPU.Experimental.CpuEstimationTaskQueuedTime.Balanced recorded 6 samples, mean = 16.2 (flags = 0x41)
0   ... 
12  ---O                                                                      (3 = 50.0%) {0.0%}
16  ---O                                                                      (3 = 50.0%) {50.0%}
21  ... 

Histogram: CPU.Experimental.CpuEstimationTaskThreadTime.Balanced recorded 6 samples, mean = 128.8 (flags = 0x41)
0    ... 
113  -----O                                                                    (5 = 83.3%) {0.0%}
149  -O                                                                        (1 = 16.7%) {83.3%}
196  ... 

Histogram: CPU.Experimental.CpuEstimationTaskTotalTime.Balanced recorded 6 samples, mean = 149.8 (flags = 0x41)
0    ... 
113  ----O                                                                     (4 = 66.7%) {0.0%}
149  --O                                                                       (2 = 33.3%) {66.7%}
196  ... 

Histogram: CPU.Experimental.CpuEstimationTaskWallTime.Balanced recorded 6 samples, mean = 133.7 (flags = 0x41)
0    ... 
113  -----O                                                                    (5 = 83.3%) {0.0%}
149  -O                                                                        (1 = 16.7%) {83.3%}
196  ... 

Histogram: CPU.Experimental.CpuEstimationThreadTimePercent.Balanced recorded 6 samples, mean = 96.2 (flags = 0x41)
0   ... 
93  -O                                                                        (1 = 16.7%) {0.0%}
94  -O                                                                        (1 = 16.7%) {16.7%}
95  O                                                                         (0 = 0.0%) {33.3%}
96  -O                                                                        (1 = 16.7%) {33.3%}
97  O                                                                         (0 = 0.0%) {50.0%}
98  ---O                                                                      (3 = 50.0%) {50.0%}
99  ... 

Histogram: CPU.Experimental.EstimatedFrequencyAsPercentOfLimit.Balanced recorded 4 samples, mean = 168.0 (flags = 0x41)
0    ... 
101  ----O                                                                     (4 = 100.0%) {0.0%}

Histogram: CPU.Experimental.EstimatedFrequencyAsPercentOfMax.Balanced recorded 4 samples, mean = 168.0 (flags = 0x41)
0    ... 
101  ----O                                                                     (4 = 100.0%) {0.0%}

Histogram: CertificateType2.BR.Intermediate.ECDSA recorded 5 samples, mean = 256.0 (flags = 0x41)
0    ... 
256  -----O                                                                    (5 = 100.0%) {0.0%}
257  ... 

Histogram: CertificateType2.BR.Intermediate.RSA recorded 6 samples, mean = 2048.0 (flags = 0x41)
0     ... 
2048  ------O                                                                   (6 = 100.0%) {0.0%}
2049  ... 

Histogram: CertificateType2.BR.Leaf.ECDSA recorded 9 samples, mean = 256.0 (flags = 0x41)
0    ... 
256  ---------O                                                                (9 = 100.0%) {0.0%}
257  ... 

Histogram: CertificateType2.BR.Leaf.RSA recorded 2 samples, mean = 2048.0 (flags = 0x41)
0     ... 
2048  --O                                                                       (2 = 100.0%) {0.0%}
2049  ... 

Histogram: CertificateType2.BR.Root.ECDSA recorded 5 samples, mean = 384.0 (flags = 0x41)
0    ... 
384  -----O                                                                    (5 = 100.0%) {0.0%}
385  ... 

Histogram: CertificateType2.BR.Root.RSA recorded 6 samples, mean = 3413.3 (flags = 0x41)
0     ... 
2048  --O                                                                       (2 = 33.3%) {0.0%}
2049  ... 
4096  ----O                                                                     (4 = 66.7%) {33.3%}
4097  ... 

Histogram: ChildProcess.Launched.UtilityProcessHash recorded 3 samples (flags = 0x41)
-2043041185 -O                                                                        (1 = 33.3%)
-1468742076 -O                                                                        (1 = 33.3%)
1411170475  -O                                                                        (1 = 33.3%)

Histogram: ChildProcess.ProcessLifetime.Utility recorded 3 samples, mean = 1386824.4 (flags = 0x41)
0        ... 
989      -O                                                                        (1 = 33.3%) {0.0%}
1340     ... 
1961199  --O                                                                       (2 = 66.7%) {33.3%}
2657126  ... 

Histogram: Chrome.ProcessSingleton.NotifyResult recorded 1 samples, mean = 0.0 (flags = 0x41)
0  -O                                                                        (1 = 100.0%)
1  ... 

Histogram: Chrome.ProcessSingleton.TimeToCreate recorded 1 samples, mean = 1.0 (flags = 0x41)
0  -O                                                                        (1 = 100.0%)
10 ... 

Histogram: Chrome.SystemNetworkContextManager.NetworkSandboxState recorded 4 samples, mean = 0.0 (flags = 0x41)
0  ----O                                                                     (4 = 100.0%)
1  ... 

Histogram: ChromeElf.Beacon.RetryAttemptsBeforeSuccess recorded 1 samples, mean = 0.0 (flags = 0x41)
0  -O                                                                        (1 = 100.0%)
1  ... 

Histogram: ChromeElf.Beacon.SetupStatus recorded 1 samples, mean = 1.0 (flags = 0x41)
0  O                                                                         (0 = 0.0%)
1  -O                                                                        (1 = 100.0%) {0.0%}
2  ... 

Histogram: ChromeElf.ExtensionPoint.EnableState recorded 1 samples, mean = 1.0 (flags = 0x41)
0  O                                                                         (0 = 0.0%)
1  -O                                                                        (1 = 100.0%) {0.0%}
2  O                                                                         (0 = 0.0%) {100.0%}

Histogram: ClientHints.CriticalCHRestart recorded 1 samples, mean = 0.0 (flags = 0x41)
0  -O                                                                        (1 = 100.0%)
1  ... 

Histogram: ClientHints.FetchLatency_PrefRead recorded 5 samples, mean = 7.8 (flags = 0x41)
0   ... 
3   ---O                                                                      (3 = 60.0%) {0.0%}
4   -O                                                                        (1 = 20.0%) {60.0%}
6   ... 
21  -O                                                                        (1 = 20.0%) {80.0%}
29  ... 

Histogram: ClientHints.FetchLatency_PrerenderHost recorded 5 samples, mean = 0.6 (flags = 0x41)
0  ---O                                                                      (3 = 60.0%)
1  -O                                                                        (1 = 20.0%) {60.0%}
2  -O                                                                        (1 = 20.0%) {80.0%}
3  ... 

Histogram: ClientHints.FetchLatency_Total recorded 5 samples, mean = 8.4 (flags = 0x41)
0   ... 
3   --O                                                                       (2 = 40.0%) {0.0%}
4   --O                                                                       (2 = 40.0%) {40.0%}
6   ... 
21  -O                                                                        (1 = 20.0%) {80.0%}
29  ... 

Histogram: Compositing.Browser.CompositorFrame.Quads recorded 3 samples, mean = 1.0 (flags = 0x41)
0  O                                                                         (0 = 0.0%)
1  ---O                                                                      (3 = 100.0%) {0.0%}
2  ... 

Histogram: Compositing.Browser.LayerTreeImpl.CalculateDrawPropertiesUs recorded 4 samples, mean = 15.5 (flags = 0x41)
0   ... 
12  ---O                                                                      (3 = 75.0%) {0.0%}
16  O                                                                         (0 = 0.0%) {75.0%}
21  -O                                                                        (1 = 25.0%) {75.0%}
28  ... 

Histogram: Compositing.Browser.LayersUpdateTime recorded 4 samples, mean = 25.8 (flags = 0x41)
0   ... 
8   --O                                                                       (2 = 50.0%) {0.0%}
11  ... 
29  -O                                                                        (1 = 25.0%) {50.0%}
40  -O                                                                        (1 = 25.0%) {75.0%}
55  ... 

Histogram: Compositing.ColorGamut recorded 4 samples, mean = 0.0 (flags = 0x41)
0  ----O                                                                     (4 = 100.0%)
1  ... 

Histogram: Compositing.DidMainThreadBlockDuringCommit recorded 5 samples, mean = 0.0 (flags = 0x41)
0  -----O                                                                    (5 = 100.0%)
1  ... 

Histogram: Compositing.DirectRenderer.OverlayProcessingUs recorded 4 samples, mean = 0.0 (flags = 0x41)
0  ----O                                                                     (4 = 100.0%)
5  ... 

Histogram: Compositing.DirectRenderer.PartialSwap.ExtraDamage recorded 4 samples, mean = 0.0 (flags = 0x41)
0  ----O                                                                     (4 = 100.0%)
1  ... 

Histogram: Compositing.DirectRenderer.PartialSwap.FrameBufferDamage recorded 4 samples, mean = 0.0 (flags = 0x41)
0  ----O                                                                     (4 = 100.0%)
1  ... 

Histogram: Compositing.DirectRenderer.PartialSwap.RootDamage recorded 4 samples, mean = 100.0 (flags = 0x41)
0    ... 
100  ----O                                                                     (4 = 100.0%) {0.0%}
101  O                                                                         (0 = 0.0%) {100.0%}

Histogram: Compositing.DirectRenderer.PartialSwap.TotalDamage recorded 4 samples, mean = 100.0 (flags = 0x41)
0    ... 
100  ----O                                                                     (4 = 100.0%) {0.0%}
101  O                                                                         (0 = 0.0%) {100.0%}

Histogram: Compositing.DirectRenderer.SkipAllNonRootRenderPassesPerFrame recorded 2 samples, mean = 0.0 (flags = 0x41)
0  --O                                                                       (2 = 100.0%)
1  ... 

Histogram: Compositing.DirectRenderer.SkipNonRootRenderPass recorded 2 samples, mean = 0.0 (flags = 0x41)
0  --O                                                                       (2 = 100.0%)
1  ... 

Histogram: Compositing.DirectRenderer.TotalPixelsRendered recorded 4 samples, mean = 6.0 (flags = 0x41)
0  ... 
4  --O                                                                       (2 = 50.0%) {0.0%}
6  --O                                                                       (2 = 50.0%) {50.0%}
9  ... 

Histogram: Compositing.Display.Draw.Occlusion.Calculation.Time recorded 4 samples, mean = 5.5 (flags = 0x41)
0   ... 
2   -O                                                                        (1 = 25.0%) {0.0%}
3   -O                                                                        (1 = 25.0%) {25.0%}
4   ... 
6   -O                                                                        (1 = 25.0%) {50.0%}
7   ... 
11  -O                                                                        (1 = 25.0%) {75.0%}
12  ... 

Histogram: Compositing.Display.Draw.Quads recorded 4 samples, mean = 2.0 (flags = 0x41)
0  O                                                                         (0 = 0.0%)
1  --O                                                                       (2 = 50.0%) {0.0%}
2  O                                                                         (0 = 0.0%) {50.0%}
3  --O                                                                       (2 = 50.0%) {50.0%}
4  ... 

Histogram: Compositing.Display.DrawToSwapUs recorded 4 samples, mean = 4751.5 (flags = 0x41)
0      ... 
594    -O                                                                        (1 = 25.0%) {0.0%}
720    -O                                                                        (1 = 25.0%) {25.0%}
873    ... 
6001   -O                                                                        (1 = 25.0%) {50.0%}
7277   ... 
10700  -O                                                                        (1 = 25.0%) {75.0%}
12974  ... 

Histogram: Compositing.Display.FlattenedRenderPassCount recorded 4 samples, mean = 1.5 (flags = 0x41)
0  O                                                                         (0 = 0.0%)
1  --O                                                                       (2 = 50.0%) {0.0%}
2  --O                                                                       (2 = 50.0%) {50.0%}
3  ... 

Histogram: Compositing.Display.PendingSwaps recorded 4 samples, mean = 1.0 (flags = 0x41)
0  O                                                                         (0 = 0.0%)
1  ----O                                                                     (4 = 100.0%) {0.0%}
2  ... 

Histogram: Compositing.Display.VizDependencyResolvedToGpuStartedDrawUs recorded 4 samples, mean = 27.0 (flags = 0x41)
0   ... 
12  -O                                                                        (1 = 25.0%) {0.0%}
15  ... 
27  --O                                                                       (2 = 50.0%) {25.0%}
33  -O                                                                        (1 = 25.0%) {75.0%}
40  ... 

Histogram: Compositing.Display.VizScheduledDrawToDependencyResolvedUs recorded 4 samples, mean = 3.2 (flags = 0x41)
0  ---O                                                                      (3 = 75.0%)
5  -O                                                                        (1 = 25.0%) {75.0%}
6  ... 

Histogram: Compositing.Display.VizScheduledDrawToGpuStartedDrawUs recorded 4 samples, mean = 30.2 (flags = 0x41)
0   ... 
15  -O                                                                        (1 = 25.0%) {0.0%}
18  ... 
27  -O                                                                        (1 = 25.0%) {25.0%}
33  -O                                                                        (1 = 25.0%) {50.0%}
40  -O                                                                        (1 = 25.0%) {75.0%}
49  ... 

Histogram: Compositing.Renderer.CompositorFrame.Quads recorded 1 samples, mean = 2.0 (flags = 0x41)
0  ... 
2  -O                                                                        (1 = 100.0%) {0.0%}
3  ... 

Histogram: Compositing.Renderer.LayersUpdateTime recorded 4 samples, mean = 24.5 (flags = 0x41)
0   ... 
8   -O                                                                        (1 = 25.0%) {0.0%}
11  -O                                                                        (1 = 25.0%) {25.0%}
15  -O                                                                        (1 = 25.0%) {50.0%}
21  ... 
55  -O                                                                        (1 = 25.0%) {75.0%}
76  ... 

Histogram: Compositing.Renderer.NumRenderSurfaces recorded 7 samples, mean = 1.0 (flags = 0x41)
0  O                                                                         (0 = 0.0%)
1  -------O                                                                  (7 = 100.0%) {0.0%}
2  ... 

Histogram: Compositing.SurfaceAggregator.AggregateUs recorded 4 samples, mean = 114505.2 (flags = 0x41)
0       ... 
28      -O                                                                        (1 = 25.0%) {0.0%}
37      O                                                                         (0 = 0.0%) {25.0%}
49      -O                                                                        (1 = 25.0%) {25.0%}
65      ... 
113     -O                                                                        (1 = 25.0%) {50.0%}
149     ... 
437686  -O                                                                        (1 = 25.0%) {75.0%}
576468  ... 

Histogram: Compositing.SurfaceAggregator.CopiedSurfaceCount recorded 4 samples, mean = 1.5 (flags = 0x41)
0  O                                                                         (0 = 0.0%)
1  --O                                                                       (2 = 50.0%) {0.0%}
2  --O                                                                       (2 = 50.0%) {50.0%}
3  ... 

Histogram: Compositing.SurfaceAggregator.CopyUs recorded 4 samples, mean = 13.2 (flags = 0x41)
0   ... 
8   -O                                                                        (1 = 25.0%) {0.0%}
9   ... 
13  --O                                                                       (2 = 50.0%) {25.0%}
15  O                                                                         (0 = 0.0%) {75.0%}
18  -O                                                                        (1 = 25.0%) {75.0%}
21  ... 

Histogram: Compositing.SurfaceAggregator.HasCopyRequestsPerFrame recorded 4 samples, mean = 0.2 (flags = 0x41)
0  ---O                                                                      (3 = 75.0%)
1  -O                                                                        (1 = 25.0%) {75.0%}
2  O                                                                         (0 = 0.0%) {100.0%}

Histogram: Compositing.SurfaceAggregator.HasPixelMovingBackdropFiltersPerFrame recorded 4 samples, mean = 0.0 (flags = 0x41)
0  ----O                                                                     (4 = 100.0%)
1  ... 

Histogram: Compositing.SurfaceAggregator.HasPixelMovingFiltersPerFrame recorded 4 samples, mean = 0.0 (flags = 0x41)
0  ----O                                                                     (4 = 100.0%)
1  ... 

Histogram: Compositing.SurfaceAggregator.HasUnembeddedRenderPassesPerFrame recorded 4 samples, mean = 0.0 (flags = 0x41)
0  ----O                                                                     (4 = 100.0%)
1  ... 

Histogram: Compositing.SurfaceAggregator.PrewalkUs recorded 4 samples, mean = 114471.0 (flags = 0x41)
0      ... 
15     -O                                                                        (1 = 25.0%) {0.0%}
18     ... 
29     -O                                                                        (1 = 25.0%) {25.0%}
34     ... 
47     -O                                                                        (1 = 25.0%) {50.0%}
55     ... 
10000  -O                                                                        (1 = 25.0%) {75.0%}

Histogram: Compositing.SurfaceAggregator.PrewalkedSurfaceCount recorded 4 samples, mean = 1.5 (flags = 0x41)
0  O                                                                         (0 = 0.0%)
1  --O                                                                       (2 = 50.0%) {0.0%}
2  --O                                                                       (2 = 50.0%) {50.0%}
3  ... 

Histogram: Compositing.SurfaceManager.MarkForDestructionToDestroy recorded 1 samples, mean = 58.0 (flags = 0x41)
0   ... 
57  -O                                                                        (1 = 100.0%) {0.0%}
68  ... 

Histogram: Content.Classification.OpenGraph recorded 1 samples, mean = 4.0 (flags = 0x41)
0  ... 
4  -O                                                                        (1 = 100.0%) {0.0%}
5  ... 

Histogram: ContentSettings.AllowStorageAccessSync recorded 4 samples, mean = 0.2 (flags = 0x41)
0  ---O                                                                      (3 = 75.0%)
1  -O                                                                        (1 = 25.0%) {75.0%}
2  ... 

Histogram: ContentSettings.GetContentSetting.Network.Duration recorded 315 samples, mean = 0.5 (flags = 0x41)
0  ------------------------------------------------------------------------O (201 = 63.8%)
1  -------------------------------O                                          (86 = 27.3%) {63.8%}
2  -----O                                                                    (15 = 4.8%) {91.1%}
3  ---O                                                                      (8 = 2.5%) {95.9%}
4  -O                                                                        (3 = 1.0%) {98.4%}
5  O                                                                         (1 = 0.3%) {99.4%}
7  O                                                                         (1 = 0.3%) {99.7%}
9  ... 

Histogram: ContentSettings.GetCookieSettingInternal.Duration recorded 113 samples, mean = 5.1 (flags = 0x41)
0   --O                                                                       (2 = 1.8%)
1   ---------------------------------------O                                  (39 = 34.5%) {1.8%}
2   ------------------------------O                                           (30 = 26.5%) {36.3%}
3   ------O                                                                   (6 = 5.3%) {62.8%}
4   --O                                                                       (2 = 1.8%) {68.1%}
5   -------O                                                                  (7 = 6.2%) {69.9%}
7   ------O                                                                   (6 = 5.3%) {76.1%}
9   ------O                                                                   (6 = 5.3%) {81.4%}
12  ---O                                                                      (3 = 2.7%) {86.7%}
16  ----O                                                                     (4 = 3.5%) {89.4%}
21  ------O                                                                   (6 = 5.3%) {92.9%}
28  --O                                                                       (2 = 1.8%) {98.2%}
37  ... 

Histogram: ContentSettings.NumberOfExceptions recorded 1 samples, mean = 3.0 (flags = 0x41)
0  ... 
3  -O                                                                        (1 = 100.0%) {0.0%}
4  ... 

Histogram: ContentSettings.Popups.StrongBlockerActions recorded 1 samples, mean = 0.0 (flags = 0x41)
0  -O                                                                        (1 = 100.0%)
1  ... 

Histogram: ContentSettings.RegularProfile.DefaultAutoVerifySetting recorded 1 samples, mean = 1.0 (flags = 0x41)
0  O                                                                         (0 = 0.0%)
1  -O                                                                        (1 = 100.0%) {0.0%}
2  ... 

Histogram: ContentSettings.RegularProfile.DefaultAutoplaySetting recorded 1 samples, mean = 1.0 (flags = 0x41)
0  O                                                                         (0 = 0.0%)
1  -O                                                                        (1 = 100.0%) {0.0%}
2  ... 

Histogram: ContentSettings.RegularProfile.DefaultBackgroundSyncSetting recorded 1 samples, mean = 1.0 (flags = 0x41)
0  O                                                                         (0 = 0.0%)
1  -O                                                                        (1 = 100.0%) {0.0%}
2  ... 

Histogram: ContentSettings.RegularProfile.DefaultCookiesSetting recorded 1 samples, mean = 1.0 (flags = 0x41)
0  O                                                                         (0 = 0.0%)
1  -O                                                                        (1 = 100.0%) {0.0%}
2  ... 

Histogram: ContentSettings.RegularProfile.DefaultIdleDetectionSetting recorded 1 samples, mean = 3.0 (flags = 0x41)
0  ... 
3  -O                                                                        (1 = 100.0%) {0.0%}
4  ... 

Histogram: ContentSettings.RegularProfile.DefaultImagesSetting recorded 1 samples, mean = 1.0 (flags = 0x41)
0  O                                                                         (0 = 0.0%)
1  -O                                                                        (1 = 100.0%) {0.0%}
2  ... 

Histogram: ContentSettings.RegularProfile.DefaultJavaScriptSetting recorded 1 samples, mean = 1.0 (flags = 0x41)
0  O                                                                         (0 = 0.0%)
1  -O                                                                        (1 = 100.0%) {0.0%}
2  ... 

Histogram: ContentSettings.RegularProfile.DefaultLocationSetting recorded 1 samples, mean = 3.0 (flags = 0x41)
0  ... 
3  -O                                                                        (1 = 100.0%) {0.0%}
4  ... 

Histogram: ContentSettings.RegularProfile.DefaultMIDISysExSetting recorded 1 samples, mean = 3.0 (flags = 0x41)
0  ... 
3  -O                                                                        (1 = 100.0%) {0.0%}
4  ... 

Histogram: ContentSettings.RegularProfile.DefaultMediaStreamCameraSetting recorded 1 samples, mean = 3.0 (flags = 0x41)
0  ... 
3  -O                                                                        (1 = 100.0%) {0.0%}
4  ... 

Histogram: ContentSettings.RegularProfile.DefaultMediaStreamMicSetting recorded 1 samples, mean = 3.0 (flags = 0x41)
0  ... 
3  -O                                                                        (1 = 100.0%) {0.0%}
4  ... 

Histogram: ContentSettings.RegularProfile.DefaultNotificationsSetting recorded 1 samples, mean = 3.0 (flags = 0x41)
0  ... 
3  -O                                                                        (1 = 100.0%) {0.0%}
4  ... 

Histogram: ContentSettings.RegularProfile.DefaultPopupsSetting recorded 1 samples, mean = 2.0 (flags = 0x41)
0  ... 
2  -O                                                                        (1 = 100.0%) {0.0%}
3  ... 

Histogram: ContentSettings.RegularProfile.DefaultSoundSetting recorded 1 samples, mean = 1.0 (flags = 0x41)
0  O                                                                         (0 = 0.0%)
1  -O                                                                        (1 = 100.0%) {0.0%}
2  ... 

Histogram: ContentSettings.RegularProfile.DefaultStorageAccessSetting recorded 1 samples, mean = 3.0 (flags = 0x41)
0  ... 
3  -O                                                                        (1 = 100.0%) {0.0%}
4  ... 

Histogram: ContentSettings.RegularProfile.DefaultSubresourceFilterSetting recorded 1 samples, mean = 2.0 (flags = 0x41)
0  ... 
2  -O                                                                        (1 = 100.0%) {0.0%}
3  ... 

Histogram: ContentSettings.RegularProfile.DefaultUsbGuardSetting recorded 1 samples, mean = 3.0 (flags = 0x41)
0  ... 
3  -O                                                                        (1 = 100.0%) {0.0%}
4  ... 

Histogram: ContentSettings.RegularProfile.DefaultWebBluetoothGuardSetting recorded 1 samples, mean = 3.0 (flags = 0x41)
0  ... 
3  -O                                                                        (1 = 100.0%) {0.0%}
4  ... 

Histogram: ContentSettings.RegularProfile.Exceptions.3pcd-heuristics-grants recorded 1 samples, mean = 0.0 (flags = 0x41)
0  -O                                                                        (1 = 100.0%)
1  ... 

Histogram: ContentSettings.RegularProfile.Exceptions.3pcd-support recorded 1 samples, mean = 0.0 (flags = 0x41)
0  -O                                                                        (1 = 100.0%)
1  ... 

Histogram: ContentSettings.RegularProfile.Exceptions.abusive-notification-permissions recorded 1 samples, mean = 0.0 (flags = 0x41)
0  -O                                                                        (1 = 100.0%)
1  ... 

Histogram: ContentSettings.RegularProfile.Exceptions.access-to-get-all-screens-media-in-session recorded 1 samples, mean = 0.0 (flags = 0x41)
0  -O                                                                        (1 = 100.0%)
1  ... 

Histogram: ContentSettings.RegularProfile.Exceptions.accessibility-events recorded 1 samples, mean = 0.0 (flags = 0x41)
0  -O                                                                        (1 = 100.0%)
1  ... 

Histogram: ContentSettings.RegularProfile.Exceptions.anti-abuse recorded 1 samples, mean = 0.0 (flags = 0x41)
0  -O                                                                        (1 = 100.0%)
1  ... 

Histogram: ContentSettings.RegularProfile.Exceptions.app-banner recorded 1 samples, mean = 0.0 (flags = 0x41)
0  -O                                                                        (1 = 100.0%)
1  ... 

Histogram: ContentSettings.RegularProfile.Exceptions.ar recorded 1 samples, mean = 0.0 (flags = 0x41)
0  -O                                                                        (1 = 100.0%)
1  ... 

Histogram: ContentSettings.RegularProfile.Exceptions.auto-picture-in-picture recorded 1 samples, mean = 0.0 (flags = 0x41)
0  -O                                                                        (1 = 100.0%)
1  ... 

Histogram: ContentSettings.RegularProfile.Exceptions.auto-select-certificate recorded 1 samples, mean = 0.0 (flags = 0x41)
0  -O                                                                        (1 = 100.0%)
1  ... 

Histogram: ContentSettings.RegularProfile.Exceptions.automatic-downloads recorded 1 samples, mean = 0.0 (flags = 0x41)
0  -O                                                                        (1 = 100.0%)
1  ... 

Histogram: ContentSettings.RegularProfile.Exceptions.automatic-fullscreen recorded 1 samples, mean = 0.0 (flags = 0x41)
0  -O                                                                        (1 = 100.0%)
1  ... 

Histogram: ContentSettings.RegularProfile.Exceptions.autoplay recorded 1 samples, mean = 0.0 (flags = 0x41)
0  -O                                                                        (1 = 100.0%)
1  ... 

Histogram: ContentSettings.RegularProfile.Exceptions.background-sync recorded 1 samples, mean = 0.0 (flags = 0x41)
0  -O                                                                        (1 = 100.0%)
1  ... 

Histogram: ContentSettings.RegularProfile.Exceptions.bluetooth-chooser-data recorded 1 samples, mean = 0.0 (flags = 0x41)
0  -O                                                                        (1 = 100.0%)
1  ... 

Histogram: ContentSettings.RegularProfile.Exceptions.bluetooth-guard recorded 1 samples, mean = 0.0 (flags = 0x41)
0  -O                                                                        (1 = 100.0%)
1  ... 

Histogram: ContentSettings.RegularProfile.Exceptions.bluetooth-scanning recorded 1 samples, mean = 0.0 (flags = 0x41)
0  -O                                                                        (1 = 100.0%)
1  ... 

Histogram: ContentSettings.RegularProfile.Exceptions.camera-pan-tilt-zoom recorded 1 samples, mean = 0.0 (flags = 0x41)
0  -O                                                                        (1 = 100.0%)
1  ... 

Histogram: ContentSettings.RegularProfile.Exceptions.captured-surface-control recorded 1 samples, mean = 0.0 (flags = 0x41)
0  -O                                                                        (1 = 100.0%)
1  ... 

Histogram: ContentSettings.RegularProfile.Exceptions.client-hints recorded 1 samples, mean = 0.0 (flags = 0x41)
0  -O                                                                        (1 = 100.0%)
1  ... 

Histogram: ContentSettings.RegularProfile.Exceptions.clipboard recorded 1 samples, mean = 0.0 (flags = 0x41)
0  -O                                                                        (1 = 100.0%)
1  ... 

Histogram: ContentSettings.RegularProfile.Exceptions.cookie-controls-metadata recorded 1 samples, mean = 0.0 (flags = 0x41)
0  -O                                                                        (1 = 100.0%)
1  ... 

Histogram: ContentSettings.RegularProfile.Exceptions.cookies recorded 1 samples, mean = 0.0 (flags = 0x41)
0  -O                                                                        (1 = 100.0%)
1  ... 

Histogram: ContentSettings.RegularProfile.Exceptions.cookies.Allow recorded 1 samples, mean = 0.0 (flags = 0x41)
0  -O                                                                        (1 = 100.0%)
1  ... 

Histogram: ContentSettings.RegularProfile.Exceptions.cookies.AllowThirdParty recorded 1 samples, mean = 0.0 (flags = 0x41)
0  -O                                                                        (1 = 100.0%)
1  ... 

Histogram: ContentSettings.RegularProfile.Exceptions.cookies.Block recorded 1 samples, mean = 0.0 (flags = 0x41)
0  -O                                                                        (1 = 100.0%)
1  ... 

Histogram: ContentSettings.RegularProfile.Exceptions.cookies.DomainWildcardAllowThirdParty recorded 1 samples, mean = 0.0 (flags = 0x41)
0  -O                                                                        (1 = 100.0%)
1  ... 

Histogram: ContentSettings.RegularProfile.Exceptions.cookies.SessionOnly recorded 1 samples, mean = 0.0 (flags = 0x41)
0  -O                                                                        (1 = 100.0%)
1  ... 

Histogram: ContentSettings.RegularProfile.Exceptions.cookies.TemporaryAllowThirdParty recorded 1 samples, mean = 0.0 (flags = 0x41)
0  -O                                                                        (1 = 100.0%)
1  ... 

Histogram: ContentSettings.RegularProfile.Exceptions.direct-sockets recorded 1 samples, mean = 0.0 (flags = 0x41)
0  -O                                                                        (1 = 100.0%)
1  ... 

Histogram: ContentSettings.RegularProfile.Exceptions.display-media-system-audio recorded 1 samples, mean = 0.0 (flags = 0x41)
0  -O                                                                        (1 = 100.0%)
1  ... 

Histogram: ContentSettings.RegularProfile.Exceptions.durable-storage recorded 1 samples, mean = 0.0 (flags = 0x41)
0  -O                                                                        (1 = 100.0%)
1  ... 

Histogram: ContentSettings.RegularProfile.Exceptions.fedcm-idp-registration recorded 1 samples, mean = 0.0 (flags = 0x41)
0  -O                                                                        (1 = 100.0%)
1  ... 

Histogram: ContentSettings.RegularProfile.Exceptions.fedcm-idp-signin recorded 1 samples, mean = 1.0 (flags = 0x41)
0  O                                                                         (0 = 0.0%)
1  -O                                                                        (1 = 100.0%) {0.0%}
2  ... 

Histogram: ContentSettings.RegularProfile.Exceptions.fedcm-share recorded 1 samples, mean = 0.0 (flags = 0x41)
0  -O                                                                        (1 = 100.0%)
1  ... 

Histogram: ContentSettings.RegularProfile.Exceptions.file-system-access-chooser-data recorded 1 samples, mean = 0.0 (flags = 0x41)
0  -O                                                                        (1 = 100.0%)
1  ... 

Histogram: ContentSettings.RegularProfile.Exceptions.file-system-access-extended-permission recorded 1 samples, mean = 0.0 (flags = 0x41)
0  -O                                                                        (1 = 100.0%)
1  ... 

Histogram: ContentSettings.RegularProfile.Exceptions.file-system-access-restore-permission recorded 1 samples, mean = 0.0 (flags = 0x41)
0  -O                                                                        (1 = 100.0%)
1  ... 

Histogram: ContentSettings.RegularProfile.Exceptions.file-system-last-picked-directory recorded 1 samples, mean = 0.0 (flags = 0x41)
0  -O                                                                        (1 = 100.0%)
1  ... 

Histogram: ContentSettings.RegularProfile.Exceptions.file-system-read-guard recorded 1 samples, mean = 0.0 (flags = 0x41)
0  -O                                                                        (1 = 100.0%)
1  ... 

Histogram: ContentSettings.RegularProfile.Exceptions.file-system-write-guard recorded 1 samples, mean = 0.0 (flags = 0x41)
0  -O                                                                        (1 = 100.0%)
1  ... 

Histogram: ContentSettings.RegularProfile.Exceptions.formfill-metadata recorded 1 samples, mean = 0.0 (flags = 0x41)
0  -O                                                                        (1 = 100.0%)
1  ... 

Histogram: ContentSettings.RegularProfile.Exceptions.geolocation recorded 1 samples, mean = 0.0 (flags = 0x41)
0  -O                                                                        (1 = 100.0%)
1  ... 

Histogram: ContentSettings.RegularProfile.Exceptions.hid-chooser-data recorded 1 samples, mean = 0.0 (flags = 0x41)
0  -O                                                                        (1 = 100.0%)
1  ... 

Histogram: ContentSettings.RegularProfile.Exceptions.hid-guard recorded 1 samples, mean = 0.0 (flags = 0x41)
0  -O                                                                        (1 = 100.0%)
1  ... 

Histogram: ContentSettings.RegularProfile.Exceptions.http-allowed recorded 1 samples, mean = 0.0 (flags = 0x41)
0  -O                                                                        (1 = 100.0%)
1  ... 

Histogram: ContentSettings.RegularProfile.Exceptions.https-enforced recorded 1 samples, mean = 0.0 (flags = 0x41)
0  -O                                                                        (1 = 100.0%)
1  ... 

Histogram: ContentSettings.RegularProfile.Exceptions.idle-detection recorded 1 samples, mean = 0.0 (flags = 0x41)
0  -O                                                                        (1 = 100.0%)
1  ... 

Histogram: ContentSettings.RegularProfile.Exceptions.images recorded 1 samples, mean = 0.0 (flags = 0x41)
0  -O                                                                        (1 = 100.0%)
1  ... 

Histogram: ContentSettings.RegularProfile.Exceptions.important-site-info recorded 1 samples, mean = 0.0 (flags = 0x41)
0  -O                                                                        (1 = 100.0%)
1  ... 

Histogram: ContentSettings.RegularProfile.Exceptions.insecure-private-network recorded 1 samples, mean = 0.0 (flags = 0x41)
0  -O                                                                        (1 = 100.0%)
1  ... 

Histogram: ContentSettings.RegularProfile.Exceptions.intent-picker-auto-display recorded 1 samples, mean = 0.0 (flags = 0x41)
0  -O                                                                        (1 = 100.0%)
1  ... 

Histogram: ContentSettings.RegularProfile.Exceptions.javascript recorded 1 samples, mean = 0.0 (flags = 0x41)
0  -O                                                                        (1 = 100.0%)
1  ... 

Histogram: ContentSettings.RegularProfile.Exceptions.javascript-jit recorded 1 samples, mean = 0.0 (flags = 0x41)
0  -O                                                                        (1 = 100.0%)
1  ... 

Histogram: ContentSettings.RegularProfile.Exceptions.javascript-optimizer recorded 1 samples, mean = 0.0 (flags = 0x41)
0  -O                                                                        (1 = 100.0%)
1  ... 

Histogram: ContentSettings.RegularProfile.Exceptions.keyboard-lock recorded 1 samples, mean = 0.0 (flags = 0x41)
0  -O                                                                        (1 = 100.0%)
1  ... 

Histogram: ContentSettings.RegularProfile.Exceptions.legacy-cookie-access recorded 1 samples, mean = 0.0 (flags = 0x41)
0  -O                                                                        (1 = 100.0%)
1  ... 

Histogram: ContentSettings.RegularProfile.Exceptions.local-fonts recorded 1 samples, mean = 0.0 (flags = 0x41)
0  -O                                                                        (1 = 100.0%)
1  ... 

Histogram: ContentSettings.RegularProfile.Exceptions.media-engagement recorded 1 samples, mean = 1.0 (flags = 0x41)
0  O                                                                         (0 = 0.0%)
1  -O                                                                        (1 = 100.0%) {0.0%}
2  ... 

Histogram: ContentSettings.RegularProfile.Exceptions.media-stream-camera recorded 1 samples, mean = 0.0 (flags = 0x41)
0  -O                                                                        (1 = 100.0%)
1  ... 

Histogram: ContentSettings.RegularProfile.Exceptions.media-stream-mic recorded 1 samples, mean = 0.0 (flags = 0x41)
0  -O                                                                        (1 = 100.0%)
1  ... 

Histogram: ContentSettings.RegularProfile.Exceptions.midi-sysex recorded 1 samples, mean = 0.0 (flags = 0x41)
0  -O                                                                        (1 = 100.0%)
1  ... 

Histogram: ContentSettings.RegularProfile.Exceptions.mixed-script recorded 1 samples, mean = 0.0 (flags = 0x41)
0  -O                                                                        (1 = 100.0%)
1  ... 

Histogram: ContentSettings.RegularProfile.Exceptions.nfc-devices recorded 1 samples, mean = 0.0 (flags = 0x41)
0  -O                                                                        (1 = 100.0%)
1  ... 

Histogram: ContentSettings.RegularProfile.Exceptions.notification-interactions recorded 1 samples, mean = 0.0 (flags = 0x41)
0  -O                                                                        (1 = 100.0%)
1  ... 

Histogram: ContentSettings.RegularProfile.Exceptions.notification-permission-review recorded 1 samples, mean = 0.0 (flags = 0x41)
0  -O                                                                        (1 = 100.0%)
1  ... 

Histogram: ContentSettings.RegularProfile.Exceptions.notifications recorded 1 samples, mean = 0.0 (flags = 0x41)
0  -O                                                                        (1 = 100.0%)
1  ... 

Histogram: ContentSettings.RegularProfile.Exceptions.password-protection recorded 1 samples, mean = 0.0 (flags = 0x41)
0  -O                                                                        (1 = 100.0%)
1  ... 

Histogram: ContentSettings.RegularProfile.Exceptions.payment-handler recorded 1 samples, mean = 0.0 (flags = 0x41)
0  -O                                                                        (1 = 100.0%)
1  ... 

Histogram: ContentSettings.RegularProfile.Exceptions.permission-autoblocking-data recorded 1 samples, mean = 0.0 (flags = 0x41)
0  -O                                                                        (1 = 100.0%)
1  ... 

Histogram: ContentSettings.RegularProfile.Exceptions.permission-autorevocation-data recorded 1 samples, mean = 0.0 (flags = 0x41)
0  -O                                                                        (1 = 100.0%)
1  ... 

Histogram: ContentSettings.RegularProfile.Exceptions.pointer-lock recorded 1 samples, mean = 0.0 (flags = 0x41)
0  -O                                                                        (1 = 100.0%)
1  ... 

Histogram: ContentSettings.RegularProfile.Exceptions.popups recorded 1 samples, mean = 0.0 (flags = 0x41)
0  -O                                                                        (1 = 100.0%)
1  ... 

Histogram: ContentSettings.RegularProfile.Exceptions.popups.Allow recorded 1 samples, mean = 0.0 (flags = 0x41)
0  -O                                                                        (1 = 100.0%)
1  ... 

Histogram: ContentSettings.RegularProfile.Exceptions.popups.Block recorded 1 samples, mean = 0.0 (flags = 0x41)
0  -O                                                                        (1 = 100.0%)
1  ... 

Histogram: ContentSettings.RegularProfile.Exceptions.private-network-chooser-data recorded 1 samples, mean = 0.0 (flags = 0x41)
0  -O                                                                        (1 = 100.0%)
1  ... 

Histogram: ContentSettings.RegularProfile.Exceptions.private-network-guard recorded 1 samples, mean = 0.0 (flags = 0x41)
0  -O                                                                        (1 = 100.0%)
1  ... 

Histogram: ContentSettings.RegularProfile.Exceptions.protected-media-identifier recorded 1 samples, mean = 0.0 (flags = 0x41)
0  -O                                                                        (1 = 100.0%)
1  ... 

Histogram: ContentSettings.RegularProfile.Exceptions.protocol-handler recorded 1 samples, mean = 0.0 (flags = 0x41)
0  -O                                                                        (1 = 100.0%)
1  ... 

Histogram: ContentSettings.RegularProfile.Exceptions.reduced-accept-language recorded 1 samples, mean = 0.0 (flags = 0x41)
0  -O                                                                        (1 = 100.0%)
1  ... 

Histogram: ContentSettings.RegularProfile.Exceptions.safe-browsing-url-check-data recorded 1 samples, mean = 0.0 (flags = 0x41)
0  -O                                                                        (1 = 100.0%)
1  ... 

Histogram: ContentSettings.RegularProfile.Exceptions.sensors recorded 1 samples, mean = 0.0 (flags = 0x41)
0  -O                                                                        (1 = 100.0%)
1  ... 

Histogram: ContentSettings.RegularProfile.Exceptions.serial-chooser-data recorded 1 samples, mean = 0.0 (flags = 0x41)
0  -O                                                                        (1 = 100.0%)
1  ... 

Histogram: ContentSettings.RegularProfile.Exceptions.serial-guard recorded 1 samples, mean = 0.0 (flags = 0x41)
0  -O                                                                        (1 = 100.0%)
1  ... 

Histogram: ContentSettings.RegularProfile.Exceptions.site-engagement recorded 1 samples, mean = 1.0 (flags = 0x41)
0  O                                                                         (0 = 0.0%)
1  -O                                                                        (1 = 100.0%) {0.0%}
2  ... 

Histogram: ContentSettings.RegularProfile.Exceptions.sound recorded 1 samples, mean = 0.0 (flags = 0x41)
0  -O                                                                        (1 = 100.0%)
1  ... 

Histogram: ContentSettings.RegularProfile.Exceptions.speaker-selection recorded 1 samples, mean = 0.0 (flags = 0x41)
0  -O                                                                        (1 = 100.0%)
1  ... 

Histogram: ContentSettings.RegularProfile.Exceptions.ssl-cert-decisions recorded 1 samples, mean = 0.0 (flags = 0x41)
0  -O                                                                        (1 = 100.0%)
1  ... 

Histogram: ContentSettings.RegularProfile.Exceptions.storage-access recorded 1 samples, mean = 0.0 (flags = 0x41)
0  -O                                                                        (1 = 100.0%)
1  ... 

Histogram: ContentSettings.RegularProfile.Exceptions.storage-access-header-origin-trial recorded 1 samples, mean = 0.0 (flags = 0x41)
0  -O                                                                        (1 = 100.0%)
1  ... 

Histogram: ContentSettings.RegularProfile.Exceptions.storage-access.Allow recorded 1 samples, mean = 0.0 (flags = 0x41)
0  -O                                                                        (1 = 100.0%)
1  ... 

Histogram: ContentSettings.RegularProfile.Exceptions.storage-access.Ask recorded 1 samples, mean = 0.0 (flags = 0x41)
0  -O                                                                        (1 = 100.0%)
1  ... 

Histogram: ContentSettings.RegularProfile.Exceptions.storage-access.Block recorded 1 samples, mean = 0.0 (flags = 0x41)
0  -O                                                                        (1 = 100.0%)
1  ... 

Histogram: ContentSettings.RegularProfile.Exceptions.storage-access.MaxRequester recorded 1 samples, mean = 0.0 (flags = 0x41)
0  -O                                                                        (1 = 100.0%)
1  ... 

Histogram: ContentSettings.RegularProfile.Exceptions.storage-access.MaxTopLevel recorded 1 samples, mean = 0.0 (flags = 0x41)
0  -O                                                                        (1 = 100.0%)
1  ... 

Histogram: ContentSettings.RegularProfile.Exceptions.subresource-filter recorded 1 samples, mean = 0.0 (flags = 0x41)
0  -O                                                                        (1 = 100.0%)
1  ... 

Histogram: ContentSettings.RegularProfile.Exceptions.subresource-filter-data recorded 1 samples, mean = 0.0 (flags = 0x41)
0  -O                                                                        (1 = 100.0%)
1  ... 

Histogram: ContentSettings.RegularProfile.Exceptions.subresource-filter.Allow recorded 1 samples, mean = 0.0 (flags = 0x41)
0  -O                                                                        (1 = 100.0%)
1  ... 

Histogram: ContentSettings.RegularProfile.Exceptions.subresource-filter.Block recorded 1 samples, mean = 0.0 (flags = 0x41)
0  -O                                                                        (1 = 100.0%)
1  ... 

Histogram: ContentSettings.RegularProfile.Exceptions.third-party-storage-partitioning recorded 1 samples, mean = 0.0 (flags = 0x41)
0  -O                                                                        (1 = 100.0%)
1  ... 

Histogram: ContentSettings.RegularProfile.Exceptions.top-level-3pcd-origin-trial recorded 1 samples, mean = 0.0 (flags = 0x41)
0  -O                                                                        (1 = 100.0%)
1  ... 

Histogram: ContentSettings.RegularProfile.Exceptions.top-level-3pcd-support recorded 1 samples, mean = 0.0 (flags = 0x41)
0  -O                                                                        (1 = 100.0%)
1  ... 

Histogram: ContentSettings.RegularProfile.Exceptions.top-level-storage-access recorded 1 samples, mean = 0.0 (flags = 0x41)
0  -O                                                                        (1 = 100.0%)
1  ... 

Histogram: ContentSettings.RegularProfile.Exceptions.tracking-protection recorded 1 samples, mean = 0.0 (flags = 0x41)
0  -O                                                                        (1 = 100.0%)
1  ... 

Histogram: ContentSettings.RegularProfile.Exceptions.tracking-protection.Allow recorded 1 samples, mean = 0.0 (flags = 0x41)
0  -O                                                                        (1 = 100.0%)
1  ... 

Histogram: ContentSettings.RegularProfile.Exceptions.tracking-protection.Block recorded 1 samples, mean = 0.0 (flags = 0x41)
0  -O                                                                        (1 = 100.0%)
1  ... 

Histogram: ContentSettings.RegularProfile.Exceptions.unused-site-permissions recorded 1 samples, mean = 0.0 (flags = 0x41)
0  -O                                                                        (1 = 100.0%)
1  ... 

Histogram: ContentSettings.RegularProfile.Exceptions.usb-chooser-data recorded 1 samples, mean = 0.0 (flags = 0x41)
0  -O                                                                        (1 = 100.0%)
1  ... 

Histogram: ContentSettings.RegularProfile.Exceptions.usb-guard recorded 1 samples, mean = 0.0 (flags = 0x41)
0  -O                                                                        (1 = 100.0%)
1  ... 

Histogram: ContentSettings.RegularProfile.Exceptions.vr recorded 1 samples, mean = 0.0 (flags = 0x41)
0  -O                                                                        (1 = 100.0%)
1  ... 

Histogram: ContentSettings.RegularProfile.Exceptions.webid-api recorded 1 samples, mean = 0.0 (flags = 0x41)
0  -O                                                                        (1 = 100.0%)
1  ... 

Histogram: ContentSettings.RegularProfile.Exceptions.webid-auto-reauthn recorded 1 samples, mean = 0.0 (flags = 0x41)
0  -O                                                                        (1 = 100.0%)
1  ... 

Histogram: ContentSettings.RegularProfile.Exceptions.window-placement recorded 1 samples, mean = 0.0 (flags = 0x41)
0  -O                                                                        (1 = 100.0%)
1  ... 

Histogram: Conversions.DelayOnAttestationsLoaded recorded 1 samples, mean = 300000.0 (flags = 0x41)
0       ... 
300000  -O                                                                        (1 = 100.0%) {0.0%}

Histogram: Cookie.ClockSkew.AddMinutes recorded 3 samples, mean = 0.0 (flags = 0x41)
0  ---O                                                                      (3 = 100.0%)
1  ... 

Histogram: Cookie.ClockSkew.AddMinutes12To24Hours recorded 3 samples, mean = 0.0 (flags = 0x41)
0  ---O                                                                      (3 = 100.0%)
720... 

Histogram: Cookie.ClockSkew.ExpiredWithoutSkew recorded 3 samples, mean = 0.0 (flags = 0x41)
0  ---O                                                                      (3 = 100.0%)
1  ... 

Histogram: Cookie.CookiePrefix recorded 4 samples, mean = 0.0 (flags = 0x41)
0  ----O                                                                     (4 = 100.0%)
1  ... 

Histogram: Cookie.CookieSchemeRequestScheme recorded 41 samples, mean = 2.0 (flags = 0x41)
0  ... 
2  -----------------------------------------O                                (41 = 100.0%) {0.0%}
3  ... 

Histogram: Cookie.CookieSourceScheme recorded 4 samples, mean = 0.0 (flags = 0x41)
0  ----O                                                                     (4 = 100.0%)
1  ... 

Histogram: Cookie.CookieSourceSchemeName recorded 4 samples, mean = 14.0 (flags = 0x41)
0   ... 
14  ----O                                                                     (4 = 100.0%) {0.0%}
15  ... 

Histogram: Cookie.CrossSiteRedirectType.Read recorded 83 samples, mean = 1.0 (flags = 0x41)
0  O                                                                         (0 = 0.0%)
1  ------------------------------------------------------------------------O (83 = 100.0%) {0.0%}
2  ... 

Histogram: Cookie.CrossSiteRedirectType.Write recorded 4 samples, mean = 1.0 (flags = 0x41)
0  O                                                                         (0 = 0.0%)
1  ----O                                                                     (4 = 100.0%) {0.0%}
2  ... 

Histogram: Cookie.DomainHasNonASCII recorded 4 samples, mean = 0.0 (flags = 0x41)
0  ----O                                                                     (4 = 100.0%)
1  ... 

Histogram: Cookie.DomainSet recorded 4 samples, mean = 1.0 (flags = 0x41)
0  O                                                                         (0 = 0.0%)
1  ----O                                                                     (4 = 100.0%) {0.0%}
2  O                                                                         (0 = 0.0%) {100.0%}

Histogram: Cookie.DoubleUnderscorePrefixedName recorded 4 samples, mean = 0.5 (flags = 0x41)
0  --O                                                                       (2 = 50.0%)
1  --O                                                                       (2 = 50.0%) {50.0%}
2  O                                                                         (0 = 0.0%) {100.0%}

Histogram: Cookie.ExpirationDuration400DaysLTE recorded 3 samples, mean = 121.7 (flags = 0x41)
0    --O                                                                       (2 = 66.7%)
1    ... 
364  -O                                                                        (1 = 33.3%) {66.7%}
400  O                                                                         (0 = 0.0%) {100.0%}

Histogram: Cookie.ExpirationDurationMinutesSecure recorded 3 samples, mean = 175220.0 (flags = 0x41)
0       ... 
26      --O                                                                       (2 = 66.7%) {0.0%}
36      ... 
429766  -O                                                                        (1 = 33.3%) {66.7%}
587706  ... 

Histogram: Cookie.FirstPartyPartitioned.HasCrossSiteAncestor recorded 5 samples, mean = 0.0 (flags = 0x41)
0  -----O                                                                    (5 = 100.0%)
1  ... 

Histogram: Cookie.FirstPartySets.Browser.DelayedQueriesCount recorded 1 samples, mean = 2.0 (flags = 0x41)
0  ... 
2  -O                                                                        (1 = 100.0%) {0.0%}
3  ... 

Histogram: Cookie.FirstPartySets.Browser.MostDelayedQueryDelta recorded 1 samples, mean = 43.0 (flags = 0x41)
0   ... 
40  -O                                                                        (1 = 100.0%) {0.0%}
48  ... 

Histogram: Cookie.FirstPartySets.ComponentSetsNonfatalErrors recorded 1 samples, mean = 0.0 (flags = 0x41)
0  -O                                                                        (1 = 100.0%)
1  ... 

Histogram: Cookie.FirstPartySets.ComponentSetsParsedSuccessfully recorded 1 samples, mean = 0.0 (flags = 0x41)
0  -O                                                                        (1 = 100.0%)
1  ... 

Histogram: Cookie.FirstPartySets.ContextDelayedQueriesCount recorded 1 samples, mean = 0.0 (flags = 0x41)
0  -O                                                                        (1 = 100.0%)
1  ... 

Histogram: Cookie.FirstPartySets.ContextMostDelayedQueryDelta recorded 1 samples, mean = 0.0 (flags = 0x41)
0  -O                                                                        (1 = 100.0%)
1  ... 

Histogram: Cookie.FirstPartySets.EnqueueingDelay.ContextConfig2 recorded 1 samples, mean = 14.0 (flags = 0x41)
0   ... 
14  -O                                                                        (1 = 100.0%) {0.0%}
17  ... 

Histogram: Cookie.FirstPartySets.InitializationDuration.ContextReadyToServeQueries2 recorded 1 samples, mean = 2690.0 (flags = 0x41)
0     ... 
2516  -O                                                                        (1 = 100.0%) {0.0%}
2990  ... 

Histogram: Cookie.FirstPartySets.InitializationDuration.ReadCommandLineSet2 recorded 1 samples, mean = 43.0 (flags = 0x41)
0   ... 
40  -O                                                                        (1 = 100.0%) {0.0%}
48  ... 

Histogram: Cookie.FirstPartySets.InitializationDuration.ReadComponentSets2 recorded 1 samples, mean = 0.0 (flags = 0x41)
0  -O                                                                        (1 = 100.0%)
1  ... 

Histogram: Cookie.FirstPartySets.InitializationDuration.ReadyToServeQueries2 recorded 1 samples, mean = 0.0 (flags = 0x41)
0  -O                                                                        (1 = 100.0%)
1  ... 

Histogram: Cookie.FirstPartySets.Network.DelayedQueriesCount recorded 1 samples, mean = 0.0 (flags = 0x41)
0  -O                                                                        (1 = 100.0%)
1  ... 

Histogram: Cookie.FirstPartySets.Network.MostDelayedQueryDelta recorded 1 samples, mean = 0.0 (flags = 0x41)
0  -O                                                                        (1 = 100.0%)
1  ... 

Histogram: Cookie.FirstPartySets.ProcessedEntireComponent recorded 1 samples, mean = 1.0 (flags = 0x41)
0  O                                                                         (0 = 0.0%)
1  -O                                                                        (1 = 100.0%) {0.0%}
2  O                                                                         (0 = 0.0%) {100.0%}

Histogram: Cookie.FromStorageWithValidLength recorded 55 samples, mean = 1.0 (flags = 0x41)
0  O                                                                         (0 = 0.0%)
1  -------------------------------------------------------O                  (55 = 100.0%) {0.0%}
2  O                                                                         (0 = 0.0%) {100.0%}

Histogram: Cookie.HasNonASCII.Name recorded 4 samples, mean = 0.0 (flags = 0x41)
0  ----O                                                                     (4 = 100.0%)
1  ... 

Histogram: Cookie.HasNonASCII.Value recorded 4 samples, mean = 0.0 (flags = 0x41)
0  ----O                                                                     (4 = 100.0%)
1  ... 

Histogram: Cookie.IncludedRequestEffectiveSameSite recorded 80 samples, mean = 2.8 (flags = 0x41)
0  ------O                                                                   (6 = 7.5%)
1  ... 
3  ------------------------------------------------------------------------O (74 = 92.5%) {7.5%}
4  ... 

Histogram: Cookie.IncludedResponseEffectiveSameSite recorded 4 samples, mean = 1.5 (flags = 0x41)
0  --O                                                                       (2 = 50.0%)
1  ... 
3  --O                                                                       (2 = 50.0%) {50.0%}
4  ... 

Histogram: Cookie.IsPartitionedValid recorded 1 samples, mean = 1.0 (flags = 0x41)
0  O                                                                         (0 = 0.0%)
1  -O                                                                        (1 = 100.0%) {0.0%}
2  O                                                                         (0 = 0.0%) {100.0%}

Histogram: Cookie.LoadProblem recorded 2 samples, mean = 0.0 (flags = 0x41)
0  --O                                                                       (2 = 100.0%)
1  ... 

Histogram: Cookie.NameOrValueHtab recorded 4 samples, mean = 0.0 (flags = 0x41)
0  ----O                                                                     (4 = 100.0%)
1  ... 

Histogram: Cookie.OnCookiesAccessed.BatchSize recorded 5 samples, mean = 1.2 (flags = 0x41)
0  O                                                                         (0 = 0.0%)
1  ----O                                                                     (4 = 80.0%) {0.0%}
2  -O                                                                        (1 = 20.0%) {80.0%}
3  ... 

Histogram: Cookie.OnCookiesAccessed.TotalAccesses recorded 5 samples, mean = 1.8 (flags = 0x41)
0  O                                                                         (0 = 0.0%)
1  --O                                                                       (2 = 40.0%) {0.0%}
2  --O                                                                       (2 = 40.0%) {40.0%}
3  -O                                                                        (1 = 20.0%) {80.0%}
4  ... 

Histogram: Cookie.PartitionedCookiesInRequest recorded 37 samples, mean = 0.1 (flags = 0x41)
0  ---------------------------------O                                        (33 = 89.2%)
1  ----O                                                                     (4 = 10.8%) {89.2%}
2  ... 

Histogram: Cookie.Port.Read.RemoteHost recorded 80 samples, mean = 7.0 (flags = 0x41)
0  ... 
7  ------------------------------------------------------------------------O (80 = 100.0%) {0.0%}
8  ... 

Histogram: Cookie.Port.ReadDiffersFromSet.DomainSet recorded 80 samples, mean = 4.0 (flags = 0x41)
0  ... 
4  ------------------------------------------------------------------------O (80 = 100.0%) {0.0%}
5  O                                                                         (0 = 0.0%) {100.0%}

Histogram: Cookie.Port.ReadDiffersFromSet.RemoteHost recorded 80 samples, mean = 4.0 (flags = 0x41)
0  ... 
4  ------------------------------------------------------------------------O (80 = 100.0%) {0.0%}
5  O                                                                         (0 = 0.0%) {100.0%}

Histogram: Cookie.Port.Set.RemoteHost recorded 4 samples, mean = 7.0 (flags = 0x41)
0  ... 
7  ----O                                                                     (4 = 100.0%) {0.0%}
8  ... 

Histogram: Cookie.RequestSameSiteContext recorded 83 samples, mean = 2.9 (flags = 0x41)
0  --O                                                                       (2 = 2.4%)
1  ... 
3  ------------------------------------------------------------------------O (81 = 97.6%) {2.4%}
4  O                                                                         (0 = 0.0%) {100.0%}

Histogram: Cookie.SameSiteAttributeValue recorded 4 samples, mean = 2.5 (flags = 0x41)
0  --O                                                                       (2 = 50.0%)
1  ... 
5  --O                                                                       (2 = 50.0%) {50.0%}
6  ... 

Histogram: Cookie.SameSiteNoneSizeBytes recorded 2 samples, mean = 228.5 (flags = 0x41)
0    ... 
40   -O                                                                        (1 = 50.0%) {0.0%}
48   ... 
378  -O                                                                        (1 = 50.0%) {50.0%}
449  ... 

Histogram: Cookie.SameSiteNoneSizeBytes.Partitioned recorded 1 samples, mean = 417.0 (flags = 0x41)
0    ... 
378  -O                                                                        (1 = 100.0%) {0.0%}
449  ... 

Histogram: Cookie.SameSiteNoneSizeBytes.Unpartitioned recorded 1 samples, mean = 40.0 (flags = 0x41)
0   ... 
40  -O                                                                        (1 = 100.0%) {0.0%}
48  ... 

Histogram: Cookie.SourceType recorded 4 samples, mean = 1.0 (flags = 0x41)
0  O                                                                         (0 = 0.0%)
1  ----O                                                                     (4 = 100.0%) {0.0%}
2  ... 

Histogram: Cookie.TimeBlockedOnLoad recorded 2 samples, mean = 348.5 (flags = 0x41)
0    ... 
3    -O                                                                        (1 = 50.0%) {0.0%}
4    ... 
658  -O                                                                        (1 = 50.0%) {50.0%}
816  ... 

Histogram: Cookie.TimeInitializeDB recorded 2 samples, mean = 1.5 (flags = 0x41)
0  O                                                                         (0 = 0.0%)
1  -O                                                                        (1 = 50.0%) {0.0%}
2  -O                                                                        (1 = 50.0%) {50.0%}
3  ... 

Histogram: Cookie.TimeOpsBlockedDueToGlobalOp recorded 2 samples, mean = 1.5 (flags = 0x41)
0  -O                                                                        (1 = 50.0%)
1  ... 
3  -O                                                                        (1 = 50.0%) {50.0%}
4  ... 

Histogram: Cookie.Type2 recorded 4 samples, mean = 12.0 (flags = 0x41)
0   ... 
4   -O                                                                        (1 = 25.0%) {0.0%}
5   ... 
14  -O                                                                        (1 = 25.0%) {25.0%}
15  --O                                                                       (2 = 50.0%) {50.0%}
16  O                                                                         (0 = 0.0%) {100.0%}

Histogram: Crypto.TPMDuration.MessageSigningECDSA recorded 1 samples, mean = 169.0 (flags = 0x41)
0    ... 
136  -O                                                                        (1 = 100.0%) {0.0%}
173  ... 

Histogram: Crypto.TPMDuration.NewKeyCreationECDSA recorded 1 samples, mean = 366.0 (flags = 0x41)
0    ... 
356  -O                                                                        (1 = 100.0%) {0.0%}
452  ... 

Histogram: Crypto.TPMDuration.WrappedKeyCreationECDSA recorded 1 samples, mean = 108.0 (flags = 0x41)
0    ... 
107  -O                                                                        (1 = 100.0%) {0.0%}
136  ... 

Histogram: Crypto.TPMOperation.MessageSigningECDSA recorded 1 samples, mean = 1.0 (flags = 0x41)
0  O                                                                         (0 = 0.0%)
1  -O                                                                        (1 = 100.0%) {0.0%}
2  O                                                                         (0 = 0.0%) {100.0%}

Histogram: Crypto.TPMOperation.MessageVerifyECDSA recorded 1 samples, mean = 1.0 (flags = 0x41)
0  O                                                                         (0 = 0.0%)
1  -O                                                                        (1 = 100.0%) {0.0%}
2  O                                                                         (0 = 0.0%) {100.0%}

Histogram: Crypto.TPMOperation.NewKeyCreationECDSA recorded 1 samples, mean = 1.0 (flags = 0x41)
0  O                                                                         (0 = 0.0%)
1  -O                                                                        (1 = 100.0%) {0.0%}
2  O                                                                         (0 = 0.0%) {100.0%}

Histogram: Crypto.TPMOperation.Virtual.NewKeyCreationECDSA recorded 1 samples, mean = 0.0 (flags = 0x41)
0  -O                                                                        (1 = 100.0%)
1  ... 

Histogram: Crypto.TPMOperation.WrappedKeyCreationECDSA recorded 1 samples, mean = 1.0 (flags = 0x41)
0  O                                                                         (0 = 0.0%)
1  -O                                                                        (1 = 100.0%) {0.0%}
2  O                                                                         (0 = 0.0%) {100.0%}

Histogram: Crypto.TPMSupport2 recorded 1 samples, mean = 2.0 (flags = 0x41)
0  ... 
2  -O                                                                        (1 = 100.0%) {0.0%}
3  O                                                                         (0 = 0.0%) {100.0%}

Histogram: Crypto.TPMSupportType recorded 1 samples, mean = 1.0 (flags = 0x41)
0  O                                                                         (0 = 0.0%)
1  -O                                                                        (1 = 100.0%) {0.0%}
2  ... 

Histogram: Crypto.TpmError.VirtualCreateKey recorded 1 samples (flags = 0x41)
-2146893767-O                                                                        (1 = 100.0%)

Histogram: Crypto.VirtualKeySupport recorded 1 samples, mean = 2.0 (flags = 0x41)
0  ... 
2  -O                                                                        (1 = 100.0%) {0.0%}
3  O                                                                         (0 = 0.0%) {100.0%}

Histogram: DOMStorage.CommitMeasuredDelay recorded 4 samples, mean = 3557.2 (flags = 0x41)
0     ... 
7     -O                                                                        (1 = 25.0%) {0.0%}
8     ... 
3681  -O                                                                        (1 = 25.0%) {25.0%}
4249  O                                                                         (0 = 0.0%) {50.0%}
4904  --O                                                                       (2 = 50.0%) {50.0%}
5660  ... 

Histogram: DOMStorage.CommitSizeBytes recorded 2 samples, mean = 844.5 (flags = 0x41)
0    ... 
762  -O                                                                        (1 = 50.0%) {0.0%}
859  -O                                                                        (1 = 50.0%) {50.0%}
968  ... 

Histogram: DataUse.BytesReceived3.Delegate recorded 25 samples, mean = 2026.8 (flags = 0x41)
0      ... 
64     -O                                                                        (1 = 4.0%) {0.0%}
83     ... 
297    -O                                                                        (1 = 4.0%) {4.0%}
383    -O                                                                        (1 = 4.0%) {8.0%}
494    --O                                                                       (2 = 8.0%) {12.0%}
637    -O                                                                        (1 = 4.0%) {20.0%}
821    -O                                                                        (1 = 4.0%) {24.0%}
1059   --------------O                                                           (14 = 56.0%) {28.0%}
1366   ... 
2928   ---O                                                                      (3 = 12.0%) {84.0%}
3776   ... 
17362  -O                                                                        (1 = 4.0%) {96.0%}
22388  ... 

Histogram: DataUse.BytesSent3.Delegate recorded 25 samples, mean = 1498.1 (flags = 0x41)
0      ... 
21     -O                                                                        (1 = 4.0%) {0.0%}
28     ... 
196    -O                                                                        (1 = 4.0%) {4.0%}
258    O                                                                         (0 = 0.0%) {8.0%}
340    --O                                                                       (2 = 8.0%) {8.0%}
448    ---O                                                                      (3 = 12.0%) {16.0%}
590    --O                                                                       (2 = 8.0%) {28.0%}
777    -O                                                                        (1 = 4.0%) {36.0%}
1023   --------------O                                                           (14 = 56.0%) {40.0%}
1347   ... 
16063  -O                                                                        (1 = 4.0%) {96.0%}
21156  ... 

Histogram: DefaultBrowser.State recorded 1 samples, mean = 0.0 (flags = 0x41)
0  -O                                                                        (1 = 100.0%)
1  ... 

Histogram: DiskCache.0.Error recorded 1 samples, mean = 0.0 (flags = 0x41)
0  -O                                                                        (1 = 100.0%)
1  ... 

Histogram: DiskCache.0.TotalIOTimeRead recorded 103 samples, mean = 1.0 (flags = 0x41)
0  ---------------------------------------------------------O                (57 = 55.3%)
1  ---------------O                                                          (15 = 14.6%) {55.3%}
2  ------------O                                                             (12 = 11.7%) {69.9%}
3  ----------O                                                               (10 = 9.7%) {81.6%}
4  ---------O                                                                (9 = 8.7%) {91.3%}
5  ... 

Histogram: DiskCache.0.TotalIOTimeWrite recorded 9 samples, mean = 0.0 (flags = 0x41)
0  ---------O                                                                (9 = 100.0%)
1  ... 

Histogram: Download.Database.IsAvailable recorded 1 samples, mean = 1.0 (flags = 0x41)
0  O                                                                         (0 = 0.0%)
1  -O                                                                        (1 = 100.0%) {0.0%}
2  O                                                                         (0 = 0.0%) {100.0%}

Histogram: Download.Service.Db.Operation.Success recorded 1 samples, mean = 0.0 (flags = 0x41)
0  -O                                                                        (1 = 100.0%)
1  ... 

Histogram: Download.Service.Db.Records recorded 1 samples, mean = 0.0 (flags = 0x41)
0  -O                                                                        (1 = 100.0%)
1  ... 

Histogram: Download.Service.Db.Records.Active recorded 1 samples, mean = 0.0 (flags = 0x41)
0  -O                                                                        (1 = 100.0%)
1  ... 

Histogram: Download.Service.Db.Records.Available recorded 1 samples, mean = 0.0 (flags = 0x41)
0  -O                                                                        (1 = 100.0%)
1  ... 

Histogram: Download.Service.Db.Records.Complete recorded 1 samples, mean = 0.0 (flags = 0x41)
0  -O                                                                        (1 = 100.0%)
1  ... 

Histogram: Download.Service.Db.Records.New recorded 1 samples, mean = 0.0 (flags = 0x41)
0  -O                                                                        (1 = 100.0%)
1  ... 

Histogram: Download.Service.Db.Records.Paused recorded 1 samples, mean = 0.0 (flags = 0x41)
0  -O                                                                        (1 = 100.0%)
1  ... 

Histogram: Download.Service.Files.CleanUp.External recorded 3 samples, mean = 0.0 (flags = 0x41)
0  ---O                                                                      (3 = 100.0%)
1  ... 

Histogram: Download.Service.Files.CleanUp.External.Orphaned recorded 1 samples, mean = 0.0 (flags = 0x41)
0  -O                                                                        (1 = 100.0%)
1  ... 

Histogram: Download.Service.Files.CleanUp.External.Timeout recorded 1 samples, mean = 0.0 (flags = 0x41)
0  -O                                                                        (1 = 100.0%)
1  ... 

Histogram: Download.Service.Files.CleanUp.External.Unknown recorded 1 samples, mean = 0.0 (flags = 0x41)
0  -O                                                                        (1 = 100.0%)
1  ... 

Histogram: Download.Service.Files.CleanUp.Failure recorded 3 samples, mean = 0.0 (flags = 0x41)
0  ---O                                                                      (3 = 100.0%)
1  ... 

Histogram: Download.Service.Files.CleanUp.Failure.Orphaned recorded 1 samples, mean = 0.0 (flags = 0x41)
0  -O                                                                        (1 = 100.0%)
1  ... 

Histogram: Download.Service.Files.CleanUp.Failure.Timeout recorded 1 samples, mean = 0.0 (flags = 0x41)
0  -O                                                                        (1 = 100.0%)
1  ... 

Histogram: Download.Service.Files.CleanUp.Failure.Unknown recorded 1 samples, mean = 0.0 (flags = 0x41)
0  -O                                                                        (1 = 100.0%)
1  ... 

Histogram: Download.Service.Files.CleanUp.Success recorded 3 samples, mean = 0.0 (flags = 0x41)
0  ---O                                                                      (3 = 100.0%)
1  ... 

Histogram: Download.Service.Files.CleanUp.Success.Orphaned recorded 1 samples, mean = 0.0 (flags = 0x41)
0  -O                                                                        (1 = 100.0%)
1  ... 

Histogram: Download.Service.Files.CleanUp.Success.Timeout recorded 1 samples, mean = 0.0 (flags = 0x41)
0  -O                                                                        (1 = 100.0%)
1  ... 

Histogram: Download.Service.Files.CleanUp.Success.Unknown recorded 1 samples, mean = 0.0 (flags = 0x41)
0  -O                                                                        (1 = 100.0%)
1  ... 

Histogram: Download.Service.StartUpStatus.Initialization recorded 1 samples, mean = 0.0 (flags = 0x41)
0  -O                                                                        (1 = 100.0%)
1  ... 

Histogram: Enterprise.TimeToFirstPolicyLoad.Profile.Unmanaged recorded 1 samples, mean = 0.0 (flags = 0x41)
0  -O                                                                        (1 = 100.0%)
1  ... 

Histogram: EnterpriseCheck.AzureADJoinStatusCheckTime recorded 1 samples, mean = 3.0 (flags = 0x41)
0  ... 
3  -O                                                                        (1 = 100.0%) {0.0%}
4  ... 

Histogram: Event.GestureCreated recorded 1 samples, mean = 12.0 (flags = 0x41)
0   ... 
12  -O                                                                        (1 = 100.0%) {0.0%}
13  ... 

Histogram: Extension.Toolbar.BrowserActionsCount2 recorded 1 samples, mean = 0.0 (flags = 0x41)
0  -O                                                                        (1 = 100.0%)
1  ... 

Histogram: ExtensionToolbarModel.BrowserActionsCount recorded 1 samples, mean = 0.0 (flags = 0x41)
0  -O                                                                        (1 = 100.0%)
1  ... 

Histogram: Extensions.AppLocation2 recorded 1 samples, mean = 5.0 (flags = 0x41)
0  ... 
5  -O                                                                        (1 = 100.0%) {0.0%}
6  ... 

Histogram: Extensions.CorruptExtensionTotalDisables recorded 1 samples, mean = 0.0 (flags = 0x41)
0  -O                                                                        (1 = 100.0%)
1  ... 

Histogram: Extensions.CorruptExtensionTotalDisables2 recorded 1 samples, mean = 0.0 (flags = 0x41)
0  -O                                                                        (1 = 100.0%)
1  ... 

Histogram: Extensions.Database.Open.Rules recorded 1 samples, mean = 0.0 (flags = 0x41)
0  -O                                                                        (1 = 100.0%)
1  ... 

Histogram: Extensions.Database.Open.Scripts recorded 1 samples, mean = 0.0 (flags = 0x41)
0  -O                                                                        (1 = 100.0%)
1  ... 

Histogram: Extensions.Database.Open.State recorded 1 samples, mean = 0.0 (flags = 0x41)
0  -O                                                                        (1 = 100.0%)
1  ... 

Histogram: Extensions.DeveloperModeEnabled recorded 2 samples, mean = 0.0 (flags = 0x41)
0  --O                                                                       (2 = 100.0%)
1  ... 

Histogram: Extensions.DidCreateScriptContext_Unspecified recorded 1 samples, mean = 0.0 (flags = 0x41)
0  -O                                                                        (1 = 100.0%)
1  ... 

Histogram: Extensions.DidCreateScriptContext_WebPage recorded 3 samples, mean = 0.0 (flags = 0x41)
0  ---O                                                                      (3 = 100.0%)
1  ... 

Histogram: Extensions.Disabled recorded 1 samples, mean = 0.0 (flags = 0x41)
0  -O                                                                        (1 = 100.0%)
1  ... 

Histogram: Extensions.Disabled2 recorded 1 samples, mean = 0.0 (flags = 0x41)
0  -O                                                                        (1 = 100.0%)
1  ... 

Histogram: Extensions.DisabledForPermissions recorded 1 samples, mean = 0.0 (flags = 0x41)
0  -O                                                                        (1 = 100.0%)
1  ... 

Histogram: Extensions.DisabledForPermissions2 recorded 1 samples, mean = 0.0 (flags = 0x41)
0  -O                                                                        (1 = 100.0%)
1  ... 

Histogram: Extensions.EventlessEventPages2 recorded 1 samples, mean = 0.0 (flags = 0x41)
0  -O                                                                        (1 = 100.0%)
1  ... 

Histogram: Extensions.ExtensionLocation recorded 1 samples, mean = 5.0 (flags = 0x41)
0  ... 
5  -O                                                                        (1 = 100.0%) {0.0%}
6  ... 

Histogram: Extensions.ExtensionLocation2 recorded 1 samples, mean = 5.0 (flags = 0x41)
0  ... 
5  -O                                                                        (1 = 100.0%) {0.0%}
6  ... 

Histogram: Extensions.ExtensionsWithPageActions recorded 1 samples, mean = 0.0 (flags = 0x41)
0  -O                                                                        (1 = 100.0%)
1  ... 

Histogram: Extensions.HomepageOverrides recorded 1 samples, mean = 0.0 (flags = 0x41)
0  -O                                                                        (1 = 100.0%)
1  ... 

Histogram: Extensions.HomepageOverrides2 recorded 1 samples, mean = 0.0 (flags = 0x41)
0  -O                                                                        (1 = 100.0%)
1  ... 

Histogram: Extensions.InjectEnd_ScriptCount recorded 3 samples, mean = 0.0 (flags = 0x41)
0  ---O                                                                      (3 = 100.0%)
1  ... 

Histogram: Extensions.InjectIdle_ScriptCount recorded 3 samples, mean = 0.0 (flags = 0x41)
0  ---O                                                                      (3 = 100.0%)
1  ... 

Histogram: Extensions.InjectStart_CssCount recorded 5 samples, mean = 0.0 (flags = 0x41)
0  -----O                                                                    (5 = 100.0%)
1  ... 

Histogram: Extensions.InjectStart_ScriptCount recorded 5 samples, mean = 0.0 (flags = 0x41)
0  -----O                                                                    (5 = 100.0%)
1  ... 

Histogram: Extensions.LoadAll recorded 1 samples, mean = 2.0 (flags = 0x41)
0  ... 
2  -O                                                                        (1 = 100.0%) {0.0%}
3  ... 

Histogram: Extensions.LoadAll2 recorded 1 samples, mean = 2.0 (flags = 0x41)
0  ... 
2  -O                                                                        (1 = 100.0%) {0.0%}
3  ... 

Histogram: Extensions.LoadAllComponentTime recorded 1 samples, mean = 0.0 (flags = 0x41)
0  -O                                                                        (1 = 100.0%)
1  ... 

Histogram: Extensions.LoadAllComponentTime.User recorded 1 samples, mean = 0.0 (flags = 0x41)
0  -O                                                                        (1 = 100.0%)
1  ... 

Histogram: Extensions.LoadAllTime2 recorded 1 samples, mean = 0.0 (flags = 0x41)
0  -O                                                                        (1 = 100.0%)
1  ... 

Histogram: Extensions.LoadAllTime2.User recorded 1 samples, mean = 0.0 (flags = 0x41)
0  -O                                                                        (1 = 100.0%)
1  ... 

Histogram: Extensions.LoadApp recorded 1 samples, mean = 0.0 (flags = 0x41)
0  -O                                                                        (1 = 100.0%)
1  ... 

Histogram: Extensions.LoadApp2 recorded 1 samples, mean = 0.0 (flags = 0x41)
0  -O                                                                        (1 = 100.0%)
1  ... 

Histogram: Extensions.LoadAppExternal recorded 1 samples, mean = 0.0 (flags = 0x41)
0  -O                                                                        (1 = 100.0%)
1  ... 

Histogram: Extensions.LoadAppExternal2 recorded 1 samples, mean = 0.0 (flags = 0x41)
0  -O                                                                        (1 = 100.0%)
1  ... 

Histogram: Extensions.LoadAppUser recorded 1 samples, mean = 0.0 (flags = 0x41)
0  -O                                                                        (1 = 100.0%)
1  ... 

Histogram: Extensions.LoadAppUser2 recorded 1 samples, mean = 0.0 (flags = 0x41)
0  -O                                                                        (1 = 100.0%)
1  ... 

Histogram: Extensions.LoadBrowserAction recorded 1 samples, mean = 0.0 (flags = 0x41)
0  -O                                                                        (1 = 100.0%)
1  ... 

Histogram: Extensions.LoadBrowserAction2 recorded 1 samples, mean = 0.0 (flags = 0x41)
0  -O                                                                        (1 = 100.0%)
1  ... 

Histogram: Extensions.LoadExtension recorded 1 samples, mean = 0.0 (flags = 0x41)
0  -O                                                                        (1 = 100.0%)
1  ... 

Histogram: Extensions.LoadExtension2 recorded 1 samples, mean = 0.0 (flags = 0x41)
0  -O                                                                        (1 = 100.0%)
1  ... 

Histogram: Extensions.LoadExtensionExternal recorded 1 samples, mean = 0.0 (flags = 0x41)
0  -O                                                                        (1 = 100.0%)
1  ... 

Histogram: Extensions.LoadExtensionExternal2 recorded 1 samples, mean = 0.0 (flags = 0x41)
0  -O                                                                        (1 = 100.0%)
1  ... 

Histogram: Extensions.LoadExtensionUser2 recorded 1 samples, mean = 0.0 (flags = 0x41)
0  -O                                                                        (1 = 100.0%)
1  ... 

Histogram: Extensions.LoadHostedApp recorded 1 samples, mean = 0.0 (flags = 0x41)
0  -O                                                                        (1 = 100.0%)
1  ... 

Histogram: Extensions.LoadHostedApp2 recorded 1 samples, mean = 0.0 (flags = 0x41)
0  -O                                                                        (1 = 100.0%)
1  ... 

Histogram: Extensions.LoadNoExtensionAction recorded 1 samples, mean = 0.0 (flags = 0x41)
0  -O                                                                        (1 = 100.0%)
1  ... 

Histogram: Extensions.LoadNoExtensionAction2 recorded 1 samples, mean = 0.0 (flags = 0x41)
0  -O                                                                        (1 = 100.0%)
1  ... 

Histogram: Extensions.LoadOffStoreItems recorded 1 samples, mean = 0.0 (flags = 0x41)
0  -O                                                                        (1 = 100.0%)
1  ... 

Histogram: Extensions.LoadOffStoreItems2 recorded 1 samples, mean = 0.0 (flags = 0x41)
0  -O                                                                        (1 = 100.0%)
1  ... 

Histogram: Extensions.LoadPackagedApp recorded 1 samples, mean = 0.0 (flags = 0x41)
0  -O                                                                        (1 = 100.0%)
1  ... 

Histogram: Extensions.LoadPackagedApp2 recorded 1 samples, mean = 0.0 (flags = 0x41)
0  -O                                                                        (1 = 100.0%)
1  ... 

Histogram: Extensions.LoadPlatformApp recorded 1 samples, mean = 0.0 (flags = 0x41)
0  -O                                                                        (1 = 100.0%)
1  ... 

Histogram: Extensions.LoadPlatformApp2 recorded 1 samples, mean = 0.0 (flags = 0x41)
0  -O                                                                        (1 = 100.0%)
1  ... 

Histogram: Extensions.LoadTheme recorded 1 samples, mean = 0.0 (flags = 0x41)
0  -O                                                                        (1 = 100.0%)
1  ... 

Histogram: Extensions.LoadTheme2 recorded 1 samples, mean = 0.0 (flags = 0x41)
0  -O                                                                        (1 = 100.0%)
1  ... 

Histogram: Extensions.LoadUserScript recorded 1 samples, mean = 0.0 (flags = 0x41)
0  -O                                                                        (1 = 100.0%)
1  ... 

Histogram: Extensions.LoadUserScript2 recorded 1 samples, mean = 0.0 (flags = 0x41)
0  -O                                                                        (1 = 100.0%)
1  ... 

Histogram: Extensions.Management_Refresh recorded 1 samples, mean = 0.0 (flags = 0x41)
0  -O                                                                        (1 = 100.0%)
1  ... 

Histogram: Extensions.ManifestVersion2Count.Component recorded 1 samples, mean = 1.0 (flags = 0x41)
0  O                                                                         (0 = 0.0%)
1  -O                                                                        (1 = 100.0%) {0.0%}
2  ... 

Histogram: Extensions.ManifestVersion2Count.External recorded 1 samples, mean = 0.0 (flags = 0x41)
0  -O                                                                        (1 = 100.0%)
1  ... 

Histogram: Extensions.ManifestVersion2Count.Internal recorded 1 samples, mean = 0.0 (flags = 0x41)
0  -O                                                                        (1 = 100.0%)
1  ... 

Histogram: Extensions.ManifestVersion2Count.Policy recorded 1 samples, mean = 0.0 (flags = 0x41)
0  -O                                                                        (1 = 100.0%)
1  ... 

Histogram: Extensions.ManifestVersion2Count.Unpacked recorded 1 samples, mean = 0.0 (flags = 0x41)
0  -O                                                                        (1 = 100.0%)
1  ... 

Histogram: Extensions.ManifestVersion3Count.Component recorded 1 samples, mean = 0.0 (flags = 0x41)
0  -O                                                                        (1 = 100.0%)
1  ... 

Histogram: Extensions.ManifestVersion3Count.External recorded 1 samples, mean = 0.0 (flags = 0x41)
0  -O                                                                        (1 = 100.0%)
1  ... 

Histogram: Extensions.ManifestVersion3Count.Internal recorded 1 samples, mean = 0.0 (flags = 0x41)
0  -O                                                                        (1 = 100.0%)
1  ... 

Histogram: Extensions.ManifestVersion3Count.Policy recorded 1 samples, mean = 0.0 (flags = 0x41)
0  -O                                                                        (1 = 100.0%)
1  ... 

Histogram: Extensions.ManifestVersion3Count.Unpacked recorded 1 samples, mean = 0.0 (flags = 0x41)
0  -O                                                                        (1 = 100.0%)
1  ... 

Histogram: Extensions.ManifestVersionByLocation.Component recorded 1 samples, mean = 2.0 (flags = 0x41)
0  ... 
2  -O                                                                        (1 = 100.0%) {0.0%}
3  ... 

Histogram: Extensions.ManifestVersionPopulationSplit.Component recorded 1 samples, mean = 1.0 (flags = 0x41)
0  O                                                                         (0 = 0.0%)
1  -O                                                                        (1 = 100.0%) {0.0%}
2  ... 

Histogram: Extensions.ManifestVersionPopulationSplit.External recorded 1 samples, mean = 0.0 (flags = 0x41)
0  -O                                                                        (1 = 100.0%)
1  ... 

Histogram: Extensions.ManifestVersionPopulationSplit.Internal recorded 1 samples, mean = 0.0 (flags = 0x41)
0  -O                                                                        (1 = 100.0%)
1  ... 

Histogram: Extensions.ManifestVersionPopulationSplit.InternalAndExternal recorded 1 samples, mean = 0.0 (flags = 0x41)
0  -O                                                                        (1 = 100.0%)
1  ... 

Histogram: Extensions.ManifestVersionPopulationSplit.Unpacked recorded 1 samples, mean = 0.0 (flags = 0x41)
0  -O                                                                        (1 = 100.0%)
1  ... 

Histogram: Extensions.NewTabPageOverrides recorded 1 samples, mean = 0.0 (flags = 0x41)
0  -O                                                                        (1 = 100.0%)
1  ... 

Histogram: Extensions.NewTabPageOverrides2 recorded 1 samples, mean = 0.0 (flags = 0x41)
0  -O                                                                        (1 = 100.0%)
1  ... 

Histogram: Extensions.NonWebStoreNewTabPageOverrides recorded 1 samples, mean = 0.0 (flags = 0x41)
0  -O                                                                        (1 = 100.0%)
1  ... 

Histogram: Extensions.NonWebStoreNewTabPageOverrides2 recorded 1 samples, mean = 0.0 (flags = 0x41)
0  -O                                                                        (1 = 100.0%)
1  ... 

Histogram: Extensions.NonWebstoreLocation recorded 2 samples, mean = 5.0 (flags = 0x41)
0  ... 
5  --O                                                                       (2 = 100.0%) {0.0%}
6  ... 

Histogram: Extensions.NonWebstoreLocation2 recorded 2 samples, mean = 5.0 (flags = 0x41)
0  ... 
5  --O                                                                       (2 = 100.0%) {0.0%}
6  ... 

Histogram: Extensions.NonWebstoreLocationWithDeveloperModeOff.Enabled3 recorded 2 samples, mean = 5.0 (flags = 0x41)
0  ... 
5  --O                                                                       (2 = 100.0%) {0.0%}
6  ... 

Histogram: Extensions.NotAllowlistedDisabled recorded 1 samples, mean = 0.0 (flags = 0x41)
0  -O                                                                        (1 = 100.0%)
1  ... 

Histogram: Extensions.NotAllowlistedDisabled2 recorded 1 samples, mean = 0.0 (flags = 0x41)
0  -O                                                                        (1 = 100.0%)
1  ... 

Histogram: Extensions.NotAllowlistedEnabled recorded 1 samples, mean = 0.0 (flags = 0x41)
0  -O                                                                        (1 = 100.0%)
1  ... 

Histogram: Extensions.NotAllowlistedEnabled2 recorded 1 samples, mean = 0.0 (flags = 0x41)
0  -O                                                                        (1 = 100.0%)
1  ... 

Histogram: Extensions.ProcessManagerStartupHostsTime2 recorded 1 samples, mean = 0.0 (flags = 0x41)
0  -O                                                                        (1 = 100.0%)
1  ... 

Histogram: Extensions.SearchEngineOverrides recorded 1 samples, mean = 0.0 (flags = 0x41)
0  -O                                                                        (1 = 100.0%)
1  ... 

Histogram: Extensions.SearchEngineOverrides2 recorded 1 samples, mean = 0.0 (flags = 0x41)
0  -O                                                                        (1 = 100.0%)
1  ... 

Histogram: Extensions.StartupPagesOverrides recorded 1 samples, mean = 0.0 (flags = 0x41)
0  -O                                                                        (1 = 100.0%)
1  ... 

Histogram: Extensions.StartupPagesOverrides2 recorded 1 samples, mean = 0.0 (flags = 0x41)
0  -O                                                                        (1 = 100.0%)
1  ... 

Histogram: Extensions.WebRequestBlockingCount recorded 1 samples, mean = 0.0 (flags = 0x41)
0  -O                                                                        (1 = 100.0%)
1  ... 

Histogram: Extensions.WebRequestBlockingCount2 recorded 1 samples, mean = 0.0 (flags = 0x41)
0  -O                                                                        (1 = 100.0%)
1  ... 

Histogram: Extensions.WebRequestCount recorded 1 samples, mean = 0.0 (flags = 0x41)
0  -O                                                                        (1 = 100.0%)
1  ... 

Histogram: Extensions.WebRequestCount2 recorded 1 samples, mean = 0.0 (flags = 0x41)
0  -O                                                                        (1 = 100.0%)
1  ... 

Histogram: FetchKeepAlive.Renderer.Total.ReceivedResponse recorded 1 samples, mean = 1.0 (flags = 0x41)
0  O                                                                         (0 = 0.0%)
1  -O                                                                        (1 = 100.0%) {0.0%}
2  O                                                                         (0 = 0.0%) {100.0%}

Histogram: FetchKeepAlive.Renderer.Total.Started recorded 1 samples, mean = 1.0 (flags = 0x41)
0  O                                                                         (0 = 0.0%)
1  -O                                                                        (1 = 100.0%) {0.0%}
2  O                                                                         (0 = 0.0%) {100.0%}

Histogram: FetchKeepAlive.Requests2.Network recorded 2 samples, mean = 0.5 (flags = 0x41)
0  -O                                                                        (1 = 50.0%)
1  -O                                                                        (1 = 50.0%) {50.0%}
2  O                                                                         (0 = 0.0%) {100.0%}

Histogram: FetchKeepAlive.Requests2.SentToService.Renderer recorded 1 samples, mean = 2.0 (flags = 0x41)
0  ... 
2  -O                                                                        (1 = 100.0%) {0.0%}
3  ... 

Histogram: FetchKeepAlive.Requests2.Started.IsContextDetached.Renderer recorded 1 samples, mean = 0.0 (flags = 0x41)
0  -O                                                                        (1 = 100.0%)
1  ... 

Histogram: FetchKeepAlive.Requests2.Started.Renderer recorded 1 samples, mean = 1.0 (flags = 0x41)
0  O                                                                         (0 = 0.0%)
1  -O                                                                        (1 = 100.0%) {0.0%}
2  ... 

Histogram: FetchKeepAlive.Requests2.Succeeded.IsContextDetached.Renderer recorded 1 samples, mean = 0.0 (flags = 0x41)
0  -O                                                                        (1 = 100.0%)
1  ... 

Histogram: FetchKeepAlive.Requests2.Succeeded.Renderer recorded 1 samples, mean = 1.0 (flags = 0x41)
0  O                                                                         (0 = 0.0%)
1  -O                                                                        (1 = 100.0%) {0.0%}
2  ... 

Histogram: FetchKeepAlive.Requests2.Total.Renderer recorded 1 samples, mean = 1.0 (flags = 0x41)
0  O                                                                         (0 = 0.0%)
1  -O                                                                        (1 = 100.0%) {0.0%}
2  ... 

Histogram: FirstPartySets.Database.InitStatus recorded 1 samples, mean = 1.0 (flags = 0x41)
0  O                                                                         (0 = 0.0%)
1  -O                                                                        (1 = 100.0%) {0.0%}
2  ... 

Histogram: FirstPartySets.Database.TransactionFailed recorded 7 samples, mean = 0.0 (flags = 0x41)
0  -------O                                                                  (7 = 100.0%)
1  ... 

Histogram: FirstPartySets.Initialization.ClearSiteDataOutcome recorded 1 samples, mean = 1.0 (flags = 0x41)
0  O                                                                         (0 = 0.0%)
1  -O                                                                        (1 = 100.0%) {0.0%}
2  O                                                                         (0 = 0.0%) {100.0%}

Histogram: FirstPartySets.Initialization.SitesToClear.Count recorded 1 samples, mean = 0.0 (flags = 0x41)
0  -O                                                                        (1 = 100.0%)
1  ... 

Histogram: GPU.ANGLE.D3DShaderBlobSizeKB recorded 4 samples, mean = 0.5 (flags = 0x41)
0  ----O                                                                     (4 = 100.0%)
1000... 

Histogram: GPU.ANGLE.D3DShaderCompilationTimeUs recorded 4 samples, mean = 3146.2 (flags = 0x41)
0     ... 
1774  --O                                                                       (2 = 50.0%) {0.0%}
2336  ... 
4053  --O                                                                       (2 = 50.0%) {50.0%}
5338  ... 

Histogram: GPU.BlocklistFeatureTestResults.Accelerated2dCanvas recorded 1 samples, mean = 0.0 (flags = 0x41)
0  -O                                                                        (1 = 100.0%)
1  ... 

Histogram: GPU.BlocklistFeatureTestResults.GpuCompositing recorded 1 samples, mean = 0.0 (flags = 0x41)
0  -O                                                                        (1 = 100.0%)
1  ... 

Histogram: GPU.BlocklistFeatureTestResults.GpuRasterization recorded 1 samples, mean = 0.0 (flags = 0x41)
0  -O                                                                        (1 = 100.0%)
1  ... 

Histogram: GPU.BlocklistFeatureTestResults.Webgl recorded 1 samples, mean = 0.0 (flags = 0x41)
0  -O                                                                        (1 = 100.0%)
1  ... 

Histogram: GPU.BlocklistFeatureTestResults.Webgl2 recorded 1 samples, mean = 0.0 (flags = 0x41)
0  -O                                                                        (1 = 100.0%)
1  ... 

Histogram: GPU.BlocklistFeatureTestResults.Webgpu recorded 1 samples, mean = 2.0 (flags = 0x41)
0  ... 
2  -O                                                                        (1 = 100.0%) {0.0%}
3  ... 

Histogram: GPU.BlocklistTestResultsPerEntry recorded 1 samples, mean = 0.0 (flags = 0x41)
0  -O                                                                        (1 = 100.0%)
1  ... 

Histogram: GPU.CanvasOopRaster.OopRasterAndGpuAcceleration recorded 1 samples, mean = 0.0 (flags = 0x41)
0  -O                                                                        (1 = 100.0%)
1  ... 

Histogram: GPU.CompositingMode recorded 6 samples, mean = 1.0 (flags = 0x41)
0  O                                                                         (0 = 0.0%)
1  ------O                                                                   (6 = 100.0%) {0.0%}
2  ... 

Histogram: GPU.D3D12FeatureLevel recorded 1 samples, mean = 5.0 (flags = 0x41)
0  ... 
5  -O                                                                        (1 = 100.0%) {0.0%}
6  O                                                                         (0 = 0.0%) {100.0%}

Histogram: GPU.D3D12HighestShaderModel2 recorded 1 samples, mean = 9.0 (flags = 0x41)
0  ... 
9  -O                                                                        (1 = 100.0%) {0.0%}
10 O                                                                         (0 = 0.0%) {100.0%}

Histogram: GPU.DriverBugTestResultsPerEntry recorded 11 samples (flags = 0x41)
0    -O                                                                        (1 = 9.1%)
17   -O                                                                        (1 = 9.1%)
165  -O                                                                        (1 = 9.1%)
206  -O                                                                        (1 = 9.1%)
256  -O                                                                        (1 = 9.1%)
315  -O                                                                        (1 = 9.1%)
403  -O                                                                        (1 = 9.1%)
419  -O                                                                        (1 = 9.1%)
426  -O                                                                        (1 = 9.1%)
430  -O                                                                        (1 = 9.1%)
432  -O                                                                        (1 = 9.1%)

Histogram: GPU.EstablishGpuChannelSyncTime recorded 2 samples, mean = 1194.0 (flags = 0x41)
0     ... 
5     -O                                                                        (1 = 50.0%) {0.0%}
6     ... 
2117  -O                                                                        (1 = 50.0%) {50.0%}
2516  ... 

Histogram: GPU.EstablishGpuChannelSyncTime.FirstRun recorded 2 samples, mean = 1194.0 (flags = 0x41)
0     ... 
5     -O                                                                        (1 = 50.0%) {0.0%}
6     ... 
2117  -O                                                                        (1 = 50.0%) {50.0%}
2516  ... 

Histogram: GPU.GPUProcessLaunchTime recorded 2 samples, mean = 4772.0 (flags = 0x41)
0     ... 
14    -O                                                                        (1 = 50.0%) {0.0%}
17    ... 
8416  -O                                                                        (1 = 50.0%) {50.0%}
10000 O                                                                         (0 = 0.0%) {100.0%}

Histogram: GPU.GPUProcessTerminationStatus2 recorded 1 samples, mean = 4.0 (flags = 0x41)
0  ... 
4  -O                                                                        (1 = 100.0%) {0.0%}
5  ... 

Histogram: GPU.HardwareAccelerationModeEnabled recorded 1 samples, mean = 1.0 (flags = 0x41)
0  O                                                                         (0 = 0.0%)
1  -O                                                                        (1 = 100.0%) {0.0%}
2  O                                                                         (0 = 0.0%) {100.0%}

Histogram: GPU.MultiGpu.Nvidia recorded 1 samples (flags = 0x41)
10272  -O                                                                        (1 = 100.0%)

Histogram: GPU.ProcessLifetimeEvents.HardwareAccelerated recorded 1 samples, mean = 0.0 (flags = 0x41)
0  -O                                                                        (1 = 100.0%)
1  ... 

Histogram: GPU.RasterDecoder.TimeToFlush recorded 1 samples, mean = 472.0 (flags = 0x41)
0    ... 
471  -O                                                                        (1 = 100.0%) {0.0%}
536  ... 

Histogram: GPU.SharedImage.BackingType recorded 3 samples, mean = 8.7 (flags = 0x41)
0   ... 
2   -O                                                                        (1 = 33.3%) {0.0%}
3   ... 
12  --O                                                                       (2 = 66.7%) {33.3%}
13  ... 

Histogram: GPU.SharedImage.ContentConsumed recorded 6 samples, mean = 0.5 (flags = 0x41)
0  ---O                                                                      (3 = 50.0%)
1  ---O                                                                      (3 = 50.0%) {50.0%}
2  O                                                                         (0 = 0.0%) {100.0%}

Histogram: GPU.SkiaBackendType recorded 1 samples, mean = 2.0 (flags = 0x41)
0  ... 
2  -O                                                                        (1 = 100.0%) {0.0%}
3  ... 

Histogram: GPU.SupportsDX12 recorded 1 samples, mean = 1.0 (flags = 0x41)
0  O                                                                         (0 = 0.0%)
1  -O                                                                        (1 = 100.0%) {0.0%}
2  O                                                                         (0 = 0.0%) {100.0%}

Histogram: GPU.WatchdogThread.Event recorded 1 samples, mean = 0.0 (flags = 0x41)
0  -O                                                                        (1 = 100.0%)
1  ... 

Histogram: GPU.WatchdogThread.Event.main recorded 1 samples, mean = 0.0 (flags = 0x41)
0  -O                                                                        (1 = 100.0%)
1  ... 

Histogram: GPU.WatchdogThread.Timeout recorded 103 samples, mean = 0.0 (flags = 0x41)
0  ------------------------------------------------------------------------O (103 = 100.0%)
1  ... 

Histogram: GPU.WatchdogThread.Timeout.Normal recorded 103 samples, mean = 0.0 (flags = 0x41)
0  ------------------------------------------------------------------------O (103 = 100.0%)
1  ... 

Histogram: GPU.WatchdogThread.Timeout.Normal.main recorded 103 samples, mean = 0.0 (flags = 0x41)
0  ------------------------------------------------------------------------O (103 = 100.0%)
1  ... 

Histogram: GPU.WatchdogThread.Timeout.main recorded 103 samples, mean = 0.0 (flags = 0x41)
0  ------------------------------------------------------------------------O (103 = 100.0%)
1  ... 

Histogram: Gaia.AuthFetcher.ListAccounts.NetErrorCodes recorded 1 samples (flags = 0x41)
0  -O                                                                        (1 = 100.0%)

Histogram: Gpu.FenceHandle.CloneCountsPerSubmit recorded 4 samples, mean = 0.0 (flags = 0x41)
0  ----O                                                                     (4 = 100.0%)
1  ... 

Histogram: Gpu.GrCompileShaderUs recorded 4 samples, mean = 416.0 (flags = 0x41)
0    ... 
149  -O                                                                        (1 = 25.0%) {0.0%}
196  O                                                                         (0 = 0.0%) {25.0%}
258  -O                                                                        (1 = 25.0%) {25.0%}
340  -O                                                                        (1 = 25.0%) {50.0%}
448  O                                                                         (0 = 0.0%) {75.0%}
590  -O                                                                        (1 = 25.0%) {75.0%}
777  ... 

Histogram: Gpu.GrLinkProgramUs recorded 2 samples, mean = 4084.5 (flags = 0x41)
0     ... 
2336  -O                                                                        (1 = 50.0%) {0.0%}
3077  ... 
5338  -O                                                                        (1 = 50.0%) {50.0%}
7031  ... 

Histogram: Gpu.PassthroughProgramCacheLoadHitInCache recorded 2 samples, mean = 0.0 (flags = 0x41)
0  --O                                                                       (2 = 100.0%)
1  ... 

Histogram: Gpu.Rasterization.Raster.MSAASampleCountLog2 recorded 1 samples, mean = 0.0 (flags = 0x41)
0  -O                                                                        (1 = 100.0%)
1  ... 

Histogram: HangWatcher.IsThreadHung.BrowserProcess.IOThread.Normal recorded 208 samples, mean = 0.0 (flags = 0x41)
0  ------------------------------------------------------------------------O (208 = 100.0%)
1  ... 

Histogram: HangWatcher.IsThreadHung.BrowserProcess.UIThread.Normal recorded 208 samples, mean = 0.0 (flags = 0x41)
0  ------------------------------------------------------------------------O (208 = 100.0%)
1  ... 

Histogram: HangWatcher.IsThreadHung.RendererProcess.IOThread recorded 207 samples, mean = 0.0 (flags = 0x41)
0  ------------------------------------------------------------------------O (207 = 100.0%)
1  ... 

Histogram: HangWatcher.IsThreadHung.RendererProcess.IOThread.BestEffort recorded 209 samples, mean = 0.0 (flags = 0x41)
0  ------------------------------------------------------------------------O (209 = 100.0%)
1  ... 

Histogram: HangWatcher.IsThreadHung.RendererProcess.MainThread recorded 207 samples, mean = 0.0 (flags = 0x41)
0  ------------------------------------------------------------------------O (207 = 100.0%)
1  ... 

Histogram: HangWatcher.IsThreadHung.RendererProcess.MainThread.BestEffort recorded 209 samples, mean = 0.0 (flags = 0x41)
0  ------------------------------------------------------------------------O (209 = 100.0%)
1  ... 

Histogram: HangWatcher.IsThreadHung.UtilityProcess.IOThread recorded 416 samples, mean = 0.0 (flags = 0x41)
0  ------------------------------------------------------------------------O (416 = 100.0%)
1  ... 

Histogram: HangWatcher.IsThreadHung.UtilityProcess.MainThread recorded 416 samples, mean = 0.0 (flags = 0x41)
0  ------------------------------------------------------------------------O (416 = 100.0%)
1  ... 

Histogram: HangWatcher.SleepDrift.BrowserProcess recorded 1040 samples, mean = 6.1 (flags = 0x41)
0   ------------------------------------------------------------------------O (232 = 22.3%)
1   ----------------------O                                                   (71 = 6.8%) {22.3%}
2   ----------------O                                                         (52 = 5.0%) {29.1%}
3   ---------------O                                                          (49 = 4.7%) {34.1%}
4   --------------------O                                                     (63 = 6.1%) {38.8%}
5   ----------------O                                                         (52 = 5.0%) {44.9%}
6   ----------------O                                                         (51 = 4.9%) {49.9%}
7   --------------O                                                           (44 = 4.2%) {54.8%}
8   -------------------------------O                                          (101 = 9.7%) {59.0%}
10  --------------------------------------O                                   (123 = 11.8%) {68.8%}
12  -----------------------------------O                                      (113 = 10.9%) {80.6%}
14  ---------------------------O                                              (87 = 8.4%) {91.4%}
17  O                                                                         (0 = 0.0%) {99.8%}
20  O                                                                         (1 = 0.1%) {99.8%}
24  ... 
57  O                                                                         (1 = 0.1%) {99.9%}
68  ... 

Histogram: Hardware.Display.Count.OnStartup recorded 1 samples, mean = 2.0 (flags = 0x41)
0  ... 
2  -O                                                                        (1 = 100.0%) {0.0%}
3  ... 

Histogram: Hardware.Display.SupportsHDR recorded 2 samples, mean = 0.0 (flags = 0x41)
0  --O                                                                       (2 = 100.0%)
1  ... 

Histogram: HeapProfiling.InProcess.Enabled recorded 1 samples, mean = 0.0 (flags = 0x41)
0  -O                                                                        (1 = 100.0%)
1  ... 

Histogram: HeapProfiling.InProcess.Enabled.Browser recorded 1 samples, mean = 0.0 (flags = 0x41)
0  -O                                                                        (1 = 100.0%)
1  ... 

Histogram: Histogram.TooManyBuckets.1000 recorded 4 samples (flags = 0x41)
-2140283801 --O                                                                       (2 = 50.0%)
1721222685  --O                                                                       (2 = 50.0%)

Histogram: History.Backend.TransactionCommitSuccess recorded 3 samples, mean = 1.0 (flags = 0x41)
0  O                                                                         (0 = 0.0%)
1  ---O                                                                      (3 = 100.0%) {0.0%}
2  O                                                                         (0 = 0.0%) {100.0%}

Histogram: History.ClearBrowsingData.TaskQueueAtShutdown recorded 1 samples, mean = 0.0 (flags = 0x41)
0  -O                                                                        (1 = 100.0%)
1  ... 

Histogram: History.Clusters.ContextClusterer.VisitProcessingLatency.CleanUpTimer recorded 3 samples, mean = 0.0 (flags = 0x41)
0  ---O                                                                      (3 = 100.0%)
1  ... 

Histogram: History.Clusters.ContextClusterer.VisitProcessingLatency.UrlVisited recorded 4 samples, mean = 0.0 (flags = 0x41)
0  ----O                                                                     (4 = 100.0%)
1  ... 

Histogram: History.Clusters.JourneysEligibleAndEnabledAtSessionStart recorded 1 samples, mean = 1.0 (flags = 0x41)
0  O                                                                         (0 = 0.0%)
1  -O                                                                        (1 = 100.0%) {0.0%}
2  O                                                                         (0 = 0.0%) {100.0%}

Histogram: History.Clusters.KeywordCache.LoadCachesFromPrefs.Latency recorded 1 samples, mean = 0.0 (flags = 0x41)
0  -O                                                                        (1 = 100.0%)
1  ... 

Histogram: History.InMemoryDBItemCount recorded 1 samples, mean = 2.0 (flags = 0x41)
0  ... 
2  -O                                                                        (1 = 100.0%) {0.0%}
3  ... 

Histogram: History.TopSites.QueryFromHistoryTime recorded 1 samples, mean = 16.0 (flags = 0x41)
0   ... 
14  -O                                                                        (1 = 100.0%) {0.0%}
17  ... 

Histogram: History.VisitedLinks.HashTableLengthOnReaderInit recorded 3 samples, mean = 16381.0 (flags = 0x41)
0      ... 
14319  ---O                                                                      (3 = 100.0%) {0.0%}
19866  ... 

Histogram: History.VisitedLinks.HashTableSizeOnTableCreate recorded 2 samples, mean = 0.0 (flags = 0x41)
0  --O                                                                       (2 = 100.0%)
1  ... 

Histogram: History.VisitedLinks.HashTableUsageOnLinkAdded recorded 4 samples, mean = 2.2 (flags = 0x41)
0  -O                                                                        (1 = 25.0%)
1  ... 
3  ---O                                                                      (3 = 75.0%) {25.0%}
4  ... 

Histogram: History.VisitedLinks.TryToAddFingerprint recorded 5 samples, mean = 0.8 (flags = 0x41)
0  -O                                                                        (1 = 20.0%)
1  ----O                                                                     (4 = 80.0%) {20.0%}
2  ... 

Histogram: History.VisitedLinks.VisitLoggedFromMainFrame recorded 3 samples, mean = 1.0 (flags = 0x41)
0  O                                                                         (0 = 0.0%)
1  ---O                                                                      (3 = 100.0%) {0.0%}
2  O                                                                         (0 = 0.0%) {100.0%}

Histogram: History.VisitedLinks.VisitLoggedFromTransition recorded 3 samples, mean = 1.7 (flags = 0x41)
0  O                                                                         (0 = 0.0%)
1  -O                                                                        (1 = 33.3%) {0.0%}
2  --O                                                                       (2 = 66.7%) {33.3%}
3  ... 

Histogram: HttpCache.AccessToDone2 recorded 48 samples, mean = 83.9 (flags = 0x41)
0     -O                                                                        (1 = 2.1%)
1     ---O                                                                      (3 = 6.2%) {2.1%}
2     -------O                                                                  (7 = 14.6%) {8.3%}
3     ... 
5     -O                                                                        (1 = 2.1%) {22.9%}
6     ---O                                                                      (3 = 6.2%) {25.0%}
7     ----O                                                                     (4 = 8.3%) {31.2%}
8     -O                                                                        (1 = 2.1%) {39.6%}
9     --O                                                                       (2 = 4.2%) {41.7%}
10    -O                                                                        (1 = 2.1%) {45.8%}
11    --O                                                                       (2 = 4.2%) {47.9%}
12    ... 
14    ---O                                                                      (3 = 6.2%) {52.1%}
15    O                                                                         (0 = 0.0%) {58.3%}
16    ---O                                                                      (3 = 6.2%) {58.3%}
18    ----O                                                                     (4 = 8.3%) {64.6%}
20    -O                                                                        (1 = 2.1%) {72.9%}
22    O                                                                         (0 = 0.0%) {75.0%}
24    -O                                                                        (1 = 2.1%) {75.0%}
26    --O                                                                       (2 = 4.2%) {77.1%}
28    ... 
135   -O                                                                        (1 = 2.1%) {81.2%}
148   ... 
177   -O                                                                        (1 = 2.1%) {83.3%}
194   O                                                                         (0 = 0.0%) {85.4%}
212   -O                                                                        (1 = 2.1%) {85.4%}
232   --O                                                                       (2 = 4.2%) {87.5%}
254   O                                                                         (0 = 0.0%) {91.7%}
278   --O                                                                       (2 = 4.2%) {91.7%}
304   ... 
571   -O                                                                        (1 = 2.1%) {95.8%}
625   ... 
1403  -O                                                                        (1 = 2.1%) {97.9%}
1535  ... 

Histogram: HttpCache.AccessToDone2.SentRequest recorded 8 samples, mean = 418.4 (flags = 0x41)
0     ... 
135   -O                                                                        (1 = 12.5%) {0.0%}
148   ... 
177   -O                                                                        (1 = 12.5%) {12.5%}
194   O                                                                         (0 = 0.0%) {25.0%}
212   -O                                                                        (1 = 12.5%) {25.0%}
232   --O                                                                       (2 = 25.0%) {37.5%}
254   O                                                                         (0 = 0.0%) {62.5%}
278   -O                                                                        (1 = 12.5%) {62.5%}
304   ... 
571   -O                                                                        (1 = 12.5%) {75.0%}
625   ... 
1403  -O                                                                        (1 = 12.5%) {87.5%}
1535  ... 

Histogram: HttpCache.AccessToDone2.Used recorded 40 samples, mean = 17.0 (flags = 0x41)
0    -O                                                                        (1 = 2.5%)
1    ---O                                                                      (3 = 7.5%) {2.5%}
2    -------O                                                                  (7 = 17.5%) {10.0%}
3    ... 
5    -O                                                                        (1 = 2.5%) {27.5%}
6    ---O                                                                      (3 = 7.5%) {30.0%}
7    ----O                                                                     (4 = 10.0%) {37.5%}
8    -O                                                                        (1 = 2.5%) {47.5%}
9    --O                                                                       (2 = 5.0%) {50.0%}
10   -O                                                                        (1 = 2.5%) {55.0%}
11   --O                                                                       (2 = 5.0%) {57.5%}
12   ... 
14   ---O                                                                      (3 = 7.5%) {62.5%}
15   O                                                                         (0 = 0.0%) {70.0%}
16   -O                                                                        (1 = 2.5%) {70.0%}
17   --O                                                                       (2 = 5.0%) {72.5%}
18   --O                                                                       (2 = 5.0%) {77.5%}
19   --O                                                                       (2 = 5.0%) {82.5%}
20   -O                                                                        (1 = 2.5%) {87.5%}
21   ... 
25   --O                                                                       (2 = 5.0%) {90.0%}
27   -O                                                                        (1 = 2.5%) {95.0%}
29   ... 
288  -O                                                                        (1 = 2.5%) {97.5%}
307  ... 

Histogram: HttpCache.AddTransactionToEntry recorded 48 samples, mean = 0.1 (flags = 0x41)
0  ---------------------------------------------O                            (45 = 93.8%)
1  ---O                                                                      (3 = 6.2%) {93.8%}
2  ... 

Histogram: HttpCache.BeforeSend recorded 8 samples, mean = 0.1 (flags = 0x41)
0  -------O                                                                  (7 = 87.5%)
1  -O                                                                        (1 = 12.5%) {87.5%}
2  ... 

Histogram: HttpCache.BeforeSend.CantConditionalize recorded 2 samples, mean = 0.5 (flags = 0x41)
0  -O                                                                        (1 = 50.0%)
1  -O                                                                        (1 = 50.0%) {50.0%}
2  ... 

Histogram: HttpCache.BeforeSend.NotCached recorded 4 samples, mean = 0.0 (flags = 0x41)
0  ----O                                                                     (4 = 100.0%)
1  ... 

Histogram: HttpCache.BeforeSend.Validated recorded 2 samples, mean = 0.0 (flags = 0x41)
0  --O                                                                       (2 = 100.0%)
1  ... 

Histogram: HttpCache.CreateDiskEntry recorded 4 samples, mean = 0.0 (flags = 0x41)
0  ----O                                                                     (4 = 100.0%)
1  ... 

Histogram: HttpCache.HardReset recorded 1 samples, mean = 0.0 (flags = 0x40)
0  -O                                                                        (1 = 100.0%)
1  ... 

Histogram: HttpCache.IsNoStore recorded 48 samples, mean = 0.1 (flags = 0x41)
0  --------------------------------------------O                             (44 = 91.7%)
1  ----O                                                                     (4 = 8.3%) {91.7%}
2  O                                                                         (0 = 0.0%) {100.0%}

Histogram: HttpCache.IsNoStore.MainFrameHTML recorded 1 samples, mean = 1.0 (flags = 0x41)
0  O                                                                         (0 = 0.0%)
1  -O                                                                        (1 = 100.0%) {0.0%}
2  O                                                                         (0 = 0.0%) {100.0%}

Histogram: HttpCache.MaxFileSizeOnInit recorded 1 samples, mean = 40960.0 (flags = 0x41)
0      ... 
37526  -O                                                                        (1 = 100.0%) {0.0%}
42713  ... 

Histogram: HttpCache.OpenDiskEntry recorded 44 samples, mean = 0.0 (flags = 0x41)
0  ------------------------------------------O                               (42 = 95.5%)
1  --O                                                                       (2 = 4.5%) {95.5%}
2  ... 

Histogram: HttpCache.Pattern recorded 48 samples, mean = 3.1 (flags = 0x41)
0  ... 
2  ----O                                                                     (4 = 8.3%) {0.0%}
3  ----------------------------------------O                                 (40 = 83.3%) {8.3%}
4  --O                                                                       (2 = 4.2%) {91.7%}
5  O                                                                         (0 = 0.0%) {95.8%}
6  --O                                                                       (2 = 4.2%) {95.8%}
7  O                                                                         (0 = 0.0%) {100.0%}

Histogram: HttpCache.Pattern.CSS recorded 8 samples, mean = 3.1 (flags = 0x41)
0  ... 
3  -------O                                                                  (7 = 87.5%) {0.0%}
4  -O                                                                        (1 = 12.5%) {87.5%}
5  ... 

Histogram: HttpCache.Pattern.CSSThirdParty recorded 8 samples, mean = 3.1 (flags = 0x41)
0  ... 
3  -------O                                                                  (7 = 87.5%) {0.0%}
4  -O                                                                        (1 = 12.5%) {87.5%}
5  ... 

Histogram: HttpCache.Pattern.Font recorded 5 samples, mean = 3.0 (flags = 0x41)
0  ... 
3  -----O                                                                    (5 = 100.0%) {0.0%}
4  ... 

Histogram: HttpCache.Pattern.FontThirdParty recorded 5 samples, mean = 3.0 (flags = 0x41)
0  ... 
3  -----O                                                                    (5 = 100.0%) {0.0%}
4  ... 

Histogram: HttpCache.Pattern.JavaScript recorded 26 samples, mean = 3.0 (flags = 0x41)
0  ... 
3  --------------------------O                                               (26 = 100.0%) {0.0%}
4  ... 

Histogram: HttpCache.Pattern.JavaScriptThirdParty recorded 25 samples, mean = 3.0 (flags = 0x41)
0  ... 
3  -------------------------O                                                (25 = 100.0%) {0.0%}
4  ... 

Histogram: HttpCache.Pattern.MainFrameHTML recorded 1 samples, mean = 2.0 (flags = 0x41)
0  ... 
2  -O                                                                        (1 = 100.0%) {0.0%}
3  ... 

Histogram: HttpCache.TotalDiskCacheTimePerTransaction.Read recorded 4 samples, mean = 0.2 (flags = 0x41)
0  ---O                                                                      (3 = 75.0%)
1  -O                                                                        (1 = 25.0%) {75.0%}
2  ... 

Histogram: HttpCache.TotalDiskCacheTimePerTransaction.Write recorded 4 samples, mean = 0.0 (flags = 0x41)
0  ----O                                                                     (4 = 100.0%)
1  ... 

Histogram: ImageDecoder.Png.UiGfxIntoSkBitmap recorded 1 samples, mean = 71.0 (flags = 0x41)
0   ... 
65  -O                                                                        (1 = 100.0%) {0.0%}
86  ... 

Histogram: ImportantFile.FileReplaceRetryCount recorded 30 samples, mean = 0.0 (flags = 0x41)
0  ------------------------------O                                           (30 = 100.0%)
1  ... 

Histogram: ImportantFile.SerializationDuration recorded 15 samples, mean = 0.0 (flags = 0x41)
0  ---------------O                                                          (15 = 100.0%)
1  ... 

Histogram: ImportantFile.SerializationDuration.Local_State recorded 5 samples, mean = 0.0 (flags = 0x41)
0  -----O                                                                    (5 = 100.0%)
1  ... 

Histogram: ImportantFile.SerializationDuration.Preferences recorded 4 samples, mean = 0.0 (flags = 0x41)
0  ----O                                                                     (4 = 100.0%)
1  ... 

Histogram: ImportantFile.SerializationDuration.Secure_Preferences recorded 1 samples, mean = 0.0 (flags = 0x41)
0  -O                                                                        (1 = 100.0%)
1  ... 

Histogram: ImportantFile.SerializationDuration.TransportSecurityPersister recorded 2 samples, mean = 0.0 (flags = 0x41)
0  --O                                                                       (2 = 100.0%)
1  ... 

Histogram: ImportantFile.WriteDuration recorded 15 samples, mean = 22.9 (flags = 0x41)
0   ... 
14  ---O                                                                      (3 = 20.0%) {0.0%}
17  ----O                                                                     (4 = 26.7%) {20.0%}
20  -----O                                                                    (5 = 33.3%) {46.7%}
24  -O                                                                        (1 = 6.7%) {80.0%}
29  -O                                                                        (1 = 6.7%) {86.7%}
34  ... 
57  -O                                                                        (1 = 6.7%) {93.3%}
68  ... 

Histogram: ImportantFile.WriteDuration.Local_State recorded 5 samples, mean = 14.2 (flags = 0x41)
0   ... 
12  ---O                                                                      (3 = 60.0%) {0.0%}
14  -O                                                                        (1 = 20.0%) {60.0%}
17  O                                                                         (0 = 0.0%) {80.0%}
20  -O                                                                        (1 = 20.0%) {80.0%}
24  ... 

Histogram: ImportantFile.WriteDuration.Preferences recorded 4 samples, mean = 13.8 (flags = 0x41)
0   ... 
5   -O                                                                        (1 = 25.0%) {0.0%}
6   ... 
12  -O                                                                        (1 = 25.0%) {25.0%}
14  -O                                                                        (1 = 25.0%) {50.0%}
17  O                                                                         (0 = 0.0%) {75.0%}
20  -O                                                                        (1 = 25.0%) {75.0%}
24  ... 

Histogram: ImportantFile.WriteDuration.SCTAuditing recorded 2 samples, mean = 17.5 (flags = 0x41)
0   ... 
14  -O                                                                        (1 = 50.0%) {0.0%}
17  -O                                                                        (1 = 50.0%) {50.0%}
20  ... 

Histogram: ImportantFile.WriteDuration.Secure_Preferences recorded 1 samples, mean = 14.0 (flags = 0x41)
0   ... 
14  -O                                                                        (1 = 100.0%) {0.0%}
17  ... 

Histogram: ImportantFile.WriteDuration.TransportSecurityPersister recorded 2 samples, mean = 59.0 (flags = 0x41)
0   ... 
24  -O                                                                        (1 = 50.0%) {0.0%}
29  ... 
81  -O                                                                        (1 = 50.0%) {50.0%}
96  ... 

Histogram: ImportantFile.WriteDuration.TrustedVault recorded 1 samples, mean = 12.0 (flags = 0x41)
0   ... 
12  -O                                                                        (1 = 100.0%) {0.0%}
14  ... 

Histogram: InProductHelp.Config.ParsingEvent recorded 68 samples, mean = 6.4 (flags = 0x41)
0   -----------------------------O                                            (29 = 42.6%)
1   O                                                                         (0 = 0.0%) {42.6%}
2   ---------O                                                                (9 = 13.2%) {42.6%}
3   ... 
14  ------------------------------O                                           (30 = 44.1%) {55.9%}
15  ... 

Histogram: InProductHelp.Db.Init.AvailabilityStore recorded 1 samples, mean = 1.0 (flags = 0x41)
0  O                                                                         (0 = 0.0%)
1  -O                                                                        (1 = 100.0%) {0.0%}
2  O                                                                         (0 = 0.0%) {100.0%}

Histogram: InProductHelp.Db.Init.EventStore recorded 1 samples, mean = 1.0 (flags = 0x41)
0  O                                                                         (0 = 0.0%)
1  -O                                                                        (1 = 100.0%) {0.0%}
2  O                                                                         (0 = 0.0%) {100.0%}

Histogram: InProductHelp.Db.Load.AvailabilityStore recorded 1 samples, mean = 1.0 (flags = 0x41)
0  O                                                                         (0 = 0.0%)
1  -O                                                                        (1 = 100.0%) {0.0%}
2  O                                                                         (0 = 0.0%) {100.0%}

Histogram: InProductHelp.Db.Load.EventStore recorded 1 samples, mean = 1.0 (flags = 0x41)
0  O                                                                         (0 = 0.0%)
1  -O                                                                        (1 = 100.0%) {0.0%}
2  O                                                                         (0 = 0.0%) {100.0%}

Histogram: InProductHelp.Db.TotalEvents recorded 1 samples, mean = 0.0 (flags = 0x41)
0  -O                                                                        (1 = 100.0%)
1  ... 

Histogram: InProductHelp.Db.Update.AvailabilityStore recorded 1 samples, mean = 1.0 (flags = 0x41)
0  O                                                                         (0 = 0.0%)
1  -O                                                                        (1 = 100.0%) {0.0%}
2  O                                                                         (0 = 0.0%) {100.0%}

Histogram: IndexedDB.ContextShutdownDuration recorded 1 samples, mean = 0.0 (flags = 0x41)
0  -O                                                                        (1 = 100.0%)
1  ... 

Histogram: Input.Digitizer.MaxTouchPointsSupportedBySystemAtStartup recorded 1 samples, mean = 0.0 (flags = 0x41)
0  -O                                                                        (1 = 100.0%)
1  ... 

Histogram: Input.PointerTypePrimary recorded 1 samples, mean = 2.0 (flags = 0x41)
0  ... 
2  -O                                                                        (1 = 100.0%) {0.0%}
3  O                                                                         (0 = 0.0%) {100.0%}

Histogram: Input.PointerTypesAll recorded 1 samples, mean = 2.0 (flags = 0x41)
0  ... 
2  -O                                                                        (1 = 100.0%) {0.0%}
3  ... 

Histogram: LanguageDetection.TFLiteModel.WasModelRequestDeferred recorded 2 samples, mean = 1.0 (flags = 0x41)
0  O                                                                         (0 = 0.0%)
1  --O                                                                       (2 = 100.0%) {0.0%}
2  O                                                                         (0 = 0.0%) {100.0%}

Histogram: LanguageUsage.AcceptLanguage recorded 1 samples (flags = 0x41)
25966  -O                                                                        (1 = 100.0%)

Histogram: LanguageUsage.AcceptLanguage.Count recorded 1 samples, mean = 1.0 (flags = 0x41)
0  O                                                                         (0 = 0.0%)
1  -O                                                                        (1 = 100.0%) {0.0%}
2  ... 

Histogram: LanguageUsage.AcceptLanguageAndContentLanguageUsage recorded 1 samples, mean = 0.0 (flags = 0x41)
0  -O                                                                        (1 = 100.0%)
1  ... 

Histogram: LanguageUsage.AcceptLanguageAndXmlHtmlLangUsage recorded 1 samples, mean = 7.0 (flags = 0x41)
0  ... 
7  -O                                                                        (1 = 100.0%) {0.0%}
8  O                                                                         (0 = 0.0%) {100.0%}

Histogram: LevelDB.ApproximateMemTableMemoryUse.BudgetManager recorded 0 samples (flags = 0x41)
0 ... 

Histogram: LevelDB.ApproximateMemTableMemoryUse.CartDatabase recorded 0 samples (flags = 0x41)
0 ... 

Histogram: LevelDB.ApproximateMemTableMemoryUse.ClientCertificatesDatabase recorded 0 samples (flags = 0x41)
0 ... 

Histogram: LevelDB.ApproximateMemTableMemoryUse.CommerceParcelTrackingDatabase recorded 0 samples (flags = 0x41)
0 ... 

Histogram: LevelDB.ApproximateMemTableMemoryUse.CommerceSubscriptionDatabase recorded 0 samples (flags = 0x41)
0 ... 

Histogram: LevelDB.ApproximateMemTableMemoryUse.CouponDatabase recorded 0 samples (flags = 0x41)
0 ... 

Histogram: LevelDB.ApproximateMemTableMemoryUse.DiscountsDatabase recorded 0 samples (flags = 0x41)
0 ... 

Histogram: LevelDB.ApproximateMemTableMemoryUse.DownloadDB recorded 0 samples (flags = 0x41)
0 ... 

Histogram: LevelDB.ApproximateMemTableMemoryUse.DownloadService recorded 0 samples (flags = 0x41)
0 ... 

Histogram: LevelDB.ApproximateMemTableMemoryUse.FeatureEngagementTrackerAvailabilityStore recorded 0 samples (flags = 0x41)
0 ... 

Histogram: LevelDB.ApproximateMemTableMemoryUse.FeatureEngagementTrackerEventStore recorded 0 samples (flags = 0x41)
0 ... 

Histogram: LevelDB.ApproximateMemTableMemoryUse.Metadata recorded 1 samples, mean = 4104.0 (flags = 0x41)
0  O                                                                         (0 = 0.0%)
1  -O                                                                        (1 = 100.0%) {0.0%}
270601... 

Histogram: LevelDB.ApproximateMemTableMemoryUse.PersistentOriginTrials recorded 0 samples (flags = 0x41)
0 ... 

Histogram: LevelDB.ApproximateMemTableMemoryUse.PreviewsHintCacheStore recorded 0 samples (flags = 0x41)
0 ... 

Histogram: LevelDB.ApproximateMemTableMemoryUse.SegmentInfoDatabase recorded 0 samples (flags = 0x41)
0 ... 

Histogram: LevelDB.ApproximateMemTableMemoryUse.SharedProtoDB recorded 1 samples, mean = 16416.0 (flags = 0x41)
0  O                                                                         (0 = 0.0%)
1  -O                                                                        (1 = 100.0%) {0.0%}
270601... 

Histogram: LevelDB.ApproximateMemTableMemoryUse.SignalDatabase recorded 0 samples (flags = 0x41)
0 ... 

Histogram: LevelDB.ApproximateMemTableMemoryUse.SignalStorageConfigDatabase recorded 0 samples (flags = 0x41)
0 ... 

Histogram: LevelDB.ApproximateMemTableMemoryUse.StrikeService recorded 0 samples (flags = 0x41)
0 ... 

Histogram: LevelDBEnv.DeleteTableBackupFile recorded 0 samples (flags = 0x41)
0 ... 

Histogram: LevelDBEnv.SyncResult recorded 20 samples, mean = 0.0 (flags = 0x41)
0  --------------------O                                                     (20 = 100.0%)
1  ... 

Histogram: LevelDBWrapper.CommitDelay recorded 2 samples, mean = 5000.0 (flags = 0x41)
0     ... 
4516  --O                                                                       (2 = 100.0%) {0.0%}
6118  ... 

Histogram: LoadingPredictor.PreconnectCount recorded 1 samples, mean = 1.0 (flags = 0x41)
0  O                                                                         (0 = 0.0%)
1  -O                                                                        (1 = 100.0%) {0.0%}
2  ... 

Histogram: LoadingPredictor.PreconnectHitsPercentage recorded 1 samples, mean = 100.0 (flags = 0x41)
0    ... 
100  -O                                                                        (1 = 100.0%) {0.0%}
101  O                                                                         (0 = 0.0%) {100.0%}

Histogram: LoadingPredictor.PredictorDatabaseFileSize recorded 1 samples, mean = 44.0 (flags = 0x41)
0   ... 
37  -O                                                                        (1 = 100.0%) {0.0%}
49  ... 

Histogram: LoadingPredictor.PreresolveCount recorded 1 samples, mean = 1.0 (flags = 0x41)
0  O                                                                         (0 = 0.0%)
1  -O                                                                        (1 = 100.0%) {0.0%}
2  ... 

Histogram: LoadingPredictor.PreresolveHitsPercentage recorded 1 samples, mean = 100.0 (flags = 0x41)
0    ... 
100  -O                                                                        (1 = 100.0%) {0.0%}
101  O                                                                         (0 = 0.0%) {100.0%}

Histogram: LocalStorage.MojoSizeInKB recorded 1 samples, mean = 1.0 (flags = 0x41)
0  O                                                                         (0 = 0.0%)
1  -O                                                                        (1 = 100.0%) {0.0%}
2  ... 

Histogram: LocalStorage.MojoTimeToPrime recorded 1 samples, mean = 0.0 (flags = 0x41)
0  -O                                                                        (1 = 100.0%)
1  ... 

Histogram: LocalStorage.MojoTimeToPrimeForUnder100KB recorded 1 samples, mean = 0.0 (flags = 0x41)
0  -O                                                                        (1 = 100.0%)
1  ... 

Histogram: LocalStorage.RendererAreaCacheHit recorded 2 samples, mean = 1.0 (flags = 0x41)
0  -O                                                                        (1 = 50.0%)
1  O                                                                         (0 = 0.0%) {50.0%}
2  -O                                                                        (1 = 50.0%) {50.0%}
3  O                                                                         (0 = 0.0%) {100.0%}

Histogram: LocalStorageContext.ShutDown.MaybeDroppedChanges recorded 1 samples, mean = 0.0 (flags = 0x40)
0  -O                                                                        (1 = 100.0%)
1  ... 

Histogram: MPArch.ChildProcessLaunchFirst recorded 1 samples, mean = 15.0 (flags = 0x41)
0   ... 
14  -O                                                                        (1 = 100.0%) {0.0%}
17  ... 

Histogram: MPArch.ChildProcessLaunchSubsequent recorded 7 samples, mean = 11.1 (flags = 0x41)
0   ... 
8   --O                                                                       (2 = 28.6%) {0.0%}
10  -O                                                                        (1 = 14.3%) {28.6%}
12  ----O                                                                     (4 = 57.1%) {42.9%}
14  ... 

Histogram: ManagedUsers.BlockedIframeCount recorded 1 samples, mean = 0.0 (flags = 0x41)
0  -O                                                                        (1 = 100.0%)
1  ... 

Histogram: Manifest.HasProperty.description recorded 1 samples, mean = 0.0 (flags = 0x41)
0  -O                                                                        (1 = 100.0%)
1  ... 

Histogram: Manifest.HasProperty.display recorded 1 samples, mean = 1.0 (flags = 0x41)
0  O                                                                         (0 = 0.0%)
1  -O                                                                        (1 = 100.0%) {0.0%}
2  O                                                                         (0 = 0.0%) {100.0%}

Histogram: Manifest.HasProperty.gcm_sender_id recorded 1 samples, mean = 0.0 (flags = 0x41)
0  -O                                                                        (1 = 100.0%)
1  ... 

Histogram: Manifest.HasProperty.icons recorded 1 samples, mean = 1.0 (flags = 0x41)
0  O                                                                         (0 = 0.0%)
1  -O                                                                        (1 = 100.0%) {0.0%}
2  O                                                                         (0 = 0.0%) {100.0%}

Histogram: Manifest.HasProperty.name recorded 1 samples, mean = 1.0 (flags = 0x41)
0  O                                                                         (0 = 0.0%)
1  -O                                                                        (1 = 100.0%) {0.0%}
2  O                                                                         (0 = 0.0%) {100.0%}

Histogram: Manifest.HasProperty.orientation recorded 1 samples, mean = 0.0 (flags = 0x41)
0  -O                                                                        (1 = 100.0%)
1  ... 

Histogram: Manifest.HasProperty.protocol_handlers recorded 1 samples, mean = 0.0 (flags = 0x41)
0  -O                                                                        (1 = 100.0%)
1  ... 

Histogram: Manifest.HasProperty.screenshots recorded 1 samples, mean = 0.0 (flags = 0x41)
0  -O                                                                        (1 = 100.0%)
1  ... 

Histogram: Manifest.HasProperty.share_target recorded 1 samples, mean = 0.0 (flags = 0x41)
0  -O                                                                        (1 = 100.0%)
1  ... 

Histogram: Manifest.HasProperty.short_name recorded 1 samples, mean = 1.0 (flags = 0x41)
0  O                                                                         (0 = 0.0%)
1  -O                                                                        (1 = 100.0%) {0.0%}
2  O                                                                         (0 = 0.0%) {100.0%}

Histogram: Manifest.HasProperty.start_url recorded 1 samples, mean = 1.0 (flags = 0x41)
0  O                                                                         (0 = 0.0%)
1  -O                                                                        (1 = 100.0%) {0.0%}
2  O                                                                         (0 = 0.0%) {100.0%}

Histogram: Manifest.ParseIdResult recorded 1 samples, mean = 1.0 (flags = 0x41)
0  O                                                                         (0 = 0.0%)
1  -O                                                                        (1 = 100.0%) {0.0%}
2  ... 

Histogram: Media.GPU.VideoDecoderType recorded 1 samples, mean = 11.0 (flags = 0x41)
0   ... 
11  -O                                                                        (1 = 100.0%) {0.0%}
12  ... 

Histogram: Media.MediaHistory.DatabaseExists recorded 1 samples, mean = 0.0 (flags = 0x41)
0  -O                                                                        (1 = 100.0%)
1  ... 

Histogram: MediaRouter.Cast.Discovery.ConnectedDevicesCount recorded 1 samples, mean = 0.0 (flags = 0x41)
0  -O                                                                        (1 = 100.0%)
1  ... 

Histogram: MediaRouter.Cast.Discovery.KnownDevicesCount recorded 1 samples, mean = 0.0 (flags = 0x41)
0  -O                                                                        (1 = 100.0%)
1  ... 

Histogram: MediaRouter.Dial.AvailableDevicesCount recorded 1 samples, mean = 0.0 (flags = 0x41)
0  -O                                                                        (1 = 100.0%)
1  ... 

Histogram: MediaRouter.Dial.KnownDevicesCount recorded 1 samples, mean = 0.0 (flags = 0x41)
0  -O                                                                        (1 = 100.0%)
1  ... 

Histogram: Memory.Discardable.FreelistSize.Foreground recorded 4 samples, mean = 0.0 (flags = 0x41)
0  ----O                                                                     (4 = 100.0%)
1  ... 

Histogram: Memory.Discardable.Size.Foreground recorded 4 samples, mean = 0.0 (flags = 0x41)
0  ----O                                                                     (4 = 100.0%)
1  ... 

Histogram: Memory.Discardable.VirtualSize.Foreground recorded 4 samples, mean = 0.0 (flags = 0x41)
0  ----O                                                                     (4 = 100.0%)
1  ... 

Histogram: Memory.Experimental.AvailableMemoryMB recorded 17 samples, mean = 8473.7 (flags = 0x41)
0      ... 
3276   --O                                                                       (2 = 11.8%) {0.0%}
3617   O                                                                         (0 = 0.0%) {11.8%}
3994   -O                                                                        (1 = 5.9%) {11.8%}
4410   O                                                                         (0 = 0.0%) {17.6%}
4869   -O                                                                        (1 = 5.9%) {17.6%}
5376   ... 
6554   -O                                                                        (1 = 5.9%) {23.5%}
7237   O                                                                         (0 = 0.0%) {29.4%}
7991   ---O                                                                      (3 = 17.6%) {29.4%}
8823   -O                                                                        (1 = 5.9%) {47.1%}
9742   ----O                                                                     (4 = 23.5%) {52.9%}
10757  ----O                                                                     (4 = 23.5%) {76.5%}
11877  ... 

Histogram: Memory.Experimental.AvailableMemoryPercent recorded 17 samples, mean = 25.8 (flags = 0x41)
0   ... 
10  --O                                                                       (2 = 11.8%) {0.0%}
11  ... 
13  -O                                                                        (1 = 5.9%) {11.8%}
14  O                                                                         (0 = 0.0%) {17.6%}
15  -O                                                                        (1 = 5.9%) {17.6%}
16  ... 
22  -O                                                                        (1 = 5.9%) {23.5%}
23  O                                                                         (0 = 0.0%) {29.4%}
24  -O                                                                        (1 = 5.9%) {29.4%}
25  O                                                                         (0 = 0.0%) {35.3%}
26  --O                                                                       (2 = 11.8%) {35.3%}
27  -O                                                                        (1 = 5.9%) {47.1%}
28  ... 
31  --O                                                                       (2 = 11.8%) {52.9%}
32  -O                                                                        (1 = 5.9%) {64.7%}
33  -O                                                                        (1 = 5.9%) {70.6%}
34  -O                                                                        (1 = 5.9%) {76.5%}
35  ---O                                                                      (3 = 17.6%) {82.4%}
36  ... 

Histogram: Memory.Experimental.Renderer.HighestPrivateMemoryFootprint.0to2min recorded 1 samples, mean = 73.0 (flags = 0x41)
0   ... 
67  -O                                                                        (1 = 100.0%) {0.0%}
75  ... 

Histogram: Memory.Experimental.Renderer.HighestPrivateMemoryFootprint.2to4min recorded 1 samples, mean = 57.0 (flags = 0x41)
0   ... 
53  -O                                                                        (1 = 100.0%) {0.0%}
60  ... 

Histogram: Memory.Experimental.Renderer.HighestPrivateMemoryFootprint.4to8min recorded 1 samples, mean = 58.0 (flags = 0x41)
0   ... 
53  -O                                                                        (1 = 100.0%) {0.0%}
60  ... 

Histogram: Memory.Experimental.Renderer.HighestPrivateMemoryFootprint.8to16min recorded 1 samples, mean = 57.0 (flags = 0x41)
0   ... 
53  -O                                                                        (1 = 100.0%) {0.0%}
60  ... 

Histogram: Memory.GPU.PeakMemoryAllocationSource2.PageLoad.SharedContextState recorded 1 samples, mean = 0.0 (flags = 0x41)
0  -O                                                                        (1 = 100.0%)
1  ... 

Histogram: Memory.GPU.PeakMemoryAllocationSource2.PageLoad.SharedImageStub recorded 1 samples, mean = 0.0 (flags = 0x41)
0  -O                                                                        (1 = 100.0%)
1  ... 

Histogram: Memory.GPU.PeakMemoryAllocationSource2.PageLoad.Skia recorded 1 samples, mean = 0.0 (flags = 0x41)
0  -O                                                                        (1 = 100.0%)
1  ... 

Histogram: Memory.GPU.PeakMemoryUsage2.PageLoad recorded 1 samples, mean = 0.0 (flags = 0x41)
0  -O                                                                        (1 = 100.0%)
1  ... 

Histogram: Memory.ParkableString.Compression.Latency recorded 18 samples, mean = 11335.8 (flags = 0x41)
0      O                                                                         (0 = 0.0%)
500    -O                                                                        (1 = 5.6%) {0.0%}
540    -O                                                                        (1 = 5.6%) {5.6%}
584    ... 
737    -O                                                                        (1 = 5.6%) {11.1%}
796    ... 
1004   -O                                                                        (1 = 5.6%) {16.7%}
1085   ... 
1268   -O                                                                        (1 = 5.6%) {22.2%}
1370   ... 
2018   -O                                                                        (1 = 5.6%) {27.8%}
2181   ... 
3473   -O                                                                        (1 = 5.6%) {33.3%}
3753   ... 
5532   -O                                                                        (1 = 5.6%) {38.9%}
5978   -O                                                                        (1 = 5.6%) {44.4%}
6460   -O                                                                        (1 = 5.6%) {50.0%}
6981   O                                                                         (0 = 0.0%) {55.6%}
7544   -O                                                                        (1 = 5.6%) {55.6%}
8152   O                                                                         (0 = 0.0%) {61.1%}
8810   -O                                                                        (1 = 5.6%) {61.1%}
9521   O                                                                         (0 = 0.0%) {66.7%}
10289  -O                                                                        (1 = 5.6%) {66.7%}
11119  -O                                                                        (1 = 5.6%) {72.2%}
12016  ... 
28205  -O                                                                        (1 = 5.6%) {77.8%}
30480  O                                                                         (0 = 0.0%) {83.3%}
32938  -O                                                                        (1 = 5.6%) {83.3%}
35595  --O                                                                       (2 = 11.1%) {88.9%}
38466  ... 

Histogram: Memory.ParkableString.Compression.SizeKb recorded 18 samples, mean = 255.2 (flags = 0x41)
0    ... 
14   -O                                                                        (1 = 5.6%) {0.0%}
16   ... 
23   -O                                                                        (1 = 5.6%) {5.6%}
26   O                                                                         (0 = 0.0%) {11.1%}
29   --O                                                                       (2 = 11.1%) {11.1%}
33   O                                                                         (0 = 0.0%) {22.2%}
37   -O                                                                        (1 = 5.6%) {22.2%}
42   ... 
75   -O                                                                        (1 = 5.6%) {27.8%}
84   -O                                                                        (1 = 5.6%) {33.3%}
95   O                                                                         (0 = 0.0%) {38.9%}
107  -O                                                                        (1 = 5.6%) {38.9%}
120  O                                                                         (0 = 0.0%) {44.4%}
135  -O                                                                        (1 = 5.6%) {44.4%}
152  O                                                                         (0 = 0.0%) {50.0%}
171  --O                                                                       (2 = 11.1%) {50.0%}
192  -O                                                                        (1 = 5.6%) {61.1%}
216  ... 
273  -O                                                                        (1 = 5.6%) {66.7%}
307  O                                                                         (0 = 0.0%) {72.2%}
345  -O                                                                        (1 = 5.6%) {72.2%}
388  ... 
554  -O                                                                        (1 = 5.6%) {77.8%}
623  O                                                                         (0 = 0.0%) {83.3%}
701  ---O                                                                      (3 = 16.7%) {83.3%}
789  ... 

Histogram: Memory.ParkableString.Decompression.Latency recorded 3 samples, mean = 406.7 (flags = 0x41)
0    --O                                                                       (2 = 66.7%)
500  -O                                                                        (1 = 33.3%) {66.7%}
540  ... 

Histogram: Memory.ParkableString.Decompression.ThroughputMBps recorded 3 samples, mean = 254.7 (flags = 0x41)
0    ... 
95   -O                                                                        (1 = 33.3%) {0.0%}
107  ... 
192  -O                                                                        (1 = 33.3%) {33.3%}
216  ... 
437  -O                                                                        (1 = 33.3%) {66.7%}
492  ... 

Histogram: Memory.ParkableString.DiskReadTime.5min recorded 1 samples, mean = 0.0 (flags = 0x41)
0  -O                                                                        (1 = 100.0%)
1  ... 

Histogram: Memory.ParkableString.DiskWriteTime.5min recorded 1 samples, mean = 13.0 (flags = 0x41)
0   ... 
12  -O                                                                        (1 = 100.0%) {0.0%}
14  ... 

Histogram: Memory.ParkableString.OnDiskSizeKb.5min recorded 1 samples, mean = 911.0 (flags = 0x41)
0    ... 
896  -O                                                                        (1 = 100.0%) {0.0%}
1122 ... 

Histogram: Memory.ParkableString.Read.Latency recorded 3 samples, mean = 224.3 (flags = 0x41)
0  ---O                                                                      (3 = 100.0%)
500... 

Histogram: Memory.ParkableString.TotalParkingThreadTime.5min recorded 1 samples, mean = 196.0 (flags = 0x41)
0    ... 
190  -O                                                                        (1 = 100.0%) {0.0%}
226  ... 

Histogram: Memory.ParkableString.TotalUnparkingTime.5min recorded 1 samples, mean = 0.0 (flags = 0x41)
0  -O                                                                        (1 = 100.0%)
1  ... 

Histogram: Memory.PartitionAlloc.MemoryReclaim recorded 2024 samples, mean = 491.3 (flags = 0x41)
0     ... 
65    ----O                                                                     (22 = 1.1%) {0.0%}
86    --------------------O                                                     (107 = 5.3%) {1.1%}
113   -------------------------------O                                          (163 = 8.1%) {6.4%}
149   ------------------------------------------------------------------------O (380 = 18.8%) {14.4%}
196   ------------------------------------------O                               (222 = 11.0%) {33.2%}
258   ------------------------O                                                 (126 = 6.2%) {44.2%}
340   --------------------O                                                     (104 = 5.1%) {50.4%}
448   --------------------------O                                               (138 = 6.8%) {55.5%}
590   -------------------------------------------------O                        (260 = 12.8%) {62.4%}
777   -----------------------------------------------------------------O        (341 = 16.8%) {75.2%}
1023  ---------------------O                                                    (110 = 5.4%) {92.0%}
1347  ------O                                                                   (32 = 1.6%) {97.5%}
1774  --O                                                                       (12 = 0.6%) {99.1%}
2336  -O                                                                        (6 = 0.3%) {99.7%}
3077  O                                                                         (1 = 0.0%) {100.0%}
4053  ... 

Histogram: Memory.PartitionAlloc.PartitionRoot.ExtrasSize recorded 1 samples, mean = 4.0 (flags = 0x41)
0  ... 
4  -O                                                                        (1 = 100.0%) {0.0%}
5  ... 

Histogram: Memory.PartitionAlloc.PeriodicPurge recorded 253 samples, mean = 43.6 (flags = 0x41)
0    ... 
5    ---------O                                                                (9 = 3.6%) {0.0%}
7    ------O                                                                   (6 = 2.4%) {3.6%}
9    --------------------O                                                     (20 = 7.9%) {5.9%}
12   -------------O                                                            (13 = 5.1%) {13.8%}
16   -----------------O                                                        (17 = 6.7%) {19.0%}
21   ---------------------------O                                              (27 = 10.7%) {25.7%}
28   -----------------------------------------O                                (41 = 16.2%) {36.4%}
37   -------------------------------------------------O                        (49 = 19.4%) {52.6%}
49   -------------------------------O                                          (31 = 12.3%) {71.9%}
65   ----------------------O                                                   (22 = 8.7%) {84.2%}
86   --------O                                                                 (8 = 3.2%) {92.9%}
113  ---O                                                                      (3 = 1.2%) {96.0%}
149  --O                                                                       (2 = 0.8%) {97.2%}
196  ---O                                                                      (3 = 1.2%) {98.0%}
258  -O                                                                        (1 = 0.4%) {99.2%}
340  -O                                                                        (1 = 0.4%) {99.6%}
448  ... 

Histogram: Memory.PressureLevel2 recorded 2089 samples, mean = 0.0 (flags = 0x41)
0  ------------------------------------------------------------------------O (2089 = 100.0%)
1  ... 

Histogram: Mojo.Channel.WriteReceiveMessageProcessType recorded 2 samples, mean = 3.0 (flags = 0x41)
0  -O                                                                        (1 = 50.0%)
1  ... 
6  -O                                                                        (1 = 50.0%) {50.0%}
7  ... 

Histogram: NQE.ContentObserver.NetworkQualityMeaningfullyChanged recorded 4 samples, mean = 0.5 (flags = 0x40)
0  --O                                                                       (2 = 50.0%)
1  --O                                                                       (2 = 50.0%) {50.0%}
2  O                                                                         (0 = 0.0%) {100.0%}

Histogram: NQE.RTT.Error.Absolute recorded 4 samples, mean = 145.0 (flags = 0x41)
0    ... 
96   -O                                                                        (1 = 25.0%) {0.0%}
114  O                                                                         (0 = 0.0%) {25.0%}
135  --O                                                                       (2 = 50.0%) {25.0%}
160  -O                                                                        (1 = 25.0%) {75.0%}
190  ... 

Histogram: NQE.RTT.Error.IsZero recorded 4 samples, mean = 0.0 (flags = 0x41)
0  ----O                                                                     (4 = 100.0%)
1  ... 

Histogram: NQE.RTT.Error.Positive recorded 4 samples, mean = 145.0 (flags = 0x41)
0    ... 
96   -O                                                                        (1 = 25.0%) {0.0%}
114  O                                                                         (0 = 0.0%) {25.0%}
135  --O                                                                       (2 = 50.0%) {25.0%}
160  -O                                                                        (1 = 25.0%) {75.0%}
190  ... 

Histogram: NQE.RTT.HittingThreshold.EndToEnd.FallbackSuccess recorded 5 samples, mean = 0.0 (flags = 0x41)
0  -----O                                                                    (5 = 100.0%)
1  ... 

Histogram: NQE.RTT.HittingThreshold.Transport.FallbackSuccess recorded 1 samples, mean = 0.0 (flags = 0x41)
0  -O                                                                        (1 = 100.0%)
1  ... 

Histogram: NQE.RTT.ObservationSource recorded 49 samples, mean = 2.1 (flags = 0x41)
0  ----O                                                                     (4 = 8.2%)
1  O                                                                         (0 = 0.0%) {8.2%}
2  -----------------------------------------O                                (41 = 83.7%) {8.2%}
3  -O                                                                        (1 = 2.0%) {91.8%}
4  -O                                                                        (1 = 2.0%) {93.9%}
5  O                                                                         (0 = 0.0%) {95.9%}
6  -O                                                                        (1 = 2.0%) {95.9%}
7  -O                                                                        (1 = 2.0%) {98.0%}
8  ... 

Histogram: NQE.RTT.OnECTComputation recorded 25 samples, mean = 92.5 (flags = 0x41)
0   ... 
81  ------------------O                                                       (18 = 72.0%) {0.0%}
96  -------O                                                                  (7 = 28.0%) {72.0%}
114 ... 

Histogram: NQE.RenderThreadNotified recorded 7 samples, mean = 1.0 (flags = 0x40)
0  O                                                                         (0 = 0.0%)
1  -------O                                                                  (7 = 100.0%) {0.0%}
2  O                                                                         (0 = 0.0%) {100.0%}

Histogram: NQE.TransportRTT.OnECTComputation recorded 24 samples, mean = 35.4 (flags = 0x41)
0    ... 
24   -O                                                                        (1 = 4.2%) {0.0%}
29   -----------------O                                                        (17 = 70.8%) {4.2%}
34   -----O                                                                    (5 = 20.8%) {75.0%}
40   ... 
114  -O                                                                        (1 = 4.2%) {95.8%}
135  ... 

Histogram: Navigation.BeginNavigationImpl.MainFrame recorded 2 samples, mean = 0.0 (flags = 0x41)
0  --O                                                                       (2 = 100.0%)
1  ... 

Histogram: Navigation.BrowserInitiatedSessionHistoryCount recorded 1 samples, mean = 0.0 (flags = 0x41)
0  -O                                                                        (1 = 100.0%)
1  ... 

Histogram: Navigation.CommitRenderFrame recorded 1 samples, mean = 10.0 (flags = 0x41)
0   ... 
10  -O                                                                        (1 = 100.0%) {0.0%}
12  ... 

Histogram: Navigation.CommitToCompositorCreation recorded 1 samples, mean = 84.0 (flags = 0x41)
0   ... 
78  -O                                                                        (1 = 100.0%) {0.0%}
101 ... 

Histogram: Navigation.CompositorRequestedBeforeCommit2 recorded 1 samples, mean = 0.0 (flags = 0x41)
0  -O                                                                        (1 = 100.0%)
1  ... 

Histogram: Navigation.CompositorRequestedBeforeSwapRFH2 recorded 1 samples, mean = 0.0 (flags = 0x41)
0  -O                                                                        (1 = 100.0%)
1  ... 

Histogram: Navigation.CreateSpeculativeRFH recorded 1 samples, mean = 4.0 (flags = 0x41)
0  ... 
4  -O                                                                        (1 = 100.0%) {0.0%}
5  ... 

Histogram: Navigation.DidCommitSameDocumentNavigation.Duration recorded 1 samples, mean = 0.0 (flags = 0x41)
0  -O                                                                        (1 = 100.0%)
1  ... 

Histogram: Navigation.DidStartLoading.MainFrame recorded 3 samples, mean = 0.0 (flags = 0x41)
0  ---O                                                                      (3 = 100.0%)
1  ... 

Histogram: Navigation.DidStartLoading.Subframe recorded 2 samples, mean = 0.0 (flags = 0x41)
0  --O                                                                       (2 = 100.0%)
1  ... 

Histogram: Navigation.EarlyRenderFrameHostSwapType recorded 6 samples, mean = 0.0 (flags = 0x41)
0  ------O                                                                   (6 = 100.0%)
1  ... 

Histogram: Navigation.EngagementTime.HTTPS recorded 1 samples, mean = 2079632.0 (flags = 0x41)
0        ... 
2028194  -O                                                                        (1 = 100.0%) {0.0%}
2341034  ... 

Histogram: Navigation.GetFrameHostForNavigation recorded 4 samples, mean = 3.0 (flags = 0x41)
0  --O                                                                       (2 = 50.0%)
1  ... 
4  -O                                                                        (1 = 25.0%) {50.0%}
5  ... 
8  -O                                                                        (1 = 25.0%) {75.0%}
10 ... 

Histogram: Navigation.GetFrameHostForNavigationTime.InDidCreateNavigationRequest.IsHTTPOrHTTPS recorded 3 samples, mean = 2797.0 (flags = 0x41)
0     ... 
76    -O                                                                        (1 = 33.3%) {0.0%}
105   -O                                                                        (1 = 33.3%) {33.3%}
146   ... 
7439  -O                                                                        (1 = 33.3%) {66.7%}
10321 ... 

Histogram: Navigation.IsGuest recorded 1 samples, mean = 0.0 (flags = 0x41)
0  -O                                                                        (1 = 100.0%)
1  ... 

Histogram: Navigation.IsLockedProcess recorded 1 samples, mean = 1.0 (flags = 0x41)
0  O                                                                         (0 = 0.0%)
1  -O                                                                        (1 = 100.0%) {0.0%}
2  O                                                                         (0 = 0.0%) {100.0%}

Histogram: Navigation.IsLockedProcess.HTTPOrHTTPS recorded 1 samples, mean = 1.0 (flags = 0x41)
0  O                                                                         (0 = 0.0%)
1  -O                                                                        (1 = 100.0%) {0.0%}
2  O                                                                         (0 = 0.0%) {100.0%}

Histogram: Navigation.IsProcessBackgrounded.OnCommit recorded 1 samples, mean = 0.0 (flags = 0x41)
0  -O                                                                        (1 = 100.0%)
1  ... 

Histogram: Navigation.IsProcessBackgrounded.OnDOMContentLoaded recorded 1 samples, mean = 0.0 (flags = 0x41)
0  -O                                                                        (1 = 100.0%)
1  ... 

Histogram: Navigation.IsSameBrowsingInstance recorded 1 samples, mean = 0.0 (flags = 0x41)
0  -O                                                                        (1 = 100.0%)
1  ... 

Histogram: Navigation.IsSameSiteInstance recorded 1 samples, mean = 0.0 (flags = 0x41)
0  -O                                                                        (1 = 100.0%)
1  ... 

Histogram: Navigation.IsSameSiteInstance.MainFrame recorded 1 samples, mean = 0.0 (flags = 0x41)
0  -O                                                                        (1 = 100.0%)
1  ... 

Histogram: Navigation.LoaderCreateToRequestStart.MainFrame recorded 1 samples, mean = 0.0 (flags = 0x41)
0  -O                                                                        (1 = 100.0%)
1  ... 

Histogram: Navigation.MainFrame.FrameCount recorded 1 samples, mean = 2.0 (flags = 0x41)
0  ... 
2  -O                                                                        (1 = 100.0%) {0.0%}
3  ... 

Histogram: Navigation.MainFrame.MaxFrameCount recorded 3 samples, mean = 2.0 (flags = 0x41)
0  O                                                                         (0 = 0.0%)
1  -O                                                                        (1 = 33.3%) {0.0%}
2  -O                                                                        (1 = 33.3%) {33.3%}
3  -O                                                                        (1 = 33.3%) {66.7%}
4  ... 

Histogram: Navigation.MainFrame.NewNavigation.IgnoreRestore.IsHTTPOrHTTPS.BeginNavigationToLoaderStart.Time2 recorded 1 samples, mean = 1.0 (flags = 0x41)
0  O                                                                         (0 = 0.0%)
1  -O                                                                        (1 = 100.0%) {0.0%}
2  ... 

Histogram: Navigation.MainFrame.NewNavigation.IgnoreRestore.IsHTTPOrHTTPS.FetchStart.Time2 recorded 1 samples, mean = 3.0 (flags = 0x41)
0  ... 
3  -O                                                                        (1 = 100.0%) {0.0%}
4  ... 

Histogram: Navigation.MainFrame.NewNavigation.IgnoreRestore.IsHTTPOrHTTPS.LoaderStartToFetchStart.Time2 recorded 1 samples, mean = 2400.0 (flags = 0x41)
0     ... 
2117  -O                                                                        (1 = 100.0%) {0.0%}
2516  ... 

Histogram: Navigation.MainFrame.NewNavigation.IgnoreRestore.IsHTTPOrHTTPS.LoaderStartToReceiveResponse.Time2 recorded 1 samples, mean = 3924.0 (flags = 0x41)
0     ... 
3553  -O                                                                        (1 = 100.0%) {0.0%}
4222  ... 

Histogram: Navigation.MainFrame.NewNavigation.IgnoreRestore.IsHTTPOrHTTPS.NavigationStartToBeginNavigation.Time2 recorded 1 samples, mean = 9339.0 (flags = 0x41)
0     ... 
8416  -O                                                                        (1 = 100.0%) {0.0%}
10000 O                                                                         (0 = 0.0%) {100.0%}

Histogram: Navigation.MainFrame.NewNavigation.IgnoreRestore.IsHTTPOrHTTPS.ReceiveHeaders.Time2 recorded 1 samples, mean = 614.0 (flags = 0x41)
0    ... 
533  -O                                                                        (1 = 100.0%) {0.0%}
633  ... 

Histogram: Navigation.MainFrame.NewNavigation.IgnoreRestore.IsHTTPOrHTTPS.ReceiveHeadersToReceiveResponse.Time2 recorded 1 samples, mean = 907.0 (flags = 0x41)
0    ... 
894  -O                                                                        (1 = 100.0%) {0.0%}
1062 ... 

Histogram: Navigation.MainFrame.NewNavigation.IgnoreRestore.IsHTTPOrHTTPS.ReceiveResponseToCommitNavigation.Time2 recorded 1 samples, mean = 7.0 (flags = 0x41)
0  ... 
7  -O                                                                        (1 = 100.0%) {0.0%}
8  ... 

Histogram: Navigation.MainFrame.RendererInitiated.InitiatorFramePresentAtStart recorded 1 samples, mean = 0.0 (flags = 0x41)
0  -O                                                                        (1 = 100.0%)
1  ... 

Histogram: Navigation.MainFrame.SiteEngagementLevel recorded 1 samples, mean = 2.0 (flags = 0x41)
0  ... 
2  -O                                                                        (1 = 100.0%) {0.0%}
3  ... 

Histogram: Navigation.MainFrame.ThirdPartyCookieBlockingEnabled recorded 2 samples, mean = 0.0 (flags = 0x41)
0  --O                                                                       (2 = 100.0%)
1  ... 

Histogram: Navigation.MainFrameHasRTLDomain2 recorded 2 samples, mean = 0.0 (flags = 0x41)
0  --O                                                                       (2 = 100.0%)
1  ... 

Histogram: Navigation.MainFrameHasRTLDomainDifferentPage2 recorded 1 samples, mean = 0.0 (flags = 0x41)
0  -O                                                                        (1 = 100.0%)
1  ... 

Histogram: Navigation.MainFrameProfileType2 recorded 2 samples, mean = 0.0 (flags = 0x41)
0  --O                                                                       (2 = 100.0%)
1  ... 

Histogram: Navigation.MainFrameScheme2 recorded 2 samples, mean = 2.0 (flags = 0x41)
0  ... 
2  --O                                                                       (2 = 100.0%) {0.0%}
3  ... 

Histogram: Navigation.MainFrameSchemeDifferentPage2 recorded 1 samples, mean = 2.0 (flags = 0x41)
0  ... 
2  -O                                                                        (1 = 100.0%) {0.0%}
3  ... 

Histogram: Navigation.OnBeforeUnloadOverheadTime recorded 2 samples, mean = 4674.5 (flags = 0x41)
0     ... 
10    -O                                                                        (1 = 50.0%) {0.0%}
12    ... 
8416  -O                                                                        (1 = 50.0%) {50.0%}
10000 O                                                                         (0 = 0.0%) {100.0%}

Histogram: Navigation.OnBeforeUnloadTotalTime recorded 2 samples, mean = 0.0 (flags = 0x41)
0  --O                                                                       (2 = 100.0%)
1  ... 

Histogram: Navigation.OriginAgentCluster.Result recorded 1 samples, mean = 9.0 (flags = 0x41)
0  ... 
9  -O                                                                        (1 = 100.0%) {0.0%}
10 O                                                                         (0 = 0.0%) {100.0%}

Histogram: Navigation.PendingCommit.DidBlockGetFrameHostForNavigation.Regular recorded 1 samples, mean = 0.0 (flags = 0x41)
0  -O                                                                        (1 = 100.0%)
1  ... 

Histogram: Navigation.PendingCommit.Duration.Regular recorded 1 samples, mean = 79.0 (flags = 0x41)
0   ... 
68  -O                                                                        (1 = 100.0%) {0.0%}
81  ... 

Histogram: Navigation.Preconnect.PreresolveJobQueueLength recorded 16 samples, mean = 0.5 (flags = 0x41)
0  --------O                                                                 (8 = 50.0%)
1  --------O                                                                 (8 = 50.0%) {50.0%}
2  ... 

Histogram: Navigation.Preconnect.PreresolveJobQueueingTime recorded 8 samples, mean = 0.0 (flags = 0x41)
0  --------O                                                                 (8 = 100.0%)
1  ... 

Histogram: Navigation.Preconnect.ProxyLookupCallbackQueueingTime recorded 8 samples, mean = 179.2 (flags = 0x41)
0    ... 
3    -O                                                                        (1 = 12.5%) {0.0%}
4    ... 
8    -O                                                                        (1 = 12.5%) {12.5%}
10   O                                                                         (0 = 0.0%) {25.0%}
12   --O                                                                       (2 = 25.0%) {25.0%}
14   --O                                                                       (2 = 25.0%) {50.0%}
17   ... 
633  --O                                                                       (2 = 25.0%) {75.0%}
752  ... 

Histogram: Navigation.Preconnect.ProxyLookupLatency recorded 8 samples, mean = 1357.8 (flags = 0x41)
0      ... 
4      -O                                                                        (1 = 12.5%) {0.0%}
5      ... 
8      -O                                                                        (1 = 12.5%) {12.5%}
10     ... 
14     --O                                                                       (2 = 25.0%) {25.0%}
17     --O                                                                       (2 = 25.0%) {50.0%}
20     ... 
633    -O                                                                        (1 = 12.5%) {75.0%}
752    ... 
10000  -O                                                                        (1 = 12.5%) {87.5%}

Histogram: Navigation.Preconnect.ResolveHostCallbackQueueingTime recorded 8 samples, mean = 676.2 (flags = 0x41)
0     ... 
14    --O                                                                       (2 = 25.0%) {0.0%}
17    ... 
81    ---O                                                                      (3 = 37.5%) {25.0%}
96    ... 
1500  ---O                                                                      (3 = 37.5%) {62.5%}
1782  ... 

Histogram: Navigation.Preconnect.ResolveHostLatency recorded 8 samples, mean = 682.6 (flags = 0x41)
0     ... 
17    --O                                                                       (2 = 25.0%) {0.0%}
20    ... 
96    --O                                                                       (2 = 25.0%) {25.0%}
114   -O                                                                        (1 = 12.5%) {50.0%}
135   ... 
1500  ---O                                                                      (3 = 37.5%) {62.5%}
1782  ... 

Histogram: Navigation.ProcessNavigationThrottlesTime.WillStartRequest.MainFrame recorded 2 samples, mean = 0.5 (flags = 0x41)
0  -O                                                                        (1 = 50.0%)
1  -O                                                                        (1 = 50.0%) {50.0%}
2  ... 

Histogram: Navigation.QueueTime.OnReceiveRedirect.MainFrame recorded 1 samples, mean = 287.0 (flags = 0x41)
0    ... 
268  -O                                                                        (1 = 100.0%) {0.0%}
318  ... 

Histogram: Navigation.QueueTime.OnReceiveResponse.MainFrame recorded 1 samples, mean = 905.0 (flags = 0x41)
0    ... 
894  -O                                                                        (1 = 100.0%) {0.0%}
1062 ... 

Histogram: Navigation.ReadyToCommitUntilCommit2 recorded 1 samples, mean = 78.0 (flags = 0x41)
0   ... 
66  -O                                                                        (1 = 100.0%) {0.0%}
84  ... 

Histogram: Navigation.ReadyToCommitUntilCommit2.ForegroundProcessPriority recorded 1 samples, mean = 78.0 (flags = 0x41)
0   ... 
66  -O                                                                        (1 = 100.0%) {0.0%}
84  ... 

Histogram: Navigation.ReadyToCommitUntilCommit2.NewNavigation recorded 1 samples, mean = 78.0 (flags = 0x41)
0   ... 
66  -O                                                                        (1 = 100.0%) {0.0%}
84  ... 

Histogram: Navigation.RegisterNavigationThrottlesTime.MainFrame recorded 2 samples, mean = 0.0 (flags = 0x41)
0  --O                                                                       (2 = 100.0%)
1  ... 

Histogram: Navigation.RenderFrameDelete recorded 1 samples, mean = 1.0 (flags = 0x41)
0  O                                                                         (0 = 0.0%)
1  -O                                                                        (1 = 100.0%) {0.0%}
2  ... 

Histogram: Navigation.RenderFrameHostConstructor recorded 4 samples, mean = 0.0 (flags = 0x41)
0  ----O                                                                     (4 = 100.0%)
1  ... 

Histogram: Navigation.RenderFrameHostDestructor recorded 4 samples, mean = 0.5 (flags = 0x41)
0  --O                                                                       (2 = 50.0%)
1  --O                                                                       (2 = 50.0%) {50.0%}
2  ... 

Histogram: Navigation.RenderViewHostConstructor recorded 2 samples, mean = 0.0 (flags = 0x41)
0  --O                                                                       (2 = 100.0%)
1  ... 

Histogram: Navigation.RenderViewHostDestructor recorded 2 samples, mean = 0.0 (flags = 0x41)
0  --O                                                                       (2 = 100.0%)
1  ... 

Histogram: Navigation.RenderWidgetHostConstructor recorded 2 samples, mean = 0.0 (flags = 0x41)
0  --O                                                                       (2 = 100.0%)
1  ... 

Histogram: Navigation.RenderWidgetHostDestructor recorded 2 samples, mean = 0.0 (flags = 0x41)
0  --O                                                                       (2 = 100.0%)
1  ... 

Histogram: Navigation.RendererCommitDelay.MainFrame recorded 1 samples, mean = 6.0 (flags = 0x41)
0  ... 
6  -O                                                                        (1 = 100.0%) {0.0%}
7  ... 

Histogram: Navigation.RendererCommitQueueTime.MainFrame recorded 1 samples, mean = 5.0 (flags = 0x41)
0  ... 
5  -O                                                                        (1 = 100.0%) {0.0%}
6  ... 

Histogram: Navigation.RendererDidNavigateTime.MainFrame recorded 1 samples, mean = 0.0 (flags = 0x41)
0  -O                                                                        (1 = 100.0%)
1  ... 

Histogram: Navigation.RendererDidNavigateTime.Subframe recorded 2 samples, mean = 0.0 (flags = 0x41)
0  --O                                                                       (2 = 100.0%)
1  ... 

Histogram: Navigation.RequiresDedicatedProcess recorded 1 samples, mean = 1.0 (flags = 0x41)
0  O                                                                         (0 = 0.0%)
1  -O                                                                        (1 = 100.0%) {0.0%}
2  O                                                                         (0 = 0.0%) {100.0%}

Histogram: Navigation.RequiresDedicatedProcess.HTTPOrHTTPS recorded 1 samples, mean = 1.0 (flags = 0x41)
0  O                                                                         (0 = 0.0%)
1  -O                                                                        (1 = 100.0%) {0.0%}
2  O                                                                         (0 = 0.0%) {100.0%}

Histogram: Navigation.SameDocumentNavigationWithScreenshot recorded 1 samples, mean = 0.0 (flags = 0x41)
0  -O                                                                        (1 = 100.0%)
1  ... 

Histogram: Navigation.SendCommitNavigationTime.MainFrame recorded 1 samples, mean = 0.0 (flags = 0x41)
0  -O                                                                        (1 = 100.0%)
1  ... 

Histogram: Navigation.StartToCommit recorded 3 samples, mean = 4450.0 (flags = 0x41)
0      --O                                                                       (2 = 66.7%)
1      ... 
12916  -O                                                                        (1 = 33.3%) {66.7%}
16411  ... 

Histogram: Navigation.StartToCommit.CrossProcess recorded 1 samples, mean = 13350.0 (flags = 0x41)
0      ... 
12916  -O                                                                        (1 = 100.0%) {0.0%}
16411  ... 

Histogram: Navigation.StartToCommit.CrossProcess.ForegroundProcessPriority recorded 1 samples, mean = 13350.0 (flags = 0x41)
0      ... 
12916  -O                                                                        (1 = 100.0%) {0.0%}
16411  ... 

Histogram: Navigation.StartToCommit.CrossProcess.MainFrame recorded 1 samples, mean = 13350.0 (flags = 0x41)
0      ... 
12916  -O                                                                        (1 = 100.0%) {0.0%}
16411  ... 

Histogram: Navigation.StartToCommit.CrossProcess.MainFrame.ForegroundProcessPriority recorded 1 samples, mean = 13350.0 (flags = 0x41)
0      ... 
12916  -O                                                                        (1 = 100.0%) {0.0%}
16411  ... 

Histogram: Navigation.StartToCommit.CrossProcess.MainFrame.NewNavigation recorded 1 samples, mean = 13350.0 (flags = 0x41)
0      ... 
12916  -O                                                                        (1 = 100.0%) {0.0%}
16411  ... 

Histogram: Navigation.StartToCommit.CrossProcess.NewNavigation recorded 1 samples, mean = 13350.0 (flags = 0x41)
0      ... 
12916  -O                                                                        (1 = 100.0%) {0.0%}
16411  ... 

Histogram: Navigation.StartToCommit.ForegroundProcessPriority recorded 3 samples, mean = 4450.0 (flags = 0x41)
0      --O                                                                       (2 = 66.7%)
1      ... 
12916  -O                                                                        (1 = 33.3%) {66.7%}
16411  ... 

Histogram: Navigation.StartToCommit.MainFrame recorded 1 samples, mean = 13350.0 (flags = 0x41)
0      ... 
12916  -O                                                                        (1 = 100.0%) {0.0%}
16411  ... 

Histogram: Navigation.StartToCommit.MainFrame.ForegroundProcessPriority recorded 1 samples, mean = 13350.0 (flags = 0x41)
0      ... 
12916  -O                                                                        (1 = 100.0%) {0.0%}
16411  ... 

Histogram: Navigation.StartToCommit.MainFrame.NewNavigation recorded 1 samples, mean = 13350.0 (flags = 0x41)
0      ... 
12916  -O                                                                        (1 = 100.0%) {0.0%}
16411  ... 

Histogram: Navigation.StartToCommit.NewNavigation recorded 3 samples, mean = 4450.0 (flags = 0x41)
0      --O                                                                       (2 = 66.7%)
1      ... 
12916  -O                                                                        (1 = 33.3%) {66.7%}
16411  ... 

Histogram: Navigation.StartToCommit.SameProcess recorded 2 samples, mean = 0.0 (flags = 0x41)
0  --O                                                                       (2 = 100.0%)
1  ... 

Histogram: Navigation.StartToCommit.SameProcess.ForegroundProcessPriority recorded 2 samples, mean = 0.0 (flags = 0x41)
0  --O                                                                       (2 = 100.0%)
1  ... 

Histogram: Navigation.StartToCommit.SameProcess.NewNavigation recorded 2 samples, mean = 0.0 (flags = 0x41)
0  --O                                                                       (2 = 100.0%)
1  ... 

Histogram: Navigation.StartToCommit.SameProcess.Subframe recorded 2 samples, mean = 0.0 (flags = 0x41)
0  --O                                                                       (2 = 100.0%)
1  ... 

Histogram: Navigation.StartToCommit.SameProcess.Subframe.ForegroundProcessPriority recorded 2 samples, mean = 0.0 (flags = 0x41)
0  --O                                                                       (2 = 100.0%)
1  ... 

Histogram: Navigation.StartToCommit.SameProcess.Subframe.NewNavigation recorded 2 samples, mean = 0.0 (flags = 0x41)
0  --O                                                                       (2 = 100.0%)
1  ... 

Histogram: Navigation.StartToCommit.Subframe recorded 2 samples, mean = 0.0 (flags = 0x41)
0  --O                                                                       (2 = 100.0%)
1  ... 

Histogram: Navigation.StartToCommit.Subframe.ForegroundProcessPriority recorded 2 samples, mean = 0.0 (flags = 0x41)
0  --O                                                                       (2 = 100.0%)
1  ... 

Histogram: Navigation.StartToCommit.Subframe.NewNavigation recorded 2 samples, mean = 0.0 (flags = 0x41)
0  --O                                                                       (2 = 100.0%)
1  ... 

Histogram: Navigation.SuddenTerminationDisabler.AllOrigins recorded 1 samples, mean = 13.0 (flags = 0x41)
0   ... 
13  -O                                                                        (1 = 100.0%) {0.0%}
14  ... 

Histogram: Navigation.SuddenTerminationDisabler.SameOrigin recorded 1 samples, mean = 13.0 (flags = 0x41)
0   ... 
13  -O                                                                        (1 = 100.0%) {0.0%}
14  ... 

Histogram: Navigation.SwapRFHToCompositorCreation recorded 1 samples, mean = 8.0 (flags = 0x41)
0  ... 
7  -O                                                                        (1 = 100.0%) {0.0%}
9  ... 

Histogram: Navigation.ThrottleCount recorded 2 samples, mean = 20.0 (flags = 0x41)
0   ... 
20  --O                                                                       (2 = 100.0%) {0.0%}
21  ... 

Histogram: Navigation.ThrottleEventDurationTime.WillProcessResponse recorded 1 samples, mean = 0.0 (flags = 0x41)
0  -O                                                                        (1 = 100.0%)
1  ... 

Histogram: Navigation.ThrottleEventDurationTime.WillRedirectRequest recorded 1 samples, mean = 0.0 (flags = 0x41)
0  -O                                                                        (1 = 100.0%)
1  ... 

Histogram: Navigation.ThrottleEventDurationTime.WillStartRequest recorded 2 samples, mean = 0.0 (flags = 0x41)
0  --O                                                                       (2 = 100.0%)
1  ... 

Histogram: Navigation.ThrottleEventExecutionTime.WillProcessResponse recorded 1 samples, mean = 0.0 (flags = 0x41)
0  -O                                                                        (1 = 100.0%)
1  ... 

Histogram: Navigation.ThrottleEventExecutionTime.WillRedirectRequest recorded 1 samples, mean = 0.0 (flags = 0x41)
0  -O                                                                        (1 = 100.0%)
1  ... 

Histogram: Navigation.ThrottleEventExecutionTime.WillStartRequest recorded 2 samples, mean = 0.0 (flags = 0x41)
0  --O                                                                       (2 = 100.0%)
1  ... 

Histogram: Navigation.ThrottleExecutionTime.WillProcessResponse recorded 20 samples, mean = 0.0 (flags = 0x41)
0  --------------------O                                                     (20 = 100.0%)
1  ... 

Histogram: Navigation.ThrottleExecutionTime.WillRedirectRequest recorded 20 samples, mean = 0.0 (flags = 0x41)
0  --------------------O                                                     (20 = 100.0%)
1  ... 

Histogram: Navigation.ThrottleExecutionTime.WillStartRequest recorded 40 samples, mean = 0.0 (flags = 0x41)
0  ----------------------------------------O                                 (40 = 100.0%)
1  ... 

Histogram: Navigation.ThrottleTotalDeferCount recorded 5 samples, mean = 0.0 (flags = 0x41)
0  -----O                                                                    (5 = 100.0%)
1  ... 

Histogram: Navigation.ThrottleTotalDeferCount.Request recorded 5 samples, mean = 0.0 (flags = 0x41)
0  -----O                                                                    (5 = 100.0%)
1  ... 

Histogram: Navigation.ThrottleTotalDeferTime recorded 5 samples, mean = 0.0 (flags = 0x41)
0  -----O                                                                    (5 = 100.0%)
1  ... 

Histogram: Navigation.ThrottleTotalDeferTime.Request recorded 5 samples, mean = 0.0 (flags = 0x41)
0  -----O                                                                    (5 = 100.0%)
1  ... 

Histogram: Navigation.Throttles.PolicyBlocklist.DeferDurationTime recorded 2 samples, mean = 0.0 (flags = 0x41)
0  --O                                                                       (2 = 100.0%)
1  ... 

Histogram: Navigation.Throttles.PolicyBlocklist.RequestThrottleAction recorded 2 samples, mean = 2.5 (flags = 0x41)
0  O                                                                         (0 = 0.0%)
1  -O                                                                        (1 = 50.0%) {0.0%}
2  ... 
4  -O                                                                        (1 = 50.0%) {50.0%}
5  ... 

Histogram: Navigation.Throttles.PolicyBlocklist.RequestToResponseTime recorded 1 samples, mean = 0.0 (flags = 0x41)
0  -O                                                                        (1 = 100.0%)
1  ... 

Histogram: Navigation.TimeToReadyToCommit2 recorded 1 samples, mean = 13271.0 (flags = 0x41)
0      ... 
12916  -O                                                                        (1 = 100.0%) {0.0%}
16411  ... 

Histogram: Navigation.TimeToReadyToCommit2.CrossProcess recorded 1 samples, mean = 13271.0 (flags = 0x41)
0      ... 
12916  -O                                                                        (1 = 100.0%) {0.0%}
16411  ... 

Histogram: Navigation.TimeToReadyToCommit2.CrossProcess.NewNavigation recorded 1 samples, mean = 13271.0 (flags = 0x41)
0      ... 
12916  -O                                                                        (1 = 100.0%) {0.0%}
16411  ... 

Histogram: Navigation.TimeToReadyToCommit2.MainFrame recorded 1 samples, mean = 13271.0 (flags = 0x41)
0      ... 
12916  -O                                                                        (1 = 100.0%) {0.0%}
16411  ... 

Histogram: Navigation.TimeToReadyToCommit2.MainFrame.NewNavigation recorded 1 samples, mean = 13271.0 (flags = 0x41)
0      ... 
12916  -O                                                                        (1 = 100.0%) {0.0%}
16411  ... 

Histogram: Navigation.TimeToReadyToCommit2.NewNavigation recorded 1 samples, mean = 13271.0 (flags = 0x41)
0      ... 
12916  -O                                                                        (1 = 100.0%) {0.0%}
16411  ... 

Histogram: Navigation.Unload recorded 1 samples, mean = 0.0 (flags = 0x41)
0  -O                                                                        (1 = 100.0%)
1  ... 

Histogram: Navigation.UserAgentStringType recorded 4 samples, mean = 1.0 (flags = 0x41)
0  O                                                                         (0 = 0.0%)
1  ----O                                                                     (4 = 100.0%) {0.0%}
2  ... 

Histogram: Navigation.WillStartRequestToLoaderStart.MainFrame recorded 2 samples, mean = 0.5 (flags = 0x41)
0  -O                                                                        (1 = 50.0%)
1  -O                                                                        (1 = 50.0%) {50.0%}
2  ... 

Histogram: NavigationPredictor.SearchEnginePreconnector.IsBrowserAppLikelyInForeground recorded 35 samples, mean = 0.1 (flags = 0x41)
0  --------------------------------O                                         (32 = 91.4%)
1  ---O                                                                      (3 = 8.6%) {91.4%}
2  O                                                                         (0 = 0.0%) {100.0%}

Histogram: NavigationSuggestion.GetDomainInfoDelayBeforeAllowingNavigation recorded 1 samples, mean = 0.0 (flags = 0x41)
0  -O                                                                        (1 = 100.0%)
1  ... 

Histogram: NavigationSuggestion.IsLookalikeUrlDelayBeforeAllowingNavigation recorded 1 samples, mean = 0.0 (flags = 0x41)
0  -O                                                                        (1 = 100.0%)
1  ... 

Histogram: NavigationSuggestion.PerformChecksDelayBeforeAllowingNavigation recorded 1 samples, mean = 0.0 (flags = 0x41)
0  -O                                                                        (1 = 100.0%)
1  ... 

Histogram: Net.AlternateProtocolUsage recorded 25 samples, mean = 1.7 (flags = 0x41)
0  ------O                                                                   (6 = 24.0%)
1  ---------------O                                                          (15 = 60.0%) {24.0%}
2  ... 
7  ----O                                                                     (4 = 16.0%) {84.0%}
8  O                                                                         (0 = 0.0%) {100.0%}

Histogram: Net.AlternateProtocolUsageGoogle recorded 15 samples, mean = 0.9 (flags = 0x41)
0  -O                                                                        (1 = 6.7%)
1  --------------O                                                           (14 = 93.3%) {6.7%}
2  ... 

Histogram: Net.AlternativeServiceTypeForRequest recorded 35 samples, mean = 0.7 (flags = 0x41)
0  ------------O                                                             (12 = 34.3%)
1  -----------------------O                                                  (23 = 65.7%) {34.3%}
2  ... 

Histogram: Net.CertVerifier.PathBuilderIterationCount recorded 11 samples, mean = 2.0 (flags = 0x41)
0  ... 
2  -----------O                                                              (11 = 100.0%) {0.0%}
3  ... 

Histogram: Net.CertVerifier_First_Job_Latency recorded 1 samples, mean = 2374.0 (flags = 0x41)
0     ... 
2243  -O                                                                        (1 = 100.0%) {0.0%}
2540  ... 

Histogram: Net.CertVerifier_Job_Latency recorded 11 samples, mean = 732.8 (flags = 0x41)
0     ... 
20    -O                                                                        (1 = 9.1%) {0.0%}
23    ... 
29    --O                                                                       (2 = 18.2%) {9.1%}
33    -O                                                                        (1 = 9.1%) {27.3%}
37    ... 
88    -O                                                                        (1 = 9.1%) {36.4%}
100   ... 
271   -O                                                                        (1 = 9.1%) {45.5%}
307   -O                                                                        (1 = 9.1%) {54.5%}
348   ... 
1546  ---O                                                                      (3 = 27.3%) {63.6%}
1750  ... 
2243  -O                                                                        (1 = 9.1%) {90.9%}
2540  ... 

Histogram: Net.Certificate.TrustAnchor.Request recorded 25 samples (flags = 0x41)
210  ----O                                                                     (4 = 16.0%)
483  -------O                                                                  (7 = 28.0%)
486  --------------O                                                           (14 = 56.0%)

Histogram: Net.Certificate.TrustAnchor.Verify recorded 11 samples (flags = 0x41)
210  --O                                                                       (2 = 18.2%)
483  ----O                                                                     (4 = 36.4%)
486  -----O                                                                    (5 = 45.5%)

Histogram: Net.ConnectionInfo.MainFrame recorded 1 samples, mean = 40.0 (flags = 0x41)
0   ... 
40  -O                                                                        (1 = 100.0%) {0.0%}
41  ... 

Histogram: Net.ConnectionInfo.SubResource recorded 8 samples, mean = 26.5 (flags = 0x41)
0   ... 
4   ---O                                                                      (3 = 37.5%) {0.0%}
5   ... 
40  -----O                                                                    (5 = 62.5%) {37.5%}
41  ... 

Histogram: Net.ContentEncodingType recorded 62 samples, mean = 0.6 (flags = 0x41)
0  -------------------------O                                                (25 = 40.3%)
1  ----------------------------------O                                       (34 = 54.8%) {40.3%}
2  ---O                                                                      (3 = 4.8%) {95.2%}
3  ... 

Histogram: Net.Cors.AccessCheckResult recorded 8 samples, mean = 0.0 (flags = 0x41)
0  --------O                                                                 (8 = 100.0%)
1  ... 

Histogram: Net.CountOfQuicServerInfos recorded 1 samples, mean = 0.0 (flags = 0x41)
0  -O                                                                        (1 = 100.0%)
1  ... 

Histogram: Net.DNS.DnsConfig.DnsClientCapability recorded 40 samples, mean = 1.0 (flags = 0x41)
0  O                                                                         (0 = 0.0%)
1  ----------------------------------------O                                 (40 = 100.0%) {0.0%}
2  ... 

Histogram: Net.DNS.DnsConfig.SecureDnsMode recorded 1 samples, mean = 4.0 (flags = 0x41)
0  ... 
4  -O                                                                        (1 = 100.0%) {0.0%}
5  ... 

Histogram: Net.DNS.DnsConfig.Windows.Compatibility recorded 8 samples, mean = 0.0 (flags = 0x41)
0  --------O                                                                 (8 = 100.0%)
1  ... 

Histogram: Net.DNS.DnsConfig.Windows.ReadSystemSettings0 recorded 6 samples, mean = 0.0 (flags = 0x41)
0  ------O                                                                   (6 = 100.0%)
1  ... 

Histogram: Net.DNS.DnsHosts.Count recorded 2 samples, mean = 0.0 (flags = 0x41)
0  --O                                                                       (2 = 100.0%)
1  ... 

Histogram: Net.DNS.DnsHosts.EstimateMemoryUsage recorded 2 samples, mean = 0.0 (flags = 0x41)
0  --O                                                                       (2 = 100.0%)
1000... 

Histogram: Net.DNS.DnsHosts.FileSize recorded 2 samples, mean = 824.0 (flags = 0x41)
0    ... 
737  --O                                                                       (2 = 100.0%) {0.0%}
1065 ... 

Histogram: Net.DNS.DnsTask.SuccessTime recorded 18 samples, mean = 3.9 (flags = 0x41)
0   ... 
2   -----O                                                                    (5 = 27.8%) {0.0%}
3   ------O                                                                   (6 = 33.3%) {27.8%}
4   ---O                                                                      (3 = 16.7%) {61.1%}
5   --O                                                                       (2 = 11.1%) {77.8%}
6   -O                                                                        (1 = 5.6%) {88.9%}
7   ... 
14  -O                                                                        (1 = 5.6%) {94.4%}
16  ... 

Histogram: Net.DNS.DnsTask.SvcbHttpsTransactionError recorded 18 samples, mean = 0.0 (flags = 0x41)
0  ------------------O                                                       (18 = 100.0%)
1  ... 

Histogram: Net.DNS.DnsTransaction.AttemptType recorded 36 samples, mean = 0.0 (flags = 0x41)
0  ------------------------------------O                                     (36 = 100.0%)
1  ... 

Histogram: Net.DNS.DnsTransaction.Insecure.Other.SuccessTime recorded 36 samples, mean = 3.3 (flags = 0x41)
0   O                                                                         (0 = 0.0%)
1   -O                                                                        (1 = 2.8%) {0.0%}
2   -------------------O                                                      (19 = 52.8%) {2.8%}
3   -----O                                                                    (5 = 13.9%) {55.6%}
4   -------O                                                                  (7 = 19.4%) {69.4%}
5   -O                                                                        (1 = 2.8%) {88.9%}
6   -O                                                                        (1 = 2.8%) {91.7%}
8   ... 
13  --O                                                                       (2 = 5.6%) {94.4%}
16  ... 

Histogram: Net.DNS.H3SupportedGoogleHost.TaskTypeMetadataAvailability2 recorded 1 samples, mean = 3.0 (flags = 0x41)
0  ... 
3  -O                                                                        (1 = 100.0%) {0.0%}
4  ... 

Histogram: Net.DNS.HTTPSSVC.RecordHttps.Insecure.ExpectNoerror.DnsRcode recorded 18 samples, mean = 3.0 (flags = 0x41)
0  ... 
3  ------------------O                                                       (18 = 100.0%) {0.0%}
4  ... 

Histogram: Net.DNS.HTTPSSVC.RecordHttps.Insecure.ExpectNoerror.Parsable recorded 1 samples, mean = 1.0 (flags = 0x41)
0  O                                                                         (0 = 0.0%)
1  -O                                                                        (1 = 100.0%) {0.0%}
2  O                                                                         (0 = 0.0%) {100.0%}

Histogram: Net.DNS.HTTPSSVC.RecordHttps.Insecure.ExpectNoerror.ResolveTimeAddress recorded 18 samples, mean = 3.6 (flags = 0x41)
0   ... 
2   --------O                                                                 (8 = 44.4%) {0.0%}
3   ----O                                                                     (4 = 22.2%) {44.4%}
4   ---O                                                                      (3 = 16.7%) {66.7%}
5   -O                                                                        (1 = 5.6%) {83.3%}
6   -O                                                                        (1 = 5.6%) {88.9%}
8   ... 
13  -O                                                                        (1 = 5.6%) {94.4%}
16  ... 

Histogram: Net.DNS.HTTPSSVC.RecordHttps.Insecure.ExpectNoerror.ResolveTimeExperimental recorded 18 samples, mean = 3.6 (flags = 0x41)
0   ... 
2   -------O                                                                  (7 = 38.9%) {0.0%}
3   ------O                                                                   (6 = 33.3%) {38.9%}
4   --O                                                                       (2 = 11.1%) {72.2%}
5   --O                                                                       (2 = 11.1%) {83.3%}
6   ... 
13  -O                                                                        (1 = 5.6%) {94.4%}
16  ... 

Histogram: Net.DNS.HTTPSSVC.RecordHttps.Insecure.ExpectNoerror.ResolveTimeRatio recorded 18 samples, mean = 9.7 (flags = 0x41)
0   ... 
2   -O                                                                        (1 = 5.6%) {0.0%}
3   ... 
5   -O                                                                        (1 = 5.6%) {5.6%}
6   ... 
9   -------O                                                                  (7 = 38.9%) {11.1%}
10  ------O                                                                   (6 = 33.3%) {50.0%}
11  -O                                                                        (1 = 5.6%) {83.3%}
12  ... 
15  -O                                                                        (1 = 5.6%) {88.9%}
16  ... 
18  -O                                                                        (1 = 5.6%) {94.4%}
19  ... 

Histogram: Net.DNS.JobQueueTime.PerTransaction recorded 36 samples, mean = 0.0 (flags = 0x41)
0  ------------------------------------O                                     (36 = 100.0%)
1  ... 

Histogram: Net.DNS.JobQueueTime.Success recorded 18 samples, mean = 0.0 (flags = 0x41)
0  ------------------O                                                       (18 = 100.0%)
1  ... 

Histogram: Net.DNS.Request.TotalTime recorded 165 samples, mean = 0.5 (flags = 0x41)
0   ------------------------------------------------------------------------O (164 = 99.4%)
10  O                                                                         (0 = 0.0%) {99.4%}
12  O                                                                         (1 = 0.6%) {99.4%}
15  ... 

Histogram: Net.DNS.Request.TotalTimeAsync recorded 25 samples, mean = 3.0 (flags = 0x41)
0   ------------------------O                                                 (24 = 96.0%)
10  O                                                                         (0 = 0.0%) {96.0%}
12  -O                                                                        (1 = 4.0%) {96.0%}
15  ... 

Histogram: Net.DNS.ResolveCategory recorded 26 samples, mean = 0.4 (flags = 0x41)
0  -----------------O                                                        (17 = 65.4%)
1  --------O                                                                 (8 = 30.8%) {65.4%}
2  -O                                                                        (1 = 3.8%) {96.2%}
3  ... 

Histogram: Net.DNS.ResolveError.Fast recorded 8 samples (flags = 0x41)
105  --------O                                                                 (8 = 100.0%)

Histogram: Net.DNS.ResolveFailureTime recorded 8 samples, mean = 0.9 (flags = 0x41)
0  ------O                                                                   (6 = 75.0%)
1  O                                                                         (0 = 0.0%) {75.0%}
2  -O                                                                        (1 = 12.5%) {75.0%}
3  ... 
5  -O                                                                        (1 = 12.5%) {87.5%}
6  ... 

Histogram: Net.DNS.ResolveSuccessTime recorded 17 samples, mean = 4.1 (flags = 0x41)
0   ... 
2   ---O                                                                      (3 = 17.6%) {0.0%}
3   -------O                                                                  (7 = 41.2%) {17.6%}
4   ---O                                                                      (3 = 17.6%) {58.8%}
5   --O                                                                       (2 = 11.8%) {76.5%}
6   -O                                                                        (1 = 5.9%) {88.2%}
7   ... 
14  -O                                                                        (1 = 5.9%) {94.1%}
16  ... 

Histogram: Net.DNS.SystemTask.FailureTime recorded 8 samples, mean = 0.9 (flags = 0x41)
0  ------O                                                                   (6 = 75.0%)
1  O                                                                         (0 = 0.0%) {75.0%}
2  -O                                                                        (1 = 12.5%) {75.0%}
3  ... 
5  -O                                                                        (1 = 12.5%) {87.5%}
6  ... 

Histogram: Net.DNS.UpgradeConfig.HasPublicInsecureNameserver recorded 1 samples, mean = 1.0 (flags = 0x41)
0  O                                                                         (0 = 0.0%)
1  -O                                                                        (1 = 100.0%) {0.0%}
2  O                                                                         (0 = 0.0%) {100.0%}

Histogram: Net.DNS.UpgradeConfig.InsecureUpgradeSucceeded recorded 1 samples, mean = 0.0 (flags = 0x41)
0  -O                                                                        (1 = 100.0%)
1  ... 

Histogram: Net.DNS_Resolution_And_TCP_Connection_Latency2 recorded 6 samples, mean = 75.8 (flags = 0x41)
0    ... 
3    -O                                                                        (1 = 16.7%) {0.0%}
4    O                                                                         (0 = 0.0%) {16.7%}
5    -O                                                                        (1 = 16.7%) {16.7%}
6    ... 
29   -O                                                                        (1 = 16.7%) {33.3%}
33   -O                                                                        (1 = 16.7%) {50.0%}
37   ... 
186  --O                                                                       (2 = 33.3%) {66.7%}
211  ... 

Histogram: Net.ErrorCodesForMainFrame4 recorded 2 samples (flags = 0x41)
0  -O                                                                        (1 = 50.0%)
3  -O                                                                        (1 = 50.0%)

Histogram: Net.ErrorCodesForSubresources3 recorded 46 samples (flags = 0x41)
0  ----------------------------------------------O                           (46 = 100.0%)

Histogram: Net.HttpJob.BytesReceived2 recorded 25 samples, mean = 2026.8 (flags = 0x41)
0      ... 
56     -O                                                                        (1 = 4.0%) {0.0%}
80     ... 
340    --O                                                                       (2 = 8.0%) {4.0%}
488    ---O                                                                      (3 = 12.0%) {12.0%}
700    -O                                                                        (1 = 4.0%) {24.0%}
1004   --------------O                                                           (14 = 56.0%) {28.0%}
1440   ... 
2961   ---O                                                                      (3 = 12.0%) {84.0%}
4246   ... 
17959  -O                                                                        (1 = 4.0%) {96.0%}
25755  ... 

Histogram: Net.HttpJob.BytesSent2 recorded 25 samples, mean = 1498.1 (flags = 0x41)
0      ... 
19     -O                                                                        (1 = 4.0%) {0.0%}
27     ... 
165    -O                                                                        (1 = 4.0%) {4.0%}
237    O                                                                         (0 = 0.0%) {8.0%}
340    ----O                                                                     (4 = 16.0%) {8.0%}
488    ---O                                                                      (3 = 12.0%) {24.0%}
700    -O                                                                        (1 = 4.0%) {36.0%}
1004   --------------O                                                           (14 = 56.0%) {40.0%}
1440   ... 
12523  -O                                                                        (1 = 4.0%) {96.0%}
17959  ... 

Histogram: Net.HttpJob.MainJobWaitTimeWithoutAvailableSpdySession recorded 17 samples, mean = 78.5 (flags = 0x41)
0    ... 
8    -O                                                                        (1 = 5.9%) {0.0%}
10   ... 
40   ---O                                                                      (3 = 17.6%) {5.9%}
48   --------O                                                                 (8 = 47.1%) {23.5%}
57   ---O                                                                      (3 = 17.6%) {70.6%}
68   ... 
268  --O                                                                       (2 = 11.8%) {88.2%}
318  ... 

Histogram: Net.HttpJob.PrefilterBytesRead recorded 65 samples, mean = 20756.0 (flags = 0x41)
0       -----O                                                                    (5 = 7.7%)
1       ... 
13      -O                                                                        (1 = 1.5%) {7.7%}
19      -O                                                                        (1 = 1.5%) {9.2%}
27      O                                                                         (0 = 0.0%) {10.8%}
39      -O                                                                        (1 = 1.5%) {10.8%}
56      -O                                                                        (1 = 1.5%) {12.3%}
80      -O                                                                        (1 = 1.5%) {13.8%}
115     O                                                                         (0 = 0.0%) {15.4%}
165     -O                                                                        (1 = 1.5%) {15.4%}
237     O                                                                         (0 = 0.0%) {16.9%}
340     -O                                                                        (1 = 1.5%) {16.9%}
488     ----O                                                                     (4 = 6.2%) {18.5%}
700     ----O                                                                     (4 = 6.2%) {24.6%}
1004    ----------------O                                                         (16 = 24.6%) {30.8%}
1440    -O                                                                        (1 = 1.5%) {55.4%}
2065    -O                                                                        (1 = 1.5%) {56.9%}
2961    --O                                                                       (2 = 3.1%) {58.5%}
4246    -O                                                                        (1 = 1.5%) {61.5%}
6089    -O                                                                        (1 = 1.5%) {63.1%}
8732    ----O                                                                     (4 = 6.2%) {64.6%}
12523   -O                                                                        (1 = 1.5%) {70.8%}
17959   ----O                                                                     (4 = 6.2%) {72.3%}
25755   --O                                                                       (2 = 3.1%) {78.5%}
36935   ----O                                                                     (4 = 6.2%) {81.5%}
52968   O                                                                         (0 = 0.0%) {87.7%}
75961   -----O                                                                    (5 = 7.7%) {87.7%}
108935  --O                                                                       (2 = 3.1%) {95.4%}
156223  -O                                                                        (1 = 1.5%) {98.5%}
224038  ... 

Histogram: Net.HttpJob.PrefilterBytesRead.Cache recorded 42 samples, mean = 31341.5 (flags = 0x41)
0       --O                                                                       (2 = 4.8%)
1       ... 
165     -O                                                                        (1 = 2.4%) {4.8%}
237     O                                                                         (0 = 0.0%) {7.1%}
340     -O                                                                        (1 = 2.4%) {7.1%}
488     ----O                                                                     (4 = 9.5%) {9.5%}
700     ----O                                                                     (4 = 9.5%) {19.0%}
1004    --O                                                                       (2 = 4.8%) {28.6%}
1440    -O                                                                        (1 = 2.4%) {33.3%}
2065    -O                                                                        (1 = 2.4%) {35.7%}
2961    --O                                                                       (2 = 4.8%) {38.1%}
4246    -O                                                                        (1 = 2.4%) {42.9%}
6089    -O                                                                        (1 = 2.4%) {45.2%}
8732    ----O                                                                     (4 = 9.5%) {47.6%}
12523   O                                                                         (0 = 0.0%) {57.1%}
17959   ----O                                                                     (4 = 9.5%) {57.1%}
25755   --O                                                                       (2 = 4.8%) {66.7%}
36935   ----O                                                                     (4 = 9.5%) {71.4%}
52968   O                                                                         (0 = 0.0%) {81.0%}
75961   -----O                                                                    (5 = 11.9%) {81.0%}
108935  --O                                                                       (2 = 4.8%) {92.9%}
156223  -O                                                                        (1 = 2.4%) {97.6%}
224038  ... 

Histogram: Net.HttpJob.PrefilterBytesRead.Net recorded 23 samples, mean = 1426.1 (flags = 0x41)
0      ---O                                                                      (3 = 13.0%)
1      ... 
13     -O                                                                        (1 = 4.3%) {13.0%}
19     -O                                                                        (1 = 4.3%) {17.4%}
27     O                                                                         (0 = 0.0%) {21.7%}
39     -O                                                                        (1 = 4.3%) {21.7%}
56     -O                                                                        (1 = 4.3%) {26.1%}
80     -O                                                                        (1 = 4.3%) {30.4%}
115    ... 
1004   --------------O                                                           (14 = 60.9%) {34.8%}
1440   ... 
12523  -O                                                                        (1 = 4.3%) {95.7%}
17959  ... 

Histogram: Net.HttpJob.ProxyTypeSuccess recorded 25 samples, mean = 1.0 (flags = 0x41)
0  O                                                                         (0 = 0.0%)
1  -------------------------O                                                (25 = 100.0%) {0.0%}
2  ... 

Histogram: Net.HttpJob.TotalTime recorded 65 samples, mean = 207.1 (flags = 0x41)
0     ---O                                                                      (3 = 4.6%)
1     ----O                                                                     (4 = 6.2%) {4.6%}
2     -----O                                                                    (5 = 7.7%) {10.8%}
3     ... 
5     -O                                                                        (1 = 1.5%) {18.5%}
6     ---O                                                                      (3 = 4.6%) {20.0%}
7     ----O                                                                     (4 = 6.2%) {24.6%}
8     ---O                                                                      (3 = 4.6%) {30.8%}
10    ---O                                                                      (3 = 4.6%) {35.4%}
12    -O                                                                        (1 = 1.5%) {40.0%}
14    ---O                                                                      (3 = 4.6%) {41.5%}
17    --------O                                                                 (8 = 12.3%) {46.2%}
20    O                                                                         (0 = 0.0%) {58.5%}
24    ---O                                                                      (3 = 4.6%) {58.5%}
29    ... 
135   -O                                                                        (1 = 1.5%) {63.1%}
160   -O                                                                        (1 = 1.5%) {64.6%}
190   O                                                                         (0 = 0.0%) {66.2%}
226   ----O                                                                     (4 = 6.2%) {66.2%}
268   -O                                                                        (1 = 1.5%) {72.3%}
318   ----O                                                                     (4 = 6.2%) {73.8%}
378   ----O                                                                     (4 = 6.2%) {80.0%}
449   -----O                                                                    (5 = 7.7%) {86.2%}
533   -O                                                                        (1 = 1.5%) {93.8%}
633   ... 
1262  -O                                                                        (1 = 1.5%) {95.4%}
1500  O                                                                         (0 = 0.0%) {96.9%}
1782  -O                                                                        (1 = 1.5%) {96.9%}
2117  -O                                                                        (1 = 1.5%) {98.5%}
2516  ... 

Histogram: Net.HttpJob.TotalTime.Secure.Quic recorded 15 samples, mean = 633.7 (flags = 0x41)
0     ... 
280   --O                                                                       (2 = 13.3%) {0.0%}
356   ------O                                                                   (6 = 40.0%) {13.3%}
452   -----O                                                                    (5 = 33.3%) {53.3%}
574   ... 
1496  -O                                                                        (1 = 6.7%) {86.7%}
1901  -O                                                                        (1 = 6.7%) {93.3%}
2415  ... 

Histogram: Net.HttpJob.TotalTimeCached recorded 42 samples, mean = 18.1 (flags = 0x41)
0    ---O                                                                      (3 = 7.1%)
1    ----O                                                                     (4 = 9.5%) {7.1%}
2    -----O                                                                    (5 = 11.9%) {16.7%}
3    ... 
5    -O                                                                        (1 = 2.4%) {28.6%}
6    ---O                                                                      (3 = 7.1%) {31.0%}
7    ----O                                                                     (4 = 9.5%) {38.1%}
8    ---O                                                                      (3 = 7.1%) {47.6%}
10   ---O                                                                      (3 = 7.1%) {54.8%}
12   -O                                                                        (1 = 2.4%) {61.9%}
14   ---O                                                                      (3 = 7.1%) {64.3%}
17   -------O                                                                  (7 = 16.7%) {71.4%}
20   O                                                                         (0 = 0.0%) {88.1%}
24   ---O                                                                      (3 = 7.1%) {88.1%}
29   ... 
135  -O                                                                        (1 = 2.4%) {95.2%}
160  ... 
226  -O                                                                        (1 = 2.4%) {97.6%}
268  ... 

Histogram: Net.HttpJob.TotalTimeNotCached recorded 23 samples, mean = 552.0 (flags = 0x41)
0     ... 
17    -O                                                                        (1 = 4.3%) {0.0%}
20    ... 
160   -O                                                                        (1 = 4.3%) {4.3%}
190   O                                                                         (0 = 0.0%) {8.7%}
226   ---O                                                                      (3 = 13.0%) {8.7%}
268   -O                                                                        (1 = 4.3%) {21.7%}
318   ----O                                                                     (4 = 17.4%) {26.1%}
378   ----O                                                                     (4 = 17.4%) {43.5%}
449   -----O                                                                    (5 = 21.7%) {60.9%}
533   -O                                                                        (1 = 4.3%) {82.6%}
633   ... 
1262  -O                                                                        (1 = 4.3%) {87.0%}
1500  O                                                                         (0 = 0.0%) {91.3%}
1782  -O                                                                        (1 = 4.3%) {91.3%}
2117  -O                                                                        (1 = 4.3%) {95.7%}
2516  ... 

Histogram: Net.HttpJob.TotalTimeNotCached.Secure.Quic recorded 15 samples, mean = 633.7 (flags = 0x41)
0     ... 
280   --O                                                                       (2 = 13.3%) {0.0%}
356   ------O                                                                   (6 = 40.0%) {13.3%}
452   -----O                                                                    (5 = 33.3%) {53.3%}
574   ... 
1496  -O                                                                        (1 = 6.7%) {86.7%}
1901  -O                                                                        (1 = 6.7%) {93.3%}
2415  ... 

Histogram: Net.HttpJob.TotalTimeSuccess recorded 65 samples, mean = 207.1 (flags = 0x41)
0     ---O                                                                      (3 = 4.6%)
1     ----O                                                                     (4 = 6.2%) {4.6%}
2     -----O                                                                    (5 = 7.7%) {10.8%}
3     ... 
5     -O                                                                        (1 = 1.5%) {18.5%}
6     ---O                                                                      (3 = 4.6%) {20.0%}
7     ----O                                                                     (4 = 6.2%) {24.6%}
8     ---O                                                                      (3 = 4.6%) {30.8%}
10    ---O                                                                      (3 = 4.6%) {35.4%}
12    -O                                                                        (1 = 1.5%) {40.0%}
14    ---O                                                                      (3 = 4.6%) {41.5%}
17    --------O                                                                 (8 = 12.3%) {46.2%}
20    O                                                                         (0 = 0.0%) {58.5%}
24    ---O                                                                      (3 = 4.6%) {58.5%}
29    ... 
135   -O                                                                        (1 = 1.5%) {63.1%}
160   -O                                                                        (1 = 1.5%) {64.6%}
190   O                                                                         (0 = 0.0%) {66.2%}
226   ----O                                                                     (4 = 6.2%) {66.2%}
268   -O                                                                        (1 = 1.5%) {72.3%}
318   ----O                                                                     (4 = 6.2%) {73.8%}
378   ----O                                                                     (4 = 6.2%) {80.0%}
449   -----O                                                                    (5 = 7.7%) {86.2%}
533   -O                                                                        (1 = 1.5%) {93.8%}
633   ... 
1262  -O                                                                        (1 = 1.5%) {95.4%}
1500  O                                                                         (0 = 0.0%) {96.9%}
1782  -O                                                                        (1 = 1.5%) {96.9%}
2117  -O                                                                        (1 = 1.5%) {98.5%}
2516  ... 

Histogram: Net.HttpJob.TotalTimeSuccess.Priority1 recorded 16 samples, mean = 608.6 (flags = 0x41)
0     ... 
226   -O                                                                        (1 = 6.2%) {0.0%}
268   O                                                                         (0 = 0.0%) {6.2%}
318   ----O                                                                     (4 = 25.0%) {6.2%}
378   ----O                                                                     (4 = 25.0%) {31.2%}
449   -----O                                                                    (5 = 31.2%) {56.2%}
533   ... 
1782  -O                                                                        (1 = 6.2%) {87.5%}
2117  -O                                                                        (1 = 6.2%) {93.8%}
2516  ... 

Histogram: Net.HttpJob.TotalTimeSuccess.Priority2 recorded 29 samples, mean = 67.1 (flags = 0x41)
0     -O                                                                        (1 = 3.4%)
1     ---O                                                                      (3 = 10.3%) {3.4%}
2     -O                                                                        (1 = 3.4%) {13.8%}
3     ... 
5     -O                                                                        (1 = 3.4%) {17.2%}
6     O                                                                         (0 = 0.0%) {20.7%}
7     -O                                                                        (1 = 3.4%) {20.7%}
8     ---O                                                                      (3 = 10.3%) {24.1%}
10    ---O                                                                      (3 = 10.3%) {34.5%}
12    -O                                                                        (1 = 3.4%) {44.8%}
14    ---O                                                                      (3 = 10.3%) {48.3%}
17    -------O                                                                  (7 = 24.1%) {58.6%}
20    O                                                                         (0 = 0.0%) {82.8%}
24    ---O                                                                      (3 = 10.3%) {82.8%}
29    ... 
160   -O                                                                        (1 = 3.4%) {93.1%}
190   ... 
1262  -O                                                                        (1 = 3.4%) {96.6%}
1500  ... 

Histogram: Net.HttpJob.TotalTimeSuccess.Priority3 recorded 1 samples, mean = 236.0 (flags = 0x41)
0    ... 
226  -O                                                                        (1 = 100.0%) {0.0%}
268  ... 

Histogram: Net.HttpJob.TotalTimeSuccess.Priority4 recorded 5 samples, mean = 213.2 (flags = 0x41)
0    O                                                                         (0 = 0.0%)
1    -O                                                                        (1 = 20.0%) {0.0%}
2    ... 
17   -O                                                                        (1 = 20.0%) {20.0%}
20   ... 
226  --O                                                                       (2 = 40.0%) {40.0%}
268  ... 
533  -O                                                                        (1 = 20.0%) {80.0%}
633  ... 

Histogram: Net.HttpJob.TotalTimeSuccess.Priority5 recorded 14 samples, mean = 33.7 (flags = 0x41)
0    --O                                                                       (2 = 14.3%)
1    O                                                                         (0 = 0.0%) {14.3%}
2    ----O                                                                     (4 = 28.6%) {14.3%}
3    ... 
6    ---O                                                                      (3 = 21.4%) {42.9%}
7    ---O                                                                      (3 = 21.4%) {64.3%}
8    ... 
135  -O                                                                        (1 = 7.1%) {85.7%}
160  ... 
268  -O                                                                        (1 = 7.1%) {92.9%}
318  ... 

Histogram: Net.HttpRequestSSLUpgradeDecision recorded 2 samples, mean = 5.0 (flags = 0x41)
0  ... 
5  --O                                                                       (2 = 100.0%) {0.0%}
6  O                                                                         (0 = 0.0%) {100.0%}

Histogram: Net.HttpRequestStsState recorded 2 samples, mean = 2.0 (flags = 0x41)
0  ... 
2  --O                                                                       (2 = 100.0%) {0.0%}
3  ... 

Histogram: Net.HttpResponseCode recorded 75 samples, mean = 246.3 (flags = 0x41)
0    ... 
200  -----------------------------------------------------O                    (53 = 70.7%) {0.0%}
201  ... 
204  --O                                                                       (2 = 2.7%) {70.7%}
205  ... 
302  ---O                                                                      (3 = 4.0%) {73.3%}
303  O                                                                         (0 = 0.0%) {77.3%}
304  --O                                                                       (2 = 2.7%) {77.3%}
305  ... 
308  -O                                                                        (1 = 1.3%) {80.0%}
309  ... 
403  --------------O                                                           (14 = 18.7%) {81.3%}
404  ... 

Histogram: Net.HttpTimeToFirstByte recorded 65 samples, mean = 201.8 (flags = 0x41)
0     -------------------------------------O                                    (37 = 56.9%)
10    O                                                                         (0 = 0.0%) {56.9%}
12    ---O                                                                      (3 = 4.6%) {56.9%}
15    O                                                                         (0 = 0.0%) {61.5%}
18    -O                                                                        (1 = 1.5%) {61.5%}
22    ... 
139   -O                                                                        (1 = 1.5%) {63.1%}
171   -O                                                                        (1 = 1.5%) {64.6%}
210   ----O                                                                     (4 = 6.2%) {66.2%}
258   -O                                                                        (1 = 1.5%) {72.3%}
317   -----O                                                                    (5 = 7.7%) {73.8%}
389   ---O                                                                      (3 = 4.6%) {81.5%}
477   ------O                                                                   (6 = 9.2%) {86.2%}
585   -O                                                                        (1 = 1.5%) {95.4%}
718   ... 
1996  -O                                                                        (1 = 1.5%) {96.9%}
2449  -O                                                                        (1 = 1.5%) {98.5%}
3005  ... 

Histogram: Net.NetworkChangeNotifier.NewConnectionCost recorded 2 samples, mean = 1.0 (flags = 0x41)
0  O                                                                         (0 = 0.0%)
1  --O                                                                       (2 = 100.0%) {0.0%}
2  ... 

Histogram: Net.NumQuicSessionsAtShutdown recorded 3 samples, mean = 0.0 (flags = 0x41)
0  ---O                                                                      (3 = 100.0%)
1  ... 

Histogram: Net.OnTransferSizeUpdated.Experimental.OverridenBy recorded 31 samples, mean = 6.5 (flags = 0x41)
0   O                                                                         (0 = 0.0%)
1   ---------------------O                                                    (21 = 67.7%) {0.0%}
2   ... 
11  ---O                                                                      (3 = 9.7%) {67.7%}
12  ---O                                                                      (3 = 9.7%) {77.4%}
13  ... 
26  -O                                                                        (1 = 3.2%) {87.1%}
27  O                                                                         (0 = 0.0%) {90.3%}
28  ---O                                                                      (3 = 9.7%) {90.3%}
29  ... 

Histogram: Net.QuicActiveSessions recorded 19 samples, mean = 0.5 (flags = 0x41)
0  ---------------O                                                          (15 = 78.9%)
1  -O                                                                        (1 = 5.3%) {78.9%}
2  -O                                                                        (1 = 5.3%) {84.2%}
3  -O                                                                        (1 = 5.3%) {89.5%}
4  -O                                                                        (1 = 5.3%) {94.7%}
5  ... 

Histogram: Net.QuicChromiumClientStream.HandleOnCloseConnectionError recorded 21 samples (flags = 0x41)
0  ---------------------O                                                    (21 = 100.0%)

Histogram: Net.QuicChromiumClientStream.HandleOnCloseNetError recorded 21 samples (flags = 0x41)
100  ---------------------O                                                    (21 = 100.0%)

Histogram: Net.QuicChromiumClientStream.HandleOnCloseStreamError recorded 21 samples (flags = 0x41)
0  ---------------------O                                                    (21 = 100.0%)

Histogram: Net.QuicChromiumClientStream.HeaderDecodingDelay recorded 21 samples, mean = 0.0 (flags = 0x41)
0  ---------------------O                                                    (21 = 100.0%)
1  ... 

Histogram: Net.QuicChromiumClientStream.HeaderDecodingDelayGoogle recorded 15 samples, mean = 0.0 (flags = 0x41)
0  ---------------O                                                          (15 = 100.0%)
1  ... 

Histogram: Net.QuicConnection.WritePacketStatus recorded 267 samples, mean = 0.0 (flags = 0x41)
0  ------------------------------------------------------------------------O (267 = 100.0%)
1  ... 

Histogram: Net.QuicCryptoClientConfig.PopulatedFromCanonicalConfig recorded 5 samples, mean = 0.0 (flags = 0x41)
0  -----O                                                                    (5 = 100.0%)
1  ... 

Histogram: Net.QuicDroppedPacketReason recorded 14 samples, mean = 6.0 (flags = 0x41)
0  ... 
6  --------------O                                                           (14 = 100.0%) {0.0%}
7  O                                                                         (0 = 0.0%) {100.0%}

Histogram: Net.QuicHandshakeState recorded 57 samples, mean = 1.0 (flags = 0x41)
0  -------------------O                                                      (19 = 33.3%)
1  -------------------O                                                      (19 = 33.3%) {33.3%}
2  -------------------O                                                      (19 = 33.3%) {66.7%}
3  ... 

Histogram: Net.QuicHttpStream.ProcessResponseHeaderSuccess recorded 21 samples, mean = 1.0 (flags = 0x41)
0  O                                                                         (0 = 0.0%)
1  ---------------------O                                                    (21 = 100.0%) {0.0%}
2  O                                                                         (0 = 0.0%) {100.0%}

Histogram: Net.QuicSession.AbortedPendingStreamRequests recorded 19 samples, mean = 0.0 (flags = 0x41)
0  -------------------O                                                      (19 = 100.0%)
1  ... 

Histogram: Net.QuicSession.AcceptChForOrigin recorded 21 samples, mean = 0.1 (flags = 0x41)
0  ------------------O                                                       (18 = 85.7%)
1  ---O                                                                      (3 = 14.3%) {85.7%}
2  O                                                                         (0 = 0.0%) {100.0%}

Histogram: Net.QuicSession.AcceptChFrameReceivedViaAlps recorded 17 samples, mean = 1.0 (flags = 0x41)
0  O                                                                         (0 = 0.0%)
1  -----------------O                                                        (17 = 100.0%) {0.0%}
2  ... 

Histogram: Net.QuicSession.AsyncRead recorded 302 samples, mean = 0.6 (flags = 0x41)
0  ------------------------------------------------O                         (121 = 40.1%)
1  ------------------------------------------------------------------------O (181 = 59.9%) {40.1%}
2  O                                                                         (0 = 0.0%) {100.0%}

Histogram: Net.QuicSession.BlockedFrames.Received recorded 19 samples, mean = 0.0 (flags = 0x41)
0  -------------------O                                                      (19 = 100.0%)
1  ... 

Histogram: Net.QuicSession.BlockedFrames.Sent recorded 19 samples, mean = 0.0 (flags = 0x41)
0  -------------------O                                                      (19 = 100.0%)
1  ... 

Histogram: Net.QuicSession.CertVerificationResult recorded 29 samples (flags = 0x41)
0  -----------------------------O                                            (29 = 100.0%)

Histogram: Net.QuicSession.ClientSideMtu recorded 19 samples (flags = 0x41)
1250  -------------------O                                                      (19 = 100.0%)

Histogram: Net.QuicSession.CloseAllSessionsError recorded 3 samples (flags = 0x41)
3  ---O                                                                      (3 = 100.0%)

Histogram: Net.QuicSession.ClosedDuringInitializeSession recorded 19 samples, mean = 0.0 (flags = 0x41)
0  -------------------O                                                      (19 = 100.0%)
1  ... 

Histogram: Net.QuicSession.CoalesceStreamFrameStatus recorded 175 samples, mean = 0.3 (flags = 0x41)
0  ------------------------------------------------------------------------O (114 = 65.1%)
1  ---------------------------------------O                                  (61 = 34.9%) {65.1%}
2  O                                                                         (0 = 0.0%) {100.0%}

Histogram: Net.QuicSession.ConnectRandomPortForHTTPS recorded 19 samples, mean = 0.0 (flags = 0x41)
0  -------------------O                                                      (19 = 100.0%)
1  ... 

Histogram: Net.QuicSession.ConnectRandomPortRequiringConfirmationForHTTPS recorded 4 samples, mean = 0.0 (flags = 0x41)
0  ----O                                                                     (4 = 100.0%)
1  ... 

Histogram: Net.QuicSession.ConnectionClose.NumOpenStreams.TimedOut recorded 19 samples, mean = 0.0 (flags = 0x41)
0  -------------------O                                                      (19 = 100.0%)
1  ... 

Histogram: Net.QuicSession.ConnectionCloseErrorCodeClient recorded 19 samples (flags = 0x41)
25  -------------------O                                                      (19 = 100.0%)

Histogram: Net.QuicSession.ConnectionCloseErrorCodeClient.HandshakeConfirmed recorded 19 samples (flags = 0x41)
25  -------------------O                                                      (19 = 100.0%)

Histogram: Net.QuicSession.ConnectionCloseErrorCodeClientGoogle recorded 17 samples (flags = 0x41)
25  -----------------O                                                        (17 = 100.0%)

Histogram: Net.QuicSession.ConnectionCloseErrorCodeClientGoogle.HandshakeConfirmed recorded 17 samples (flags = 0x41)
25  -----------------O                                                        (17 = 100.0%)

Histogram: Net.QuicSession.ConnectionDuration recorded 19 samples, mean = 30260.9 (flags = 0x41)
0      ... 
27425  -----------------O                                                        (17 = 89.5%) {0.0%}
31655  -O                                                                        (1 = 5.3%) {89.5%}
36538  -O                                                                        (1 = 5.3%) {94.7%}
42174  ... 

Histogram: Net.QuicSession.ConnectionFlowControlBlocked recorded 9 samples, mean = 0.8 (flags = 0x41)
0  --O                                                                       (2 = 22.2%)
1  -------O                                                                  (7 = 77.8%) {22.2%}
2  O                                                                         (0 = 0.0%) {100.0%}

Histogram: Net.QuicSession.ConnectionIpPooled recorded 19 samples, mean = 0.0 (flags = 0x41)
0  -------------------O                                                      (19 = 100.0%)
1  ... 

Histogram: Net.QuicSession.ConnectionTypeFromSelf recorded 19 samples, mean = 1.0 (flags = 0x41)
0  O                                                                         (0 = 0.0%)
1  -------------------O                                                      (19 = 100.0%) {0.0%}
2  O                                                                         (0 = 0.0%) {100.0%}

Histogram: Net.QuicSession.CryptoRetransmitCount.HandshakeConfirmed recorded 19 samples, mean = 0.4 (flags = 0x41)
0  ------------O                                                             (12 = 63.2%)
1  ------O                                                                   (6 = 31.6%) {63.2%}
2  -O                                                                        (1 = 5.3%) {94.7%}
3  ... 

Histogram: Net.QuicSession.DuplicatePacketsReceived recorded 19 samples, mean = 0.0 (flags = 0x41)
0  -------------------O                                                      (19 = 100.0%)
1  ... 

Histogram: Net.QuicSession.EcnMarksObserved recorded 19 samples, mean = 1.0 (flags = 0x41)
0  O                                                                         (0 = 0.0%)
1  -------------------O                                                      (19 = 100.0%) {0.0%}
2  ... 

Histogram: Net.QuicSession.EncryptionEstablishedTime recorded 19 samples, mean = 213.0 (flags = 0x41)
0     --------------O                                                           (14 = 73.7%)
1     ... 
6     -O                                                                        (1 = 5.3%) {73.7%}
7     ... 
268   -O                                                                        (1 = 5.3%) {78.9%}
318   -O                                                                        (1 = 5.3%) {84.2%}
378   ... 
1500  --O                                                                       (2 = 10.5%) {89.5%}
1782  ... 

Histogram: Net.QuicSession.FinchConfigIsValid recorded 3 samples, mean = 1.0 (flags = 0x41)
0  O                                                                         (0 = 0.0%)
1  ---O                                                                      (3 = 100.0%) {0.0%}
2  O                                                                         (0 = 0.0%) {100.0%}

Histogram: Net.QuicSession.FindMatchingIpSessionResult recorded 38 samples, mean = 2.0 (flags = 0x41)
0  ... 
2  --------------------------------------O                                   (38 = 100.0%) {0.0%}
3  O                                                                         (0 = 0.0%) {100.0%}

Histogram: Net.QuicSession.FindMatchingIpSessionResultGoogle recorded 34 samples, mean = 2.0 (flags = 0x41)
0  ... 
2  ----------------------------------O                                       (34 = 100.0%) {0.0%}
3  O                                                                         (0 = 0.0%) {100.0%}

Histogram: Net.QuicSession.HandshakeConfirmedTime recorded 19 samples, mean = 246.7 (flags = 0x41)
0     ... 
6     -O                                                                        (1 = 5.3%) {0.0%}
7     ... 
34    -------O                                                                  (7 = 36.8%) {5.3%}
40    ----O                                                                     (4 = 21.1%) {42.1%}
48    O                                                                         (0 = 0.0%) {63.2%}
57    -O                                                                        (1 = 5.3%) {63.2%}
68    --O                                                                       (2 = 10.5%) {68.4%}
81    ... 
268   -O                                                                        (1 = 5.3%) {78.9%}
318   -O                                                                        (1 = 5.3%) {84.2%}
378   ... 
1500  --O                                                                       (2 = 10.5%) {89.5%}
1782  ... 

Histogram: Net.QuicSession.HeaderCompressionRatioQpackReceived recorded 21 samples, mean = 23.4 (flags = 0x41)
0   O                                                                         (0 = 0.0%)
1   -O                                                                        (1 = 4.8%) {0.0%}
2   ... 
5   --------------O                                                           (14 = 66.7%) {4.8%}
6   ... 
69  ---O                                                                      (3 = 14.3%) {71.4%}
70  --O                                                                       (2 = 9.5%) {85.7%}
71  ... 
74  -O                                                                        (1 = 4.8%) {95.2%}
75  ... 

Histogram: Net.QuicSession.HeaderCompressionRatioQpackSent recorded 21 samples, mean = 66.3 (flags = 0x41)
0   ... 
3   -O                                                                        (1 = 4.8%) {0.0%}
4   ... 
63  -O                                                                        (1 = 4.8%) {4.8%}
64  ... 
68  -O                                                                        (1 = 4.8%) {9.5%}
69  --------------O                                                           (14 = 66.7%) {14.3%}
70  ... 
72  -O                                                                        (1 = 4.8%) {81.0%}
73  --O                                                                       (2 = 9.5%) {85.7%}
74  O                                                                         (0 = 0.0%) {95.2%}
75  -O                                                                        (1 = 4.8%) {95.2%}
76  ... 

Histogram: Net.QuicSession.HostResolution.HandshakeConfirmedTime recorded 19 samples, mean = 247.1 (flags = 0x41)
0     ... 
6     -O                                                                        (1 = 5.3%) {0.0%}
7     ... 
34    ------O                                                                   (6 = 31.6%) {5.3%}
40    -----O                                                                    (5 = 26.3%) {36.8%}
48    O                                                                         (0 = 0.0%) {63.2%}
57    -O                                                                        (1 = 5.3%) {63.2%}
68    --O                                                                       (2 = 10.5%) {68.4%}
81    ... 
268   -O                                                                        (1 = 5.3%) {78.9%}
318   -O                                                                        (1 = 5.3%) {84.2%}
378   ... 
1500  --O                                                                       (2 = 10.5%) {89.5%}
1782  ... 

Histogram: Net.QuicSession.IncorrectConnectionIDsReceived recorded 19 samples, mean = 0.0 (flags = 0x41)
0  -------------------O                                                      (19 = 100.0%)
1  ... 

Histogram: Net.QuicSession.InitialRttEsitmateSource recorded 19 samples, mean = 1.0 (flags = 0x41)
0  O                                                                         (0 = 0.0%)
1  -------------------O                                                      (19 = 100.0%) {0.0%}
2  ... 

Histogram: Net.QuicSession.KeyUpdate.PerConnection2 recorded 19 samples, mean = 0.0 (flags = 0x41)
0  -------------------O                                                      (19 = 100.0%)
1  ... 

Histogram: Net.QuicSession.KeyUpdate.PotentialPeerKeyUpdateAttemptCount recorded 19 samples, mean = 0.0 (flags = 0x41)
0  -------------------O                                                      (19 = 100.0%)
1  ... 

Histogram: Net.QuicSession.MaxConsecutiveRtoWithForwardProgress recorded 19 samples, mean = 0.3 (flags = 0x41)
0  -------------O                                                            (13 = 68.4%)
1  ------O                                                                   (6 = 31.6%) {68.4%}
2  ... 

Histogram: Net.QuicSession.MinRTT recorded 19 samples, mean = 27.9 (flags = 0x41)
0   ... 
2   -O                                                                        (1 = 5.3%) {0.0%}
3   -O                                                                        (1 = 5.3%) {5.3%}
4   ... 
24  ---O                                                                      (3 = 15.8%) {10.5%}
29  ----------O                                                               (10 = 52.6%) {26.3%}
34  ----O                                                                     (4 = 21.1%) {78.9%}
40  ... 

Histogram: Net.QuicSession.MtuProbesSent recorded 19 samples, mean = 0.0 (flags = 0x41)
0  -------------------O                                                      (19 = 100.0%)
1  ... 

Histogram: Net.QuicSession.NumDefaultPathDegrading recorded 19 samples, mean = 0.0 (flags = 0x41)
0  -------------------O                                                      (19 = 100.0%)
1  ... 

Histogram: Net.QuicSession.NumMigrations recorded 19 samples, mean = 0.0 (flags = 0x41)
0  -------------------O                                                      (19 = 100.0%)
1  ... 

Histogram: Net.QuicSession.NumOpenStreams recorded 21 samples, mean = 1.0 (flags = 0x41)
0  O                                                                         (0 = 0.0%)
1  --------------------O                                                     (20 = 95.2%) {0.0%}
2  -O                                                                        (1 = 4.8%) {95.2%}
3  ... 

Histogram: Net.QuicSession.NumPingsSent recorded 19 samples, mean = 0.4 (flags = 0x41)
0  ------------O                                                             (12 = 63.2%)
1  ------O                                                                   (6 = 31.6%) {63.2%}
2  -O                                                                        (1 = 5.3%) {94.7%}
3  ... 

Histogram: Net.QuicSession.NumQueuedPacketsBeforeWrite recorded 288 samples, mean = 0.0 (flags = 0x41)
0  ------------------------------------------------------------------------O (288 = 100.0%)
1  ... 

Histogram: Net.QuicSession.NumTotalStreams recorded 19 samples, mean = 1.1 (flags = 0x41)
0  ---O                                                                      (3 = 15.8%)
1  --------------O                                                           (14 = 73.7%) {15.8%}
2  -O                                                                        (1 = 5.3%) {89.5%}
3  ... 
5  -O                                                                        (1 = 5.3%) {94.7%}
7  ... 

Histogram: Net.QuicSession.OutOfOrderGapReceived recorded 3 samples, mean = 1.0 (flags = 0x41)
0  O                                                                         (0 = 0.0%)
1  ---O                                                                      (3 = 100.0%) {0.0%}
2  ... 

Histogram: Net.QuicSession.OutOfOrderLargePacketsReceived recorded 19 samples, mean = 0.0 (flags = 0x41)
0  -------------------O                                                      (19 = 100.0%)
1  ... 

Histogram: Net.QuicSession.OutOfOrderPacketsReceived recorded 19 samples, mean = 0.2 (flags = 0x41)
0  ----------------O                                                         (16 = 84.2%)
1  ---O                                                                      (3 = 15.8%) {84.2%}
2  ... 

Histogram: Net.QuicSession.PacketGapReceived recorded 6 samples, mean = 1.0 (flags = 0x41)
0  O                                                                         (0 = 0.0%)
1  ------O                                                                   (6 = 100.0%) {0.0%}
2  ... 

Histogram: Net.QuicSession.PacketGapReceivedNearPing recorded 8 samples, mean = 1.5 (flags = 0x41)
0  O                                                                         (0 = 0.0%)
1  ----O                                                                     (4 = 50.0%) {0.0%}
2  ----O                                                                     (4 = 50.0%) {50.0%}
3  ... 

Histogram: Net.QuicSession.PacketLossRate_CONNECTION_ETHERNET recorded 1 samples, mean = 37.0 (flags = 0x41)
0   ... 
37  -O                                                                        (1 = 100.0%) {0.0%}
40  ... 

Histogram: Net.QuicSession.PacketWriteTime.Synchronous recorded 258 samples, mean = 0.0 (flags = 0x41)
0  ------------------------------------------------------------------------O (258 = 100.0%)
1  ... 

Histogram: Net.QuicSession.PacketsBeforeEcnTransition recorded 19 samples, mean = 0.0 (flags = 0x41)
0  -------------------O                                                      (19 = 100.0%)
1  ... 

Histogram: Net.QuicSession.PreferAesGcm recorded 1 samples, mean = 1.0 (flags = 0x41)
0  O                                                                         (0 = 0.0%)
1  -O                                                                        (1 = 100.0%) {0.0%}
2  O                                                                         (0 = 0.0%) {100.0%}

Histogram: Net.QuicSession.Qpack.HeaderListCountWhenBlockedStreamLimited recorded 6 samples, mean = 2.7 (flags = 0x41)
0  O                                                                         (0 = 0.0%)
1  --O                                                                       (2 = 33.3%) {0.0%}
2  -O                                                                        (1 = 16.7%) {33.3%}
3  -O                                                                        (1 = 16.7%) {50.0%}
4  -O                                                                        (1 = 16.7%) {66.7%}
5  -O                                                                        (1 = 16.7%) {83.3%}
6  ... 

Histogram: Net.QuicSession.Qpack.HeaderListCountWhenInsertionNotBlocked recorded 21 samples, mean = 1.5 (flags = 0x41)
0  O                                                                         (0 = 0.0%)
1  ----------------O                                                         (16 = 76.2%) {0.0%}
2  --O                                                                       (2 = 9.5%) {76.2%}
3  -O                                                                        (1 = 4.8%) {85.7%}
4  -O                                                                        (1 = 4.8%) {90.5%}
5  -O                                                                        (1 = 4.8%) {95.2%}
6  ... 

Histogram: Net.QuicSession.Qpack.HeaderListCountWhenNotBlockedStreamLimited recorded 15 samples, mean = 1.1 (flags = 0x41)
0  O                                                                         (0 = 0.0%)
1  --------------O                                                           (14 = 93.3%) {0.0%}
2  -O                                                                        (1 = 6.7%) {93.3%}
3  ... 

Histogram: Net.QuicSession.QuicVersion recorded 19 samples (flags = 0x41)
80  -------------------O                                                      (19 = 100.0%)

Histogram: Net.QuicSession.ReceivedSettings.BlockedStreams recorded 17 samples, mean = 100.0 (flags = 0x41)
0   ... 
95  -----------------O                                                        (17 = 100.0%) {0.0%}
107 ... 

Histogram: Net.QuicSession.ReceivedSettings.CountPlusOne recorded 19 samples, mean = 6.6 (flags = 0x41)
0  ... 
3  --O                                                                       (2 = 10.5%) {0.0%}
4  ... 
7  -----------------O                                                        (17 = 89.5%) {10.5%}
8  ... 

Histogram: Net.QuicSession.ReceivedSettings.MaxHeaderListSize2 recorded 19 samples, mean = 72434.5 (flags = 0x41)
0       ... 
63662   -----------------O                                                        (17 = 89.5%) {0.0%}
83848   O                                                                         (0 = 0.0%) {89.5%}
110434  --O                                                                       (2 = 10.5%) {89.5%}
145450  ... 

Histogram: Net.QuicSession.ReceivedSettings.MaxTableCapacity2 recorded 17 samples, mean = 65536.0 (flags = 0x41)
0      ... 
63662  -----------------O                                                        (17 = 100.0%) {0.0%}
83848  ... 

Histogram: Net.QuicSession.ReceivedSettings.ReservedCountPlusOne recorded 19 samples, mean = 2.0 (flags = 0x41)
0  ... 
2  -------------------O                                                      (19 = 100.0%) {0.0%}
3  ... 

Histogram: Net.QuicSession.RstStreamErrorCodeServer recorded 2 samples (flags = 0x41)
20  --O                                                                       (2 = 100.0%)

Histogram: Net.QuicSession.SendPacketSize.0RTT recorded 14 samples, mean = 79.4 (flags = 0x41)
0   ... 
68  -O                                                                        (1 = 7.1%) {0.0%}
77  -------------O                                                            (13 = 92.9%) {7.1%}
87  ... 

Histogram: Net.QuicSession.SendPacketSize.ForwardSecure recorded 149 samples, mean = 315.1 (flags = 0x41)
0     ... 
28    -----------------O                                                        (17 = 11.4%) {0.0%}
32    ---------------------------O                                              (27 = 18.1%) {11.4%}
36    ---------------O                                                          (15 = 10.1%) {29.5%}
41    -------------------------O                                                (25 = 16.8%) {39.6%}
47    --O                                                                       (2 = 1.3%) {56.4%}
53    O                                                                         (0 = 0.0%) {57.7%}
60    -O                                                                        (1 = 0.7%) {57.7%}
68    -----------O                                                              (11 = 7.4%) {58.4%}
77    ---O                                                                      (3 = 2.0%) {65.8%}
87    ... 
113   -O                                                                        (1 = 0.7%) {67.8%}
128   ... 
276   ------------O                                                             (12 = 8.1%) {68.5%}
314   ... 
406   --O                                                                       (2 = 1.3%) {76.5%}
461   -O                                                                        (1 = 0.7%) {77.9%}
524   -O                                                                        (1 = 0.7%) {78.5%}
595   -O                                                                        (1 = 0.7%) {79.2%}
676   O                                                                         (0 = 0.0%) {79.9%}
768   -O                                                                        (1 = 0.7%) {79.9%}
872   O                                                                         (0 = 0.0%) {80.5%}
991   --O                                                                       (2 = 1.3%) {80.5%}
1126  ---------------------------O                                              (27 = 18.1%) {81.9%}
1279  ... 

Histogram: Net.QuicSession.SendPacketSize.Handshake recorded 44 samples, mean = 58.8 (flags = 0x41)
0   ... 
36  ----------------------O                                                   (22 = 50.0%) {0.0%}
41  O                                                                         (0 = 0.0%) {50.0%}
47  ---O                                                                      (3 = 6.8%) {50.0%}
53  ... 
77  --------------O                                                           (14 = 31.8%) {56.8%}
87  -----O                                                                    (5 = 11.4%) {88.6%}
99  ... 

Histogram: Net.QuicSession.SendPacketSize.Initial recorded 60 samples, mean = 772.0 (flags = 0x41)
0     ... 
41    ---O                                                                      (3 = 5.0%) {0.0%}
47    ---O                                                                      (3 = 5.0%) {5.0%}
53    ... 
99    --------O                                                                 (8 = 13.3%) {10.0%}
113   --O                                                                       (2 = 3.3%) {23.3%}
128   -O                                                                        (1 = 1.7%) {26.7%}
145   -----O                                                                    (5 = 8.3%) {28.3%}
165   ... 
524   --O                                                                       (2 = 3.3%) {36.7%}
595   ---O                                                                      (3 = 5.0%) {40.0%}
676   ... 
1126  ---------------------------------O                                        (33 = 55.0%) {45.0%}
1279  ... 

Histogram: Net.QuicSession.ServerSideMtu recorded 19 samples (flags = 0x41)
1200  --O                                                                       (2 = 10.5%)
1250  -----------------O                                                        (17 = 89.5%)

Histogram: Net.QuicSession.SmoothedRTT recorded 19 samples, mean = 31.8 (flags = 0x41)
0   ... 
4   -O                                                                        (1 = 5.3%) {0.0%}
5   ... 
24  -O                                                                        (1 = 5.3%) {5.3%}
29  ---------O                                                                (9 = 47.4%) {10.5%}
34  ------O                                                                   (6 = 31.6%) {57.9%}
40  --O                                                                       (2 = 10.5%) {89.5%}
48  ... 

Histogram: Net.QuicSession.StopSendingErrorCodeClient recorded 2 samples (flags = 0x41)
20  --O                                                                       (2 = 100.0%)

Histogram: Net.QuicSession.StreamFlowControlBlocked recorded 9 samples, mean = 0.8 (flags = 0x41)
0  --O                                                                       (2 = 22.2%)
1  -------O                                                                  (7 = 77.8%) {22.2%}
2  O                                                                         (0 = 0.0%) {100.0%}

Histogram: Net.QuicSession.StreamFrameDuplicatedShortConnection recorded 16 samples, mean = 0.0 (flags = 0x41)
0  ----------------O                                                         (16 = 100.0%)
1  ... 

Histogram: Net.QuicSession.TimeFromResolveHostToConfirmConnection recorded 19 samples, mean = 216.4 (flags = 0x41)
0     --O                                                                       (2 = 10.5%)
1     ... 
3     ---O                                                                      (3 = 15.8%) {10.5%}
4     ----O                                                                     (4 = 21.1%) {26.3%}
5     ---O                                                                      (3 = 15.8%) {47.4%}
6     ---O                                                                      (3 = 15.8%) {63.2%}
7     ... 
268   -O                                                                        (1 = 5.3%) {78.9%}
318   -O                                                                        (1 = 5.3%) {84.2%}
378   ... 
1500  --O                                                                       (2 = 10.5%) {89.5%}
1782  ... 

Histogram: Net.QuicSession.TooManyOpenStreams recorded 21 samples, mean = 0.0 (flags = 0x41)
0  ---------------------O                                                    (21 = 100.0%)
1  ... 

Histogram: Net.QuicSession.TooSmallInitialSentPacket recorded 28 samples, mean = 969.5 (flags = 0x41)
0     ... 
11    -O                                                                        (1 = 3.6%) {0.0%}
12    ... 
505   -O                                                                        (1 = 3.6%) {3.6%}
571   --O                                                                       (2 = 7.1%) {7.1%}
646   --O                                                                       (2 = 7.1%) {14.3%}
731   ... 
936   -----O                                                                    (5 = 17.9%) {21.4%}
1060  -----------------O                                                        (17 = 60.7%) {39.3%}
1200  O                                                                         (0 = 0.0%) {100.0%}

Histogram: Net.QuicSession.UndecryptablePacketsReceived recorded 19 samples, mean = 0.7 (flags = 0x41)
0  ------------O                                                             (12 = 63.2%)
1  --O                                                                       (2 = 10.5%) {63.2%}
2  ---O                                                                      (3 = 15.8%) {73.7%}
3  --O                                                                       (2 = 10.5%) {89.5%}
4  ... 

Histogram: Net.QuicSession.UndecryptablePacketsReceivedWithDecrypter recorded 19 samples, mean = 0.0 (flags = 0x41)
0  -------------------O                                                      (19 = 100.0%)
1  ... 

Histogram: Net.QuicSession.ValidConnectionTime recorded 14 samples, mean = 0.4 (flags = 0x41)
0  --------O                                                                 (8 = 57.1%)
1  ------O                                                                   (6 = 42.9%) {57.1%}
2  ... 

Histogram: Net.QuicSession.VerifyProofTime recorded 29 samples, mean = 138.3 (flags = 0x41)
0     ----------------------O                                                   (22 = 75.9%)
1     ... 
29    --O                                                                       (2 = 6.9%) {75.9%}
34    -O                                                                        (1 = 3.4%) {82.8%}
40    ... 
268   --O                                                                       (2 = 6.9%) {86.2%}
318   ... 
1500  --O                                                                       (2 = 6.9%) {93.1%}
1782  ... 

Histogram: Net.QuicSession.VerifyProofTime.google recorded 5 samples, mean = 67.6 (flags = 0x41)
0    ---O                                                                      (3 = 60.0%)
1    ... 
29   -O                                                                        (1 = 20.0%) {60.0%}
34   ... 
268  -O                                                                        (1 = 20.0%) {80.0%}
318  ... 

Histogram: Net.QuicSession.ZeroRttReason recorded 19 samples, mean = 4.9 (flags = 0x41)
0  ... 
2  ----O                                                                     (4 = 21.1%) {0.0%}
3  ... 
5  -----O                                                                    (5 = 26.3%) {21.1%}
6  ----------O                                                               (10 = 52.6%) {47.4%}
7  ... 

Histogram: Net.QuicSession.ZeroRttReasonGoogle recorded 17 samples, mean = 4.9 (flags = 0x41)
0  ... 
2  ----O                                                                     (4 = 23.5%) {0.0%}
3  ... 
5  ---O                                                                      (3 = 17.6%) {23.5%}
6  ----------O                                                               (10 = 58.8%) {41.2%}
7  ... 

Histogram: Net.QuicSession.ZeroRttReasonNonGoogle recorded 2 samples, mean = 5.0 (flags = 0x41)
0  ... 
5  --O                                                                       (2 = 100.0%) {0.0%}
6  ... 

Histogram: Net.QuicSession.ZeroRttState recorded 19 samples, mean = 1.1 (flags = 0x41)
0  ----O                                                                     (4 = 21.1%)
1  ----------O                                                               (10 = 52.6%) {21.1%}
2  -----O                                                                    (5 = 26.3%) {73.7%}
3  O                                                                         (0 = 0.0%) {100.0%}

Histogram: Net.RestrictedCookieManager.GetCookiesString.Count30Seconds recorded 69 samples, mean = 0.0 (flags = 0x41)
0  --------------------------------------------------------------------O     (68 = 98.6%)
1  O                                                                         (0 = 0.0%) {98.6%}
2  -O                                                                        (1 = 1.4%) {98.6%}
3  ... 

Histogram: Net.RestrictedCookieManager.SiteForCookiesOK recorded 2 samples, mean = 1.0 (flags = 0x41)
0  O                                                                         (0 = 0.0%)
1  --O                                                                       (2 = 100.0%) {0.0%}
2  O                                                                         (0 = 0.0%) {100.0%}

Histogram: Net.RestrictedCookieManager.TopFrameOriginOK recorded 2 samples, mean = 1.0 (flags = 0x41)
0  O                                                                         (0 = 0.0%)
1  --O                                                                       (2 = 100.0%) {0.0%}
2  O                                                                         (0 = 0.0%) {100.0%}

Histogram: Net.SSLHandshakeDetails recorded 6 samples, mean = 6.0 (flags = 0x41)
0  ... 
6  ------O                                                                   (6 = 100.0%) {0.0%}
7  ... 

Histogram: Net.SSLNegotiatedAlpnProtocol recorded 6 samples, mean = 2.0 (flags = 0x41)
0  ... 
2  ------O                                                                   (6 = 100.0%) {0.0%}
3  ... 

Histogram: Net.SSLRenegotiationInfoSupported recorded 6 samples, mean = 1.0 (flags = 0x41)
0  O                                                                         (0 = 0.0%)
1  ------O                                                                   (6 = 100.0%) {0.0%}
2  O                                                                         (0 = 0.0%) {100.0%}

Histogram: Net.SSLSignatureAlgorithm recorded 6 samples (flags = 0x41)
1027  ---O                                                                      (3 = 50.0%)
2052  ---O                                                                      (3 = 50.0%)

Histogram: Net.SSLVersion recorded 6 samples, mean = 6.0 (flags = 0x41)
0  ... 
6  ------O                                                                   (6 = 100.0%) {0.0%}
7  ... 

Histogram: Net.SSL_CipherSuite recorded 6 samples (flags = 0x41)
4865  -----O                                                                    (5 = 83.3%)
4866  -O                                                                        (1 = 16.7%)

Histogram: Net.SSL_Connection_Error recorded 6 samples (flags = 0x41)
0  ------O                                                                   (6 = 100.0%)

Histogram: Net.SSL_Connection_Latency_2 recorded 6 samples, mean = 1016.2 (flags = 0x41)
0     ... 
101   -O                                                                        (1 = 16.7%) {0.0%}
111   ... 
181   -O                                                                        (1 = 16.7%) {16.7%}
200   -O                                                                        (1 = 16.7%) {33.3%}
221   ... 
1577  --O                                                                       (2 = 33.3%) {50.0%}
1740  ... 
2337  -O                                                                        (1 = 16.7%) {83.3%}
2579  ... 

Histogram: Net.SSL_KeyExchange.ECDHE recorded 6 samples (flags = 0x41)
29     -----O                                                                    (5 = 83.3%)
25497  -O                                                                        (1 = 16.7%)

Histogram: Net.SharedDictionaryStorageOnDisk.IsMetadataReadyOnFirstUse recorded 1 samples, mean = 1.0 (flags = 0x41)
0  O                                                                         (0 = 0.0%)
1  -O                                                                        (1 = 100.0%) {0.0%}
2  O                                                                         (0 = 0.0%) {100.0%}

Histogram: Net.SharedDictionaryStorageOnDisk.MetadataReadTime.Empty recorded 1 samples, mean = 0.0 (flags = 0x41)
0  -O                                                                        (1 = 100.0%)
1  ... 

Histogram: Net.SharedDictionaryStore.DeleteExpiredDictionaries.Error recorded 2 samples, mean = 0.0 (flags = 0x41)
0  --O                                                                       (2 = 100.0%)
1  ... 

Histogram: Net.SharedDictionaryStore.GetDictionaries.Error recorded 1 samples, mean = 0.0 (flags = 0x41)
0  -O                                                                        (1 = 100.0%)
1  ... 

Histogram: Net.SharedDictionaryStore.ProcessEviction.Error recorded 1 samples, mean = 0.0 (flags = 0x41)
0  -O                                                                        (1 = 100.0%)
1  ... 

Histogram: Net.SpdyHeadersCompressionPercentage recorded 4 samples, mean = 49.8 (flags = 0x41)
0   ... 
39  -O                                                                        (1 = 25.0%) {0.0%}
40  -O                                                                        (1 = 25.0%) {25.0%}
41  -O                                                                        (1 = 25.0%) {50.0%}
42  ... 
79  -O                                                                        (1 = 25.0%) {75.0%}
80  ... 

Histogram: Net.SpdyResponseCode recorded 4 samples (flags = 0x41)
200  -O                                                                        (1 = 25.0%)
204  -O                                                                        (1 = 25.0%)
302  -O                                                                        (1 = 25.0%)
304  -O                                                                        (1 = 25.0%)

Histogram: Net.SpdySession.AcceptChForOrigin recorded 4 samples, mean = 0.0 (flags = 0x41)
0  ----O                                                                     (4 = 100.0%)
1  ... 

Histogram: Net.SpdySession.ClosedOnError recorded 3 samples (flags = 0x41)
0  ---O                                                                      (3 = 100.0%)

Histogram: Net.SpdySession.CreateStreamWithSocketConnected recorded 4 samples, mean = 1.0 (flags = 0x41)
0  O                                                                         (0 = 0.0%)
1  ----O                                                                     (4 = 100.0%) {0.0%}
2  O                                                                         (0 = 0.0%) {100.0%}

Histogram: Net.SpdySession.GoAwayReceived recorded 3 samples (flags = 0x41)
0  ---O                                                                      (3 = 100.0%)

Histogram: Net.SpdySession.OnSettings.ActiveStreamCount2 recorded 3 samples, mean = 1.0 (flags = 0x41)
0  O                                                                         (0 = 0.0%)
1  ---O                                                                      (3 = 100.0%) {0.0%}
2  ... 

Histogram: Net.SpdySession.OnSettings.CreatedAndActiveStreamCount2 recorded 3 samples, mean = 1.0 (flags = 0x41)
0  O                                                                         (0 = 0.0%)
1  ---O                                                                      (3 = 100.0%) {0.0%}
2  ... 

Histogram: Net.SpdySession.OnSettings.CreatedStreamCount2 recorded 3 samples, mean = 0.0 (flags = 0x41)
0  ---O                                                                      (3 = 100.0%)
1  ... 

Histogram: Net.SpdySession.OnSettings.PendingStreamCount2 recorded 3 samples, mean = 0.0 (flags = 0x41)
0  ---O                                                                      (3 = 100.0%)
1  ... 

Histogram: Net.SpdySession.ServerSupportsWebSocket recorded 3 samples, mean = 0.0 (flags = 0x41)
0  ---O                                                                      (3 = 100.0%)
1  ... 

Histogram: Net.SpdySessionGet recorded 4 samples, mean = 2.5 (flags = 0x41)
0  O                                                                         (0 = 0.0%)
1  -O                                                                        (1 = 25.0%) {0.0%}
2  O                                                                         (0 = 0.0%) {25.0%}
3  ---O                                                                      (3 = 75.0%) {25.0%}
4  O                                                                         (0 = 0.0%) {100.0%}

Histogram: Net.SpdyStreamsAbandonedPerSession recorded 3 samples, mean = 0.0 (flags = 0x41)
0  ---O                                                                      (3 = 100.0%)
1  ... 

Histogram: Net.SpdyStreamsPerSession recorded 3 samples, mean = 1.3 (flags = 0x41)
0  O                                                                         (0 = 0.0%)
1  --O                                                                       (2 = 66.7%) {0.0%}
2  -O                                                                        (1 = 33.3%) {66.7%}
3  ... 

Histogram: Net.TCP_Connection_Latency recorded 6 samples, mean = 75.8 (flags = 0x41)
0    ... 
3    -O                                                                        (1 = 16.7%) {0.0%}
4    O                                                                         (0 = 0.0%) {16.7%}
5    -O                                                                        (1 = 16.7%) {16.7%}
6    ... 
29   -O                                                                        (1 = 16.7%) {33.3%}
33   -O                                                                        (1 = 16.7%) {50.0%}
37   ... 
186  --O                                                                       (2 = 33.3%) {66.7%}
211  ... 

Histogram: Net.TcpConnectAttempt.Latency.Success recorded 6 samples, mean = 75.7 (flags = 0x41)
0    --O                                                                       (2 = 33.3%)
10   ... 
27   -O                                                                        (1 = 16.7%) {33.3%}
33   -O                                                                        (1 = 16.7%) {50.0%}
41   ... 
171  --O                                                                       (2 = 33.3%) {66.7%}
210  ... 

Histogram: Net.UDPSocketWinClose recorded 94 samples, mean = 0.0 (flags = 0x41)
0  ------------------------------------------------------------------------O (94 = 100.0%)
1  ... 

Histogram: Net.URLLoaderThrottle.OnReceiveResponseTime recorded 47 samples, mean = 0.1 (flags = 0x41)
0  ----------------------------------------------O                           (46 = 97.9%)
1  ... 
7  -O                                                                        (1 = 2.1%) {97.9%}
8  ... 

Histogram: Net.URLLoaderThrottleExecutionTime.BeforeWillProcessResponse recorded 238 samples, mean = 0.0 (flags = 0x41)
0  ------------------------------------------------------------------------O (238 = 100.0%)
1  ... 

Histogram: Net.URLLoaderThrottleExecutionTime.WillProcessResponse recorded 238 samples, mean = 0.0 (flags = 0x41)
0  ------------------------------------------------------------------------O (238 = 100.0%)
1  ... 

Histogram: Net.URLLoaderThrottleExecutionTime.WillRedirectRequest recorded 21 samples, mean = 0.0 (flags = 0x41)
0  ---------------------O                                                    (21 = 100.0%)
1  ... 

Histogram: Net.URLLoaderThrottleExecutionTime.WillStartRequest recorded 238 samples, mean = 0.0 (flags = 0x41)
0  ------------------------------------------------------------------------O (238 = 100.0%)
1  ... 

Histogram: Net.URLRequest.ReferrerHasInformativePath.CrossOrigin recorded 57 samples, mean = 0.0 (flags = 0x41)
0  ---------------------------------------------------------O                (57 = 100.0%)
1  ... 

Histogram: Net.URLRequest.ReferrerHasInformativePath.SameOrigin recorded 8 samples, mean = 1.0 (flags = 0x41)
0  O                                                                         (0 = 0.0%)
1  --------O                                                                 (8 = 100.0%) {0.0%}
2  O                                                                         (0 = 0.0%) {100.0%}

Histogram: Net.URLRequest.ReferrerPolicyForRequest.CrossOrigin recorded 57 samples, mean = 1.5 (flags = 0x41)
0  O                                                                         (0 = 0.0%)
1  ------------------------------------------O                               (42 = 73.7%) {0.0%}
2  O                                                                         (0 = 0.0%) {73.7%}
3  ---------------O                                                          (15 = 26.3%) {73.7%}
4  ... 

Histogram: Net.URLRequest.ReferrerPolicyForRequest.SameOrigin recorded 8 samples, mean = 1.0 (flags = 0x41)
0  O                                                                         (0 = 0.0%)
1  --------O                                                                 (8 = 100.0%) {0.0%}
2  ... 

Histogram: Network.Mdns.Googlecast recorded 3 samples, mean = 0.0 (flags = 0x41)
0  ---O                                                                      (3 = 100.0%)
1  ... 

Histogram: NetworkService.DeletedOldCacheData recorded 1 samples, mean = 0.0 (flags = 0x41)
0  -O                                                                        (1 = 100.0%)
1  ... 

Histogram: NetworkService.GrantSandboxResult recorded 3 samples, mean = 9.0 (flags = 0x41)
0   ... 
7   -O                                                                        (1 = 33.3%) {0.0%}
8   ... 
10  --O                                                                       (2 = 66.7%) {33.3%}
11  ... 

Histogram: NetworkService.NetworkLoaderCompletionTime2.DiskCache recorded 40 samples, mean = 22.0 (flags = 0x41)
0    O                                                                         (0 = 0.0%)
1    -O                                                                        (1 = 2.5%) {0.0%}
2    ----O                                                                     (4 = 10.0%) {2.5%}
3    -----O                                                                    (5 = 12.5%) {12.5%}
4    O                                                                         (0 = 0.0%) {25.0%}
5    -O                                                                        (1 = 2.5%) {25.0%}
6    ... 
8    -O                                                                        (1 = 2.5%) {27.5%}
10   ------O                                                                   (6 = 15.0%) {30.0%}
12   ---O                                                                      (3 = 7.5%) {45.0%}
14   ---O                                                                      (3 = 7.5%) {52.5%}
17   ----O                                                                     (4 = 10.0%) {60.0%}
20   ------O                                                                   (6 = 15.0%) {70.0%}
24   -O                                                                        (1 = 2.5%) {85.0%}
29   ---O                                                                      (3 = 7.5%) {87.5%}
34   ... 
135  -O                                                                        (1 = 2.5%) {95.0%}
160  ... 
226  -O                                                                        (1 = 2.5%) {97.5%}
268  ... 

Histogram: NetworkService.NetworkLoaderCompletionTime2.Network recorded 22 samples, mean = 544.8 (flags = 0x41)
0     ... 
17    -O                                                                        (1 = 4.5%) {0.0%}
20    ... 
160   -O                                                                        (1 = 4.5%) {4.5%}
190   O                                                                         (0 = 0.0%) {9.1%}
226   ---O                                                                      (3 = 13.6%) {9.1%}
268   -O                                                                        (1 = 4.5%) {22.7%}
318   ----O                                                                     (4 = 18.2%) {27.3%}
378   ----O                                                                     (4 = 18.2%) {45.5%}
449   -----O                                                                    (5 = 22.7%) {63.6%}
533   -O                                                                        (1 = 4.5%) {86.4%}
633   ... 
2117  --O                                                                       (2 = 9.1%) {90.9%}
2516  ... 

Histogram: NetworkService.TimeToGrantCacheAccess recorded 1 samples, mean = 4.0 (flags = 0x41)
0  ... 
4  -O                                                                        (1 = 100.0%) {0.0%}
5  ... 

Histogram: NetworkService.TimeToGrantDataAccess recorded 2 samples, mean = 1.0 (flags = 0x41)
0  O                                                                         (0 = 0.0%)
1  --O                                                                       (2 = 100.0%) {0.0%}
2  ... 

Histogram: NetworkService.TimeToGrantSharedDictionaryAccess recorded 1 samples, mean = 2.0 (flags = 0x41)
0  ... 
2  -O                                                                        (1 = 100.0%) {0.0%}
3  ... 

Histogram: NetworkedProfile.Check recorded 1 samples, mean = 4.0 (flags = 0x41)
0  ... 
4  -O                                                                        (1 = 100.0%) {0.0%}
5  ... 

Histogram: NewTabPage.MostVisited.DeciScore.0.Local recorded 1 samples, mean = 62.0 (flags = 0x41)
0   ... 
49  -O                                                                        (1 = 100.0%) {0.0%}
65  ... 

Histogram: NewTabPage.MostVisited.DeciScore.1.Local recorded 1 samples, mean = 62.0 (flags = 0x41)
0   ... 
49  -O                                                                        (1 = 100.0%) {0.0%}
65  ... 

Histogram: Notifications.UsingSystemNotificationCenter recorded 1 samples, mean = 0.0 (flags = 0x41)
0  -O                                                                        (1 = 100.0%)
1  ... 

Histogram: Notifications.Windows.GetDisplayedStatus recorded 1 samples, mean = 0.0 (flags = 0x41)
0  -O                                                                        (1 = 100.0%)
1  ... 

Histogram: Notifications.Windows.GetSettingStatusStartup recorded 1 samples, mean = 1.0 (flags = 0x41)
0  O                                                                         (0 = 0.0%)
1  -O                                                                        (1 = 100.0%) {0.0%}
2  O                                                                         (0 = 0.0%) {100.0%}

Histogram: Notifications.Windows.HistoryStatus recorded 1 samples, mean = 0.0 (flags = 0x41)
0  -O                                                                        (1 = 100.0%)
1  ... 

Histogram: Notifications.Windows.SetReadyCallbackStatus2 recorded 1 samples, mean = 3.0 (flags = 0x41)
0  ... 
3  -O                                                                        (1 = 100.0%) {0.0%}
4  ... 

Histogram: Notifications.Windows.StartMenuShortcutStatus recorded 1 samples, mean = 2.0 (flags = 0x41)
0  ... 
2  -O                                                                        (1 = 100.0%) {0.0%}
3  ... 

Histogram: OSCrypt.AppBoundEncryption.SupportLevel recorded 1 samples, mean = 4.0 (flags = 0x41)
0  ... 
4  -O                                                                        (1 = 100.0%) {0.0%}
5  ... 

Histogram: OSCrypt.AppBoundProvider.KeyRetrieval.Status recorded 1 samples, mean = 1.0 (flags = 0x41)
0  O                                                                         (0 = 0.0%)
1  -O                                                                        (1 = 100.0%) {0.0%}
2  ... 

Histogram: OSCrypt.AsyncInitialization.Result recorded 1 samples, mean = 1.0 (flags = 0x41)
0  O                                                                         (0 = 0.0%)
1  -O                                                                        (1 = 100.0%) {0.0%}
2  O                                                                         (0 = 0.0%) {100.0%}

Histogram: OSCrypt.AsyncInitialization.Time recorded 1 samples, mean = 0.0 (flags = 0x41)
0  -O                                                                        (1 = 100.0%)
1  ... 

Histogram: OSCrypt.DPAPIProvider.Status recorded 1 samples, mean = 0.0 (flags = 0x41)
0  -O                                                                        (1 = 100.0%)
1  ... 

Histogram: OSCrypt.Win.Decrypt.Result recorded 1 samples, mean = 0.0 (flags = 0x41)
0  -O                                                                        (1 = 100.0%)
1  ... 

Histogram: OSCrypt.Win.Decrypt.Time recorded 1 samples, mean = 1.0 (flags = 0x41)
0  O                                                                         (0 = 0.0%)
1  -O                                                                        (1 = 100.0%) {0.0%}
2  ... 

Histogram: OSCrypt.Win.Encrypt.Result recorded 1 samples, mean = 1.0 (flags = 0x41)
0  O                                                                         (0 = 0.0%)
1  -O                                                                        (1 = 100.0%) {0.0%}
2  O                                                                         (0 = 0.0%) {100.0%}

Histogram: OSCrypt.Win.Encrypt.Time recorded 1 samples, mean = 0.0 (flags = 0x41)
0  -O                                                                        (1 = 100.0%)
1  ... 

Histogram: OSCrypt.Win.KeyDecryptionError recorded 1 samples (flags = 0x41)
-2146893813-O                                                                        (1 = 100.0%)

Histogram: Omnibox.TemplateUrl.RlzPresent recorded 46 samples, mean = 0.0 (flags = 0x41)
0  ----------------------------------------------O                           (46 = 100.0%)
1  ... 

Histogram: Omnibox.TemplateUrl.SearchClientPresent recorded 46 samples, mean = 0.0 (flags = 0x41)
0  ----------------------------------------------O                           (46 = 100.0%)
1  ... 

Histogram: OptimizationGuide.ApplyDecision.AboutThisSite recorded 1 samples, mean = 8.0 (flags = 0x41)
0  ... 
8  -O                                                                        (1 = 100.0%) {0.0%}
9  ... 

Histogram: OptimizationGuide.ApplyDecision.HistoryClusters recorded 4 samples, mean = 8.0 (flags = 0x41)
0  ... 
8  ----O                                                                     (4 = 100.0%) {0.0%}
9  ... 

Histogram: OptimizationGuide.ApplyDecision.V8CompileHints recorded 1 samples, mean = 8.0 (flags = 0x41)
0  ... 
8  -O                                                                        (1 = 100.0%) {0.0%}
9  ... 

Histogram: OptimizationGuide.HintCacheLevelDBStore.LoadMetadataResult recorded 1 samples, mean = 6.0 (flags = 0x41)
0  ... 
6  -O                                                                        (1 = 100.0%) {0.0%}
7  O                                                                         (0 = 0.0%) {100.0%}

Histogram: OptimizationGuide.HintCacheLevelDBStore.Status recorded 3 samples, mean = 1.0 (flags = 0x41)
0  -O                                                                        (1 = 33.3%)
1  -O                                                                        (1 = 33.3%) {33.3%}
2  -O                                                                        (1 = 33.3%) {66.7%}
3  ... 

Histogram: OptimizationGuide.HintsManager.HintCacheInitialized recorded 1 samples, mean = 1.0 (flags = 0x40)
0  O                                                                         (0 = 0.0%)
1  -O                                                                        (1 = 100.0%) {0.0%}
2  O                                                                         (0 = 0.0%) {100.0%}

Histogram: OptimizationGuide.LoadedHint.Result recorded 4 samples, mean = 0.0 (flags = 0x40)
0  ----O                                                                     (4 = 100.0%)
1  ... 

Histogram: OptimizationGuide.ModelExecution.FeatureCurrentlyEnabledResult.Compose recorded 1 samples, mean = 1.0 (flags = 0x41)
0  O                                                                         (0 = 0.0%)
1  -O                                                                        (1 = 100.0%) {0.0%}
2  ... 

Histogram: OptimizationGuide.ModelExecution.FeatureCurrentlyEnabledResult.HistorySearch recorded 2 samples, mean = 3.0 (flags = 0x41)
0  ... 
3  --O                                                                       (2 = 100.0%) {0.0%}
4  ... 

Histogram: OptimizationGuide.ModelExecution.FeatureCurrentlyEnabledResult.TabOrganization recorded 1 samples, mean = 3.0 (flags = 0x41)
0  ... 
3  -O                                                                        (1 = 100.0%) {0.0%}
4  ... 

Histogram: OptimizationGuide.ModelExecution.FeatureCurrentlyEnabledResult.WallpaperSearch recorded 1 samples, mean = 1.0 (flags = 0x41)
0  O                                                                         (0 = 0.0%)
1  -O                                                                        (1 = 100.0%) {0.0%}
2  ... 

Histogram: OptimizationGuide.ModelExecution.FeatureEnabledAtStartup.Compose recorded 1 samples, mean = 0.0 (flags = 0x41)
0  -O                                                                        (1 = 100.0%)
1  ... 

Histogram: OptimizationGuide.ModelExecution.FeatureEnabledAtStartup.HistorySearch recorded 1 samples, mean = 0.0 (flags = 0x41)
0  -O                                                                        (1 = 100.0%)
1  ... 

Histogram: OptimizationGuide.ModelExecution.FeatureEnabledAtStartup.TabOrganization recorded 1 samples, mean = 0.0 (flags = 0x41)
0  -O                                                                        (1 = 100.0%)
1  ... 

Histogram: OptimizationGuide.ModelExecution.FeatureEnabledAtStartup.WallpaperSearch recorded 1 samples, mean = 0.0 (flags = 0x41)
0  -O                                                                        (1 = 100.0%)
1  ... 

Histogram: OptimizationGuide.ModelExecution.OnDeviceModelInstallCriteria.AtRegistration.All recorded 1 samples, mean = 0.0 (flags = 0x41)
0  -O                                                                        (1 = 100.0%)
1  ... 

Histogram: OptimizationGuide.ModelExecution.OnDeviceModelInstallCriteria.AtRegistration.DeviceCapability recorded 1 samples, mean = 0.0 (flags = 0x41)
0  -O                                                                        (1 = 100.0%)
1  ... 

Histogram: OptimizationGuide.ModelExecution.OnDeviceModelInstallCriteria.AtRegistration.DiskSpace recorded 1 samples, mean = 1.0 (flags = 0x41)
0  O                                                                         (0 = 0.0%)
1  -O                                                                        (1 = 100.0%) {0.0%}
2  O                                                                         (0 = 0.0%) {100.0%}

Histogram: OptimizationGuide.ModelExecution.OnDeviceModelInstallCriteria.AtRegistration.EnabledByEnterprisePolicy recorded 1 samples, mean = 1.0 (flags = 0x41)
0  O                                                                         (0 = 0.0%)
1  -O                                                                        (1 = 100.0%) {0.0%}
2  O                                                                         (0 = 0.0%) {100.0%}

Histogram: OptimizationGuide.ModelExecution.OnDeviceModelInstallCriteria.AtRegistration.EnabledByFeature recorded 1 samples, mean = 0.0 (flags = 0x41)
0  -O                                                                        (1 = 100.0%)
1  ... 

Histogram: OptimizationGuide.ModelExecution.OnDeviceModelInstallCriteria.AtRegistration.FeatureUse recorded 1 samples, mean = 0.0 (flags = 0x41)
0  -O                                                                        (1 = 100.0%)
1  ... 

Histogram: OptimizationGuide.ModelExecutor.ExecutionStatus.PageVisibility recorded 4 samples, mean = 3.0 (flags = 0x41)
0  ... 
3  ----O                                                                     (4 = 100.0%) {0.0%}
4  ... 

Histogram: OptimizationGuide.ModelExecutor.ModelAvailableToLoad.PageVisibility recorded 4 samples, mean = 0.0 (flags = 0x41)
0  ----O                                                                     (4 = 100.0%)
1  ... 

Histogram: OptimizationGuide.ModelExecutor.TaskExecutionLatency.PageVisibility recorded 4 samples, mean = 10.0 (flags = 0x41)
0   ... 
10  ----O                                                                     (4 = 100.0%) {0.0%}
13  ... 

Histogram: OptimizationGuide.ModelExecutor.TaskSchedulingLatency.PageVisibility recorded 4 samples, mean = 0.0 (flags = 0x41)
0  ----O                                                                     (4 = 100.0%)
1  ... 

Histogram: OptimizationGuide.ModelHandler.HandlerCreated.GeolocationPermissions recorded 1 samples, mean = 1.0 (flags = 0x41)
0  O                                                                         (0 = 0.0%)
1  -O                                                                        (1 = 100.0%) {0.0%}
2  O                                                                         (0 = 0.0%) {100.0%}

Histogram: OptimizationGuide.ModelHandler.HandlerCreated.NewTabPageHistoryClustersModuleRanking recorded 1 samples, mean = 1.0 (flags = 0x41)
0  O                                                                         (0 = 0.0%)
1  -O                                                                        (1 = 100.0%) {0.0%}
2  O                                                                         (0 = 0.0%) {100.0%}

Histogram: OptimizationGuide.ModelHandler.HandlerCreated.NotificationPermissions recorded 1 samples, mean = 1.0 (flags = 0x41)
0  O                                                                         (0 = 0.0%)
1  -O                                                                        (1 = 100.0%) {0.0%}
2  O                                                                         (0 = 0.0%) {100.0%}

Histogram: OptimizationGuide.ModelHandler.HandlerCreated.OmniboxUrlScoring recorded 1 samples, mean = 1.0 (flags = 0x41)
0  O                                                                         (0 = 0.0%)
1  -O                                                                        (1 = 100.0%) {0.0%}
2  O                                                                         (0 = 0.0%) {100.0%}

Histogram: OptimizationGuide.ModelHandler.HandlerCreated.PageTopicsV2 recorded 1 samples, mean = 1.0 (flags = 0x41)
0  O                                                                         (0 = 0.0%)
1  -O                                                                        (1 = 100.0%) {0.0%}
2  O                                                                         (0 = 0.0%) {100.0%}

Histogram: OptimizationGuide.ModelHandler.HandlerCreated.PageVisibility recorded 1 samples, mean = 1.0 (flags = 0x41)
0  O                                                                         (0 = 0.0%)
1  -O                                                                        (1 = 100.0%) {0.0%}
2  O                                                                         (0 = 0.0%) {100.0%}

Histogram: OptimizationGuide.ModelHandler.HandlerCreated.SegmentationChromeLowUserEngagement recorded 1 samples, mean = 1.0 (flags = 0x41)
0  O                                                                         (0 = 0.0%)
1  -O                                                                        (1 = 100.0%) {0.0%}
2  O                                                                         (0 = 0.0%) {100.0%}

Histogram: OptimizationGuide.ModelHandler.HandlerCreated.SegmentationComposePromotion recorded 1 samples, mean = 1.0 (flags = 0x41)
0  O                                                                         (0 = 0.0%)
1  -O                                                                        (1 = 100.0%) {0.0%}
2  O                                                                         (0 = 0.0%) {100.0%}

Histogram: OptimizationGuide.ModelHandler.HandlerCreated.SegmentationDeviceSwitcher recorded 1 samples, mean = 1.0 (flags = 0x41)
0  O                                                                         (0 = 0.0%)
1  -O                                                                        (1 = 100.0%) {0.0%}
2  O                                                                         (0 = 0.0%) {100.0%}

Histogram: OptimizationGuide.ModelHandler.HandlerCreated.SegmentationSearchUser recorded 1 samples, mean = 1.0 (flags = 0x41)
0  O                                                                         (0 = 0.0%)
1  -O                                                                        (1 = 100.0%) {0.0%}
2  O                                                                         (0 = 0.0%) {100.0%}

Histogram: OptimizationGuide.ModelHandler.HandlerCreated.SegmentationShoppingUser recorded 1 samples, mean = 1.0 (flags = 0x41)
0  O                                                                         (0 = 0.0%)
1  -O                                                                        (1 = 100.0%) {0.0%}
2  O                                                                         (0 = 0.0%) {100.0%}

Histogram: OptimizationGuide.ModelHandler.HandlerCreated.URLVisitResumptionRanker recorded 1 samples, mean = 1.0 (flags = 0x41)
0  O                                                                         (0 = 0.0%)
1  -O                                                                        (1 = 100.0%) {0.0%}
2  O                                                                         (0 = 0.0%) {100.0%}

Histogram: OptimizationGuide.ModelHandler.HandlerCreated.WebAppInstallationPromo recorded 1 samples, mean = 1.0 (flags = 0x41)
0  O                                                                         (0 = 0.0%)
1  -O                                                                        (1 = 100.0%) {0.0%}
2  O                                                                         (0 = 0.0%) {100.0%}

Histogram: OptimizationGuide.PageContentAnnotations.AnnotateVisitResultCached recorded 4 samples, mean = 0.0 (flags = 0x41)
0  ----O                                                                     (4 = 100.0%)
1  ... 

Histogram: OptimizationGuide.PageContentAnnotations.BatchRequestedSize.ContentVisibility recorded 1 samples, mean = 4.0 (flags = 0x41)
0  ... 
4  -O                                                                        (1 = 100.0%) {0.0%}
5  ... 

Histogram: OptimizationGuide.PageContentAnnotations.BatchSuccess.ContentVisibility recorded 1 samples, mean = 0.0 (flags = 0x41)
0  -O                                                                        (1 = 100.0%)
1  ... 

Histogram: OptimizationGuide.PageContentAnnotations.JobExecutionTime.ContentVisibility recorded 1 samples, mean = 10.0 (flags = 0x41)
0   ... 
10  -O                                                                        (1 = 100.0%) {0.0%}
13  ... 

Histogram: OptimizationGuide.PageContentAnnotations.JobScheduleTime.ContentVisibility recorded 1 samples, mean = 0.0 (flags = 0x41)
0  -O                                                                        (1 = 100.0%)
1  ... 

Histogram: OptimizationGuide.PageContentAnnotationsService.ContentAnnotated recorded 4 samples, mean = 0.0 (flags = 0x41)
0  ----O                                                                     (4 = 100.0%)
1  ... 

Histogram: OptimizationGuide.PredictionManager.DownloadServiceAvailabilityBlockedFetch recorded 14 samples, mean = 0.0 (flags = 0x41)
0  --------------O                                                           (14 = 100.0%)
1  ... 

Histogram: OptimizationGuide.PredictionManager.FirstModelFetchSinceServiceInit recorded 1 samples, mean = 10181.0 (flags = 0x41)
0      ... 
10165  -O                                                                        (1 = 100.0%) {0.0%}
12916  ... 

Histogram: OptimizationGuide.PredictionManager.ModelAvailableAtRegistration.ClientSidePhishing recorded 1 samples, mean = 0.0 (flags = 0x41)
0  -O                                                                        (1 = 100.0%)
1  ... 

Histogram: OptimizationGuide.PredictionManager.ModelAvailableAtRegistration.GeolocationPermissions recorded 1 samples, mean = 0.0 (flags = 0x41)
0  -O                                                                        (1 = 100.0%)
1  ... 

Histogram: OptimizationGuide.PredictionManager.ModelAvailableAtRegistration.LanguageDetection recorded 2 samples, mean = 0.0 (flags = 0x41)
0  --O                                                                       (2 = 100.0%)
1  ... 

Histogram: OptimizationGuide.PredictionManager.ModelAvailableAtRegistration.NewTabPageHistoryClustersModuleRanking recorded 1 samples, mean = 0.0 (flags = 0x41)
0  -O                                                                        (1 = 100.0%)
1  ... 

Histogram: OptimizationGuide.PredictionManager.ModelAvailableAtRegistration.NotificationPermissions recorded 1 samples, mean = 0.0 (flags = 0x41)
0  -O                                                                        (1 = 100.0%)
1  ... 

Histogram: OptimizationGuide.PredictionManager.ModelAvailableAtRegistration.OmniboxUrlScoring recorded 1 samples, mean = 0.0 (flags = 0x41)
0  -O                                                                        (1 = 100.0%)
1  ... 

Histogram: OptimizationGuide.PredictionManager.ModelAvailableAtRegistration.PageTopicsV2 recorded 1 samples, mean = 0.0 (flags = 0x41)
0  -O                                                                        (1 = 100.0%)
1  ... 

Histogram: OptimizationGuide.PredictionManager.ModelAvailableAtRegistration.PageVisibility recorded 1 samples, mean = 0.0 (flags = 0x41)
0  -O                                                                        (1 = 100.0%)
1  ... 

Histogram: OptimizationGuide.PredictionManager.ModelAvailableAtRegistration.SegmentationChromeLowUserEngagement recorded 1 samples, mean = 0.0 (flags = 0x41)
0  -O                                                                        (1 = 100.0%)
1  ... 

Histogram: OptimizationGuide.PredictionManager.ModelAvailableAtRegistration.SegmentationComposePromotion recorded 1 samples, mean = 0.0 (flags = 0x41)
0  -O                                                                        (1 = 100.0%)
1  ... 

Histogram: OptimizationGuide.PredictionManager.ModelAvailableAtRegistration.SegmentationDeviceSwitcher recorded 1 samples, mean = 0.0 (flags = 0x41)
0  -O                                                                        (1 = 100.0%)
1  ... 

Histogram: OptimizationGuide.PredictionManager.ModelAvailableAtRegistration.SegmentationSearchUser recorded 1 samples, mean = 0.0 (flags = 0x41)
0  -O                                                                        (1 = 100.0%)
1  ... 

Histogram: OptimizationGuide.PredictionManager.ModelAvailableAtRegistration.SegmentationShoppingUser recorded 1 samples, mean = 0.0 (flags = 0x41)
0  -O                                                                        (1 = 100.0%)
1  ... 

Histogram: OptimizationGuide.PredictionManager.ModelAvailableAtRegistration.TextSafety recorded 1 samples, mean = 0.0 (flags = 0x41)
0  -O                                                                        (1 = 100.0%)
1  ... 

Histogram: OptimizationGuide.PredictionManager.ModelAvailableAtRegistration.URLVisitResumptionRanker recorded 1 samples, mean = 0.0 (flags = 0x41)
0  -O                                                                        (1 = 100.0%)
1  ... 

Histogram: OptimizationGuide.PredictionManager.ModelAvailableAtRegistration.VisualSearchClassification recorded 1 samples, mean = 0.0 (flags = 0x41)
0  -O                                                                        (1 = 100.0%)
1  ... 

Histogram: OptimizationGuide.PredictionManager.ModelAvailableAtRegistration.WebAppInstallationPromo recorded 1 samples, mean = 0.0 (flags = 0x41)
0  -O                                                                        (1 = 100.0%)
1  ... 

Histogram: OptimizationGuide.PredictionManager.ModelDeliveryEvents.ClientSidePhishing recorded 28 samples, mean = 5.5 (flags = 0x41)
0  ... 
3  --------------O                                                           (14 = 50.0%) {0.0%}
4  ... 
8  --------------O                                                           (14 = 50.0%) {50.0%}
9  ... 

Histogram: OptimizationGuide.PredictionManager.ModelDeliveryEvents.GeolocationPermissions recorded 28 samples, mean = 5.5 (flags = 0x41)
0  ... 
3  --------------O                                                           (14 = 50.0%) {0.0%}
4  ... 
8  --------------O                                                           (14 = 50.0%) {50.0%}
9  ... 

Histogram: OptimizationGuide.PredictionManager.ModelDeliveryEvents.LanguageDetection recorded 28 samples, mean = 5.5 (flags = 0x41)
0  ... 
3  --------------O                                                           (14 = 50.0%) {0.0%}
4  ... 
8  --------------O                                                           (14 = 50.0%) {50.0%}
9  ... 

Histogram: OptimizationGuide.PredictionManager.ModelDeliveryEvents.NewTabPageHistoryClustersModuleRanking recorded 28 samples, mean = 5.5 (flags = 0x41)
0  ... 
3  --------------O                                                           (14 = 50.0%) {0.0%}
4  ... 
8  --------------O                                                           (14 = 50.0%) {50.0%}
9  ... 

Histogram: OptimizationGuide.PredictionManager.ModelDeliveryEvents.NotificationPermissions recorded 28 samples, mean = 5.5 (flags = 0x41)
0  ... 
3  --------------O                                                           (14 = 50.0%) {0.0%}
4  ... 
8  --------------O                                                           (14 = 50.0%) {50.0%}
9  ... 

Histogram: OptimizationGuide.PredictionManager.ModelDeliveryEvents.OmniboxUrlScoring recorded 28 samples, mean = 5.5 (flags = 0x41)
0  ... 
3  --------------O                                                           (14 = 50.0%) {0.0%}
4  ... 
8  --------------O                                                           (14 = 50.0%) {50.0%}
9  ... 

Histogram: OptimizationGuide.PredictionManager.ModelDeliveryEvents.PageTopicsV2 recorded 28 samples, mean = 5.5 (flags = 0x41)
0  ... 
3  --------------O                                                           (14 = 50.0%) {0.0%}
4  ... 
8  --------------O                                                           (14 = 50.0%) {50.0%}
9  ... 

Histogram: OptimizationGuide.PredictionManager.ModelDeliveryEvents.PageVisibility recorded 28 samples, mean = 5.5 (flags = 0x41)
0  ... 
3  --------------O                                                           (14 = 50.0%) {0.0%}
4  ... 
8  --------------O                                                           (14 = 50.0%) {50.0%}
9  ... 

Histogram: OptimizationGuide.PredictionManager.ModelDeliveryEvents.SegmentationChromeLowUserEngagement recorded 26 samples, mean = 5.5 (flags = 0x41)
0  ... 
3  -------------O                                                            (13 = 50.0%) {0.0%}
4  ... 
8  -------------O                                                            (13 = 50.0%) {50.0%}
9  ... 

Histogram: OptimizationGuide.PredictionManager.ModelDeliveryEvents.SegmentationComposePromotion recorded 26 samples, mean = 5.5 (flags = 0x41)
0  ... 
3  -------------O                                                            (13 = 50.0%) {0.0%}
4  ... 
8  -------------O                                                            (13 = 50.0%) {50.0%}
9  ... 

Histogram: OptimizationGuide.PredictionManager.ModelDeliveryEvents.SegmentationDeviceSwitcher recorded 26 samples, mean = 5.5 (flags = 0x41)
0  ... 
3  -------------O                                                            (13 = 50.0%) {0.0%}
4  ... 
8  -------------O                                                            (13 = 50.0%) {50.0%}
9  ... 

Histogram: OptimizationGuide.PredictionManager.ModelDeliveryEvents.SegmentationSearchUser recorded 26 samples, mean = 5.5 (flags = 0x41)
0  ... 
3  -------------O                                                            (13 = 50.0%) {0.0%}
4  ... 
8  -------------O                                                            (13 = 50.0%) {50.0%}
9  ... 

Histogram: OptimizationGuide.PredictionManager.ModelDeliveryEvents.SegmentationShoppingUser recorded 26 samples, mean = 5.5 (flags = 0x41)
0  ... 
3  -------------O                                                            (13 = 50.0%) {0.0%}
4  ... 
8  -------------O                                                            (13 = 50.0%) {50.0%}
9  ... 

Histogram: OptimizationGuide.PredictionManager.ModelDeliveryEvents.TextSafety recorded 28 samples, mean = 5.5 (flags = 0x41)
0  ... 
3  --------------O                                                           (14 = 50.0%) {0.0%}
4  ... 
8  --------------O                                                           (14 = 50.0%) {50.0%}
9  ... 

Histogram: OptimizationGuide.PredictionManager.ModelDeliveryEvents.URLVisitResumptionRanker recorded 26 samples, mean = 5.5 (flags = 0x41)
0  ... 
3  -------------O                                                            (13 = 50.0%) {0.0%}
4  ... 
8  -------------O                                                            (13 = 50.0%) {50.0%}
9  ... 

Histogram: OptimizationGuide.PredictionManager.ModelDeliveryEvents.VisualSearchClassification recorded 28 samples, mean = 5.5 (flags = 0x41)
0  ... 
3  --------------O                                                           (14 = 50.0%) {0.0%}
4  ... 
8  --------------O                                                           (14 = 50.0%) {50.0%}
9  ... 

Histogram: OptimizationGuide.PredictionManager.ModelDeliveryEvents.WebAppInstallationPromo recorded 26 samples, mean = 5.5 (flags = 0x41)
0  ... 
3  -------------O                                                            (13 = 50.0%) {0.0%}
4  ... 
8  -------------O                                                            (13 = 50.0%) {50.0%}
9  ... 

Histogram: OptimizationGuide.PredictionManager.RegistrationTimeSinceServiceInit.ClientSidePhishing recorded 1 samples, mean = 0.0 (flags = 0x41)
0  -O                                                                        (1 = 100.0%)
1  ... 

Histogram: OptimizationGuide.PredictionManager.RegistrationTimeSinceServiceInit.GeolocationPermissions recorded 1 samples, mean = 0.0 (flags = 0x41)
0  -O                                                                        (1 = 100.0%)
1  ... 

Histogram: OptimizationGuide.PredictionManager.RegistrationTimeSinceServiceInit.LanguageDetection recorded 2 samples, mean = 3.5 (flags = 0x41)
0  -O                                                                        (1 = 50.0%)
1  ... 
6  -O                                                                        (1 = 50.0%) {50.0%}
8  ... 

Histogram: OptimizationGuide.PredictionManager.RegistrationTimeSinceServiceInit.NewTabPageHistoryClustersModuleRanking recorded 1 samples, mean = 0.0 (flags = 0x41)
0  -O                                                                        (1 = 100.0%)
1  ... 

Histogram: OptimizationGuide.PredictionManager.RegistrationTimeSinceServiceInit.NotificationPermissions recorded 1 samples, mean = 0.0 (flags = 0x41)
0  -O                                                                        (1 = 100.0%)
1  ... 

Histogram: OptimizationGuide.PredictionManager.RegistrationTimeSinceServiceInit.OmniboxUrlScoring recorded 1 samples, mean = 0.0 (flags = 0x41)
0  -O                                                                        (1 = 100.0%)
1  ... 

Histogram: OptimizationGuide.PredictionManager.RegistrationTimeSinceServiceInit.PageTopicsV2 recorded 1 samples, mean = 0.0 (flags = 0x41)
0  -O                                                                        (1 = 100.0%)
1  ... 

Histogram: OptimizationGuide.PredictionManager.RegistrationTimeSinceServiceInit.PageVisibility recorded 1 samples, mean = 0.0 (flags = 0x41)
0  -O                                                                        (1 = 100.0%)
1  ... 

Histogram: OptimizationGuide.PredictionManager.RegistrationTimeSinceServiceInit.SegmentationChromeLowUserEngagement recorded 1 samples, mean = 11884.0 (flags = 0x41)
0      ... 
10165  -O                                                                        (1 = 100.0%) {0.0%}
12916  ... 

Histogram: OptimizationGuide.PredictionManager.RegistrationTimeSinceServiceInit.SegmentationComposePromotion recorded 1 samples, mean = 11884.0 (flags = 0x41)
0      ... 
10165  -O                                                                        (1 = 100.0%) {0.0%}
12916  ... 

Histogram: OptimizationGuide.PredictionManager.RegistrationTimeSinceServiceInit.SegmentationDeviceSwitcher recorded 1 samples, mean = 11884.0 (flags = 0x41)
0      ... 
10165  -O                                                                        (1 = 100.0%) {0.0%}
12916  ... 

Histogram: OptimizationGuide.PredictionManager.RegistrationTimeSinceServiceInit.SegmentationSearchUser recorded 1 samples, mean = 11884.0 (flags = 0x41)
0      ... 
10165  -O                                                                        (1 = 100.0%) {0.0%}
12916  ... 

Histogram: OptimizationGuide.PredictionManager.RegistrationTimeSinceServiceInit.SegmentationShoppingUser recorded 1 samples, mean = 11884.0 (flags = 0x41)
0      ... 
10165  -O                                                                        (1 = 100.0%) {0.0%}
12916  ... 

Histogram: OptimizationGuide.PredictionManager.RegistrationTimeSinceServiceInit.TextSafety recorded 1 samples, mean = 0.0 (flags = 0x41)
0  -O                                                                        (1 = 100.0%)
1  ... 

Histogram: OptimizationGuide.PredictionManager.RegistrationTimeSinceServiceInit.URLVisitResumptionRanker recorded 1 samples, mean = 11884.0 (flags = 0x41)
0      ... 
10165  -O                                                                        (1 = 100.0%) {0.0%}
12916  ... 

Histogram: OptimizationGuide.PredictionManager.RegistrationTimeSinceServiceInit.VisualSearchClassification recorded 1 samples, mean = 0.0 (flags = 0x41)
0  -O                                                                        (1 = 100.0%)
1  ... 

Histogram: OptimizationGuide.PredictionManager.RegistrationTimeSinceServiceInit.WebAppInstallationPromo recorded 1 samples, mean = 11884.0 (flags = 0x41)
0      ... 
10165  -O                                                                        (1 = 100.0%) {0.0%}
12916  ... 

Histogram: OptimizationGuide.PredictionManager.StoreInitialized recorded 1 samples, mean = 1.0 (flags = 0x40)
0  O                                                                         (0 = 0.0%)
1  -O                                                                        (1 = 100.0%) {0.0%}
2  O                                                                         (0 = 0.0%) {100.0%}

Histogram: OptimizationGuide.PredictionManager.SupportedModelEngineVersion recorded 14 samples, mean = 18.0 (flags = 0x40)
0   ... 
18  --------------O                                                           (14 = 100.0%) {0.0%}
19  ... 

Histogram: OptimizationGuide.PredictionModelFetcher.GetModelsResponse.NetErrorCode recorded 14 samples (flags = 0x41)
379  --------------O                                                           (14 = 100.0%)

Histogram: OptimizationGuide.PredictionModelFetcher.GetModelsResponse.NetErrorCode.ClientSidePhishing recorded 14 samples (flags = 0x41)
379  --------------O                                                           (14 = 100.0%)

Histogram: OptimizationGuide.PredictionModelFetcher.GetModelsResponse.NetErrorCode.GeolocationPermissions recorded 14 samples (flags = 0x41)
379  --------------O                                                           (14 = 100.0%)

Histogram: OptimizationGuide.PredictionModelFetcher.GetModelsResponse.NetErrorCode.LanguageDetection recorded 14 samples (flags = 0x41)
379  --------------O                                                           (14 = 100.0%)

Histogram: OptimizationGuide.PredictionModelFetcher.GetModelsResponse.NetErrorCode.NewTabPageHistoryClustersModuleRanking recorded 14 samples (flags = 0x41)
379  --------------O                                                           (14 = 100.0%)

Histogram: OptimizationGuide.PredictionModelFetcher.GetModelsResponse.NetErrorCode.NotificationPermissions recorded 14 samples (flags = 0x41)
379  --------------O                                                           (14 = 100.0%)

Histogram: OptimizationGuide.PredictionModelFetcher.GetModelsResponse.NetErrorCode.OmniboxUrlScoring recorded 14 samples (flags = 0x41)
379  --------------O                                                           (14 = 100.0%)

Histogram: OptimizationGuide.PredictionModelFetcher.GetModelsResponse.NetErrorCode.PageTopicsV2 recorded 14 samples (flags = 0x41)
379  --------------O                                                           (14 = 100.0%)

Histogram: OptimizationGuide.PredictionModelFetcher.GetModelsResponse.NetErrorCode.PageVisibility recorded 14 samples (flags = 0x41)
379  --------------O                                                           (14 = 100.0%)

Histogram: OptimizationGuide.PredictionModelFetcher.GetModelsResponse.NetErrorCode.SegmentationChromeLowUserEngagement recorded 13 samples (flags = 0x41)
379  -------------O                                                            (13 = 100.0%)

Histogram: OptimizationGuide.PredictionModelFetcher.GetModelsResponse.NetErrorCode.SegmentationComposePromotion recorded 13 samples (flags = 0x41)
379  -------------O                                                            (13 = 100.0%)

Histogram: OptimizationGuide.PredictionModelFetcher.GetModelsResponse.NetErrorCode.SegmentationDeviceSwitcher recorded 13 samples (flags = 0x41)
379  -------------O                                                            (13 = 100.0%)

Histogram: OptimizationGuide.PredictionModelFetcher.GetModelsResponse.NetErrorCode.SegmentationSearchUser recorded 13 samples (flags = 0x41)
379  -------------O                                                            (13 = 100.0%)

Histogram: OptimizationGuide.PredictionModelFetcher.GetModelsResponse.NetErrorCode.SegmentationShoppingUser recorded 13 samples (flags = 0x41)
379  -------------O                                                            (13 = 100.0%)

Histogram: OptimizationGuide.PredictionModelFetcher.GetModelsResponse.NetErrorCode.TextSafety recorded 14 samples (flags = 0x41)
379  --------------O                                                           (14 = 100.0%)

Histogram: OptimizationGuide.PredictionModelFetcher.GetModelsResponse.NetErrorCode.URLVisitResumptionRanker recorded 13 samples (flags = 0x41)
379  -------------O                                                            (13 = 100.0%)

Histogram: OptimizationGuide.PredictionModelFetcher.GetModelsResponse.NetErrorCode.VisualSearchClassification recorded 14 samples (flags = 0x41)
379  --------------O                                                           (14 = 100.0%)

Histogram: OptimizationGuide.PredictionModelFetcher.GetModelsResponse.NetErrorCode.WebAppInstallationPromo recorded 13 samples (flags = 0x41)
379  -------------O                                                            (13 = 100.0%)

Histogram: OptimizationGuide.PredictionModelFetcher.GetModelsResponse.Status recorded 14 samples, mean = 403.0 (flags = 0x41)
0    ... 
403  --------------O                                                           (14 = 100.0%) {0.0%}
404  ... 

Histogram: OptimizationGuide.PredictionModelFetcher.GetModelsResponse.Status.ClientSidePhishing recorded 14 samples, mean = 403.0 (flags = 0x41)
0    ... 
403  --------------O                                                           (14 = 100.0%) {0.0%}
404  ... 

Histogram: OptimizationGuide.PredictionModelFetcher.GetModelsResponse.Status.GeolocationPermissions recorded 14 samples, mean = 403.0 (flags = 0x41)
0    ... 
403  --------------O                                                           (14 = 100.0%) {0.0%}
404  ... 

Histogram: OptimizationGuide.PredictionModelFetcher.GetModelsResponse.Status.LanguageDetection recorded 14 samples, mean = 403.0 (flags = 0x41)
0    ... 
403  --------------O                                                           (14 = 100.0%) {0.0%}
404  ... 

Histogram: OptimizationGuide.PredictionModelFetcher.GetModelsResponse.Status.NewTabPageHistoryClustersModuleRanking recorded 14 samples, mean = 403.0 (flags = 0x41)
0    ... 
403  --------------O                                                           (14 = 100.0%) {0.0%}
404  ... 

Histogram: OptimizationGuide.PredictionModelFetcher.GetModelsResponse.Status.NotificationPermissions recorded 14 samples, mean = 403.0 (flags = 0x41)
0    ... 
403  --------------O                                                           (14 = 100.0%) {0.0%}
404  ... 

Histogram: OptimizationGuide.PredictionModelFetcher.GetModelsResponse.Status.OmniboxUrlScoring recorded 14 samples, mean = 403.0 (flags = 0x41)
0    ... 
403  --------------O                                                           (14 = 100.0%) {0.0%}
404  ... 

Histogram: OptimizationGuide.PredictionModelFetcher.GetModelsResponse.Status.PageTopicsV2 recorded 14 samples, mean = 403.0 (flags = 0x41)
0    ... 
403  --------------O                                                           (14 = 100.0%) {0.0%}
404  ... 

Histogram: OptimizationGuide.PredictionModelFetcher.GetModelsResponse.Status.PageVisibility recorded 14 samples, mean = 403.0 (flags = 0x41)
0    ... 
403  --------------O                                                           (14 = 100.0%) {0.0%}
404  ... 

Histogram: OptimizationGuide.PredictionModelFetcher.GetModelsResponse.Status.SegmentationChromeLowUserEngagement recorded 13 samples, mean = 403.0 (flags = 0x41)
0    ... 
403  -------------O                                                            (13 = 100.0%) {0.0%}
404  ... 

Histogram: OptimizationGuide.PredictionModelFetcher.GetModelsResponse.Status.SegmentationComposePromotion recorded 13 samples, mean = 403.0 (flags = 0x41)
0    ... 
403  -------------O                                                            (13 = 100.0%) {0.0%}
404  ... 

Histogram: OptimizationGuide.PredictionModelFetcher.GetModelsResponse.Status.SegmentationDeviceSwitcher recorded 13 samples, mean = 403.0 (flags = 0x41)
0    ... 
403  -------------O                                                            (13 = 100.0%) {0.0%}
404  ... 

Histogram: OptimizationGuide.PredictionModelFetcher.GetModelsResponse.Status.SegmentationSearchUser recorded 13 samples, mean = 403.0 (flags = 0x41)
0    ... 
403  -------------O                                                            (13 = 100.0%) {0.0%}
404  ... 

Histogram: OptimizationGuide.PredictionModelFetcher.GetModelsResponse.Status.SegmentationShoppingUser recorded 13 samples, mean = 403.0 (flags = 0x41)
0    ... 
403  -------------O                                                            (13 = 100.0%) {0.0%}
404  ... 

Histogram: OptimizationGuide.PredictionModelFetcher.GetModelsResponse.Status.TextSafety recorded 14 samples, mean = 403.0 (flags = 0x41)
0    ... 
403  --------------O                                                           (14 = 100.0%) {0.0%}
404  ... 

Histogram: OptimizationGuide.PredictionModelFetcher.GetModelsResponse.Status.URLVisitResumptionRanker recorded 13 samples, mean = 403.0 (flags = 0x41)
0    ... 
403  -------------O                                                            (13 = 100.0%) {0.0%}
404  ... 

Histogram: OptimizationGuide.PredictionModelFetcher.GetModelsResponse.Status.VisualSearchClassification recorded 14 samples, mean = 403.0 (flags = 0x41)
0    ... 
403  --------------O                                                           (14 = 100.0%) {0.0%}
404  ... 

Histogram: OptimizationGuide.PredictionModelFetcher.GetModelsResponse.Status.WebAppInstallationPromo recorded 13 samples, mean = 403.0 (flags = 0x41)
0    ... 
403  -------------O                                                            (13 = 100.0%) {0.0%}
404  ... 

Histogram: OptimizationGuide.ProcessingComponentAtShutdown recorded 1 samples, mean = 0.0 (flags = 0x41)
0  -O                                                                        (1 = 100.0%)
1  ... 

Histogram: OptimizationGuide.RemoteFetchingEnabled recorded 1 samples, mean = 0.0 (flags = 0x41)
0  -O                                                                        (1 = 100.0%)
1  ... 

Histogram: OriginTrials.PersistentOriginTrial.LevelDbInitSuccess recorded 1 samples, mean = 1.0 (flags = 0x41)
0  O                                                                         (0 = 0.0%)
1  -O                                                                        (1 = 100.0%) {0.0%}
2  O                                                                         (0 = 0.0%) {100.0%}

Histogram: OriginTrials.PersistentOriginTrial.LevelDbLoadSize recorded 1 samples, mean = 0.0 (flags = 0x41)
0  -O                                                                        (1 = 100.0%)
1  ... 

Histogram: OriginTrials.PersistentOriginTrial.LevelDbLoadSuccess recorded 1 samples, mean = 1.0 (flags = 0x41)
0  O                                                                         (0 = 0.0%)
1  -O                                                                        (1 = 100.0%) {0.0%}
2  O                                                                         (0 = 0.0%) {100.0%}

Histogram: OriginTrials.PersistentOriginTrial.LevelDbLoadTime recorded 1 samples, mean = 11885.0 (flags = 0x41)
0      ... 
10000  -O                                                                        (1 = 100.0%) {0.0%}

Histogram: OriginTrials.PersistentOriginTrial.OriginLookupsBeforeDbLoad recorded 1 samples, mean = 0.0 (flags = 0x41)
0  -O                                                                        (1 = 100.0%)
1  ... 

Histogram: OriginTrials.PersistentOriginTrial.OriginsAddedBeforeDbLoad recorded 1 samples, mean = 0.0 (flags = 0x41)
0  -O                                                                        (1 = 100.0%)
1  ... 

Histogram: PageActionController.ExtensionsWithPageActions recorded 1 samples, mean = 0.0 (flags = 0x41)
0  -O                                                                        (1 = 100.0%)
1  ... 

Histogram: PageContentAnnotations.AnnotateVisit.AnnotationRequestQueued recorded 4 samples, mean = 1.0 (flags = 0x40)
0  O                                                                         (0 = 0.0%)
1  ----O                                                                     (4 = 100.0%) {0.0%}
2  O                                                                         (0 = 0.0%) {100.0%}

Histogram: PageContentAnnotations.AnnotateVisit.AnnotationRequested recorded 4 samples, mean = 1.0 (flags = 0x40)
0  O                                                                         (0 = 0.0%)
1  ----O                                                                     (4 = 100.0%) {0.0%}
2  O                                                                         (0 = 0.0%) {100.0%}

Histogram: PageContentAnnotations.AnnotateVisit.BatchAnnotationStarted recorded 1 samples, mean = 1.0 (flags = 0x40)
0  O                                                                         (0 = 0.0%)
1  -O                                                                        (1 = 100.0%) {0.0%}
2  O                                                                         (0 = 0.0%) {100.0%}

Histogram: PageLoad.Clients.Ads.AllPages.NonAdNetworkBytes recorded 1 samples, mean = 33.0 (flags = 0x41)
0   ... 
29  -O                                                                        (1 = 100.0%) {0.0%}
38  ... 

Histogram: PageLoad.Clients.Ads.AllPages.PercentNetworkBytesAds recorded 1 samples, mean = 0.0 (flags = 0x41)
0  -O                                                                        (1 = 100.0%)
1  ... 

Histogram: PageLoad.Clients.Ads.AllPages.PercentTotalBytesAds recorded 1 samples, mean = 0.0 (flags = 0x41)
0  -O                                                                        (1 = 100.0%)
1  ... 

Histogram: PageLoad.Clients.Ads.AverageViewportAdDensity recorded 1 samples, mean = 0.0 (flags = 0x41)
0  -O                                                                        (1 = 100.0%)
1  ... 

Histogram: PageLoad.Clients.Ads.FrameCounts.AdFrames.Total recorded 1 samples, mean = 0.0 (flags = 0x41)
0  -O                                                                        (1 = 100.0%)
1  ... 

Histogram: PageLoad.Clients.Ads.NonVisible.FrameCounts.AdFrames.Total recorded 1 samples, mean = 0.0 (flags = 0x41)
0  -O                                                                        (1 = 100.0%)
1  ... 

Histogram: PageLoad.Clients.Ads.Visible.FrameCounts.AdFrames.Total recorded 1 samples, mean = 0.0 (flags = 0x41)
0  -O                                                                        (1 = 100.0%)
1  ... 

Histogram: PageLoad.Clients.CrossOrigin.LayoutInstability.CumulativeShiftScore recorded 1 samples, mean = 0.0 (flags = 0x41)
0  -O                                                                        (1 = 100.0%)
1  ... 

Histogram: PageLoad.Clients.CrossOrigin.LayoutInstability.CumulativeShiftScore.MainFrame recorded 1 samples, mean = 0.0 (flags = 0x41)
0  -O                                                                        (1 = 100.0%)
1  ... 

Histogram: PageLoad.Clients.Leakage2.AbandonReasonAt.LoaderStart recorded 1 samples, mean = 10.0 (flags = 0x41)
0   ... 
10  -O                                                                        (1 = 100.0%) {0.0%}
11  ... 

Histogram: PageLoad.Clients.Leakage2.LastMilestoneBeforeAbandon.NewReloadNavigation recorded 1 samples, mean = 1.0 (flags = 0x41)
0  O                                                                         (0 = 0.0%)
1  -O                                                                        (1 = 100.0%) {0.0%}
2  ... 

Histogram: PageLoad.Clients.Leakage2.LoaderStartToAbandon.NewReloadNavigation recorded 1 samples, mean = 9393.0 (flags = 0x41)
0     ... 
9382  -O                                                                        (1 = 100.0%) {0.0%}
10498 ... 

Histogram: PageLoad.Clients.Leakage2.NavigationStart recorded 2 samples, mean = 11413.5 (flags = 0x41)
0      ... 
9382   -O                                                                        (1 = 50.0%) {0.0%}
10498  ... 
13144  -O                                                                        (1 = 50.0%) {50.0%}
14707  ... 

Histogram: PageLoad.Clients.Leakage2.NavigationStartToCommitReceived recorded 1 samples, mean = 13279.0 (flags = 0x41)
0      ... 
13144  -O                                                                        (1 = 100.0%) {0.0%}
14707  ... 

Histogram: PageLoad.Clients.Leakage2.NavigationStartToCommitSent recorded 1 samples, mean = 13272.0 (flags = 0x41)
0      ... 
13144  -O                                                                        (1 = 100.0%) {0.0%}
14707  ... 

Histogram: PageLoad.Clients.Leakage2.NavigationStartToDOMContentLoaded recorded 1 samples, mean = 13685.0 (flags = 0x41)
0      ... 
13144  -O                                                                        (1 = 100.0%) {0.0%}
14707  ... 

Histogram: PageLoad.Clients.Leakage2.NavigationStartToDidCommit recorded 1 samples, mean = 13350.0 (flags = 0x41)
0      ... 
13144  -O                                                                        (1 = 100.0%) {0.0%}
14707  ... 

Histogram: PageLoad.Clients.Leakage2.NavigationStartToFirstRedirectResponseLoaderCallback recorded 1 samples, mean = 12032.0 (flags = 0x41)
0      ... 
11747  -O                                                                        (1 = 100.0%) {0.0%}
13144  ... 

Histogram: PageLoad.Clients.Leakage2.NavigationStartToFirstRedirectResponseStart recorded 1 samples, mean = 11744.0 (flags = 0x41)
0      ... 
10498  -O                                                                        (1 = 100.0%) {0.0%}
11747  ... 

Histogram: PageLoad.Clients.Leakage2.NavigationStartToFirstRedirectedRequestStart recorded 1 samples, mean = 11744.0 (flags = 0x41)
0      ... 
10498  -O                                                                        (1 = 100.0%) {0.0%}
11747  ... 

Histogram: PageLoad.Clients.Leakage2.NavigationStartToLoadStarted recorded 1 samples, mean = 14834.0 (flags = 0x41)
0      ... 
14707  -O                                                                        (1 = 100.0%) {0.0%}
16456  ... 

Histogram: PageLoad.Clients.Leakage2.NavigationStartToLoaderStart recorded 2 samples, mean = 4712.0 (flags = 0x41)
0     ... 
75    -O                                                                        (1 = 50.0%) {0.0%}
84    ... 
8385  -O                                                                        (1 = 50.0%) {50.0%}
9382  ... 

Histogram: PageLoad.Clients.Leakage2.NavigationStartToNonRedirectResponseLoaderCallback recorded 1 samples, mean = 13265.0 (flags = 0x41)
0      ... 
13144  -O                                                                        (1 = 100.0%) {0.0%}
14707  ... 

Histogram: PageLoad.Clients.Leakage2.NavigationStartToNonRedirectResponseStart recorded 1 samples, mean = 12358.0 (flags = 0x41)
0      ... 
11747  -O                                                                        (1 = 100.0%) {0.0%}
13144  ... 

Histogram: PageLoad.Clients.Leakage2.NavigationStartToNonRedirectedRequestStart recorded 1 samples, mean = 12088.0 (flags = 0x41)
0      ... 
11747  -O                                                                        (1 = 100.0%) {0.0%}
13144  ... 

Histogram: PageLoad.Clients.Leakage2.NavigationStartToParseStart recorded 1 samples, mean = 13282.0 (flags = 0x41)
0      ... 
13144  -O                                                                        (1 = 100.0%) {0.0%}
14707  ... 

Histogram: PageLoad.Clients.Leakage2.RendererProcessCreatedBeforeNav recorded 1 samples, mean = 1.0 (flags = 0x41)
0  O                                                                         (0 = 0.0%)
1  -O                                                                        (1 = 100.0%) {0.0%}
2  O                                                                         (0 = 0.0%) {100.0%}

Histogram: PageLoad.Clients.LinkPreview.Usage recorded 1 samples, mean = 0.0 (flags = 0x41)
0  -O                                                                        (1 = 100.0%)
1  ... 

Histogram: PageLoad.Clients.MultiTabLoading.WithTabCount_0.DocumentTiming.NavigationToDOMContentLoadedEventFired recorded 1 samples, mean = 13685.0 (flags = 0x41)
0      ... 
13144  -O                                                                        (1 = 100.0%) {0.0%}
14707  ... 

Histogram: PageLoad.Clients.MultiTabLoading.WithTabCount_0.DocumentTiming.NavigationToLoadEventFired recorded 1 samples, mean = 14834.0 (flags = 0x41)
0      ... 
14707  -O                                                                        (1 = 100.0%) {0.0%}
16456  ... 

Histogram: PageLoad.Clients.MultiTabLoading.With_0_OtherLoading.DocumentTiming.NavigationToDOMContentLoadedEventFired recorded 1 samples, mean = 13685.0 (flags = 0x41)
0      ... 
13144  -O                                                                        (1 = 100.0%) {0.0%}
14707  ... 

Histogram: PageLoad.Clients.MultiTabLoading.With_0_OtherLoading.DocumentTiming.NavigationToLoadEventFired recorded 1 samples, mean = 14834.0 (flags = 0x41)
0      ... 
14707  -O                                                                        (1 = 100.0%) {0.0%}
16456  ... 

Histogram: PageLoad.Clients.PerformanceManager.LoadedIdleWithoutLCP recorded 1 samples, mean = 16865.0 (flags = 0x41)
0      ... 
16411  -O                                                                        (1 = 100.0%) {0.0%}
20852  ... 

Histogram: PageLoad.Clients.PerformanceManager.LoadedIdleWithoutLCP.Foreground recorded 1 samples, mean = 16865.0 (flags = 0x41)
0      ... 
16411  -O                                                                        (1 = 100.0%) {0.0%}
20852  ... 

Histogram: PageLoad.Clients.Protocol.QUIC.DocumentTiming.NavigationToDOMContentLoadedEventFired recorded 1 samples, mean = 13685.0 (flags = 0x41)
0      ... 
13144  -O                                                                        (1 = 100.0%) {0.0%}
14707  ... 

Histogram: PageLoad.Clients.Protocol.QUIC.DocumentTiming.NavigationToLoadEventFired recorded 1 samples, mean = 14834.0 (flags = 0x41)
0      ... 
14707  -O                                                                        (1 = 100.0%) {0.0%}
16456  ... 

Histogram: PageLoad.Clients.Protocol.QUIC.ParseTiming.NavigationToParseStart recorded 1 samples, mean = 13282.0 (flags = 0x41)
0      ... 
13144  -O                                                                        (1 = 100.0%) {0.0%}
14707  ... 

Histogram: PageLoad.Clients.Scheme.HTTPS.ParseTiming.NavigationToParseStart recorded 1 samples, mean = 13282.0 (flags = 0x41)
0      ... 
13144  -O                                                                        (1 = 100.0%) {0.0%}
14707  ... 

Histogram: PageLoad.Clients.SubresourceLoading.DaysSinceLastVisitToOrigin recorded 1 samples, mean = 0.0 (flags = 0x40)
0  -O                                                                        (1 = 100.0%)
1  ... 

Histogram: PageLoad.Clients.SubresourceLoading.HasPreviousVisitToOrigin recorded 1 samples, mean = 1.0 (flags = 0x40)
0  O                                                                         (0 = 0.0%)
1  -O                                                                        (1 = 100.0%) {0.0%}
2  O                                                                         (0 = 0.0%) {100.0%}

Histogram: PageLoad.Clients.ThirdParty.Origins.CookieRead2 recorded 1 samples, mean = 0.0 (flags = 0x41)
0  -O                                                                        (1 = 100.0%)
1  ... 

Histogram: PageLoad.Cpu.TotalUsage recorded 1 samples, mean = 310.0 (flags = 0x41)
0    ... 
288  -O                                                                        (1 = 100.0%) {0.0%}
322  ... 

Histogram: PageLoad.Cpu.TotalUsageForegrounded recorded 1 samples, mean = 310.0 (flags = 0x41)
0    ... 
288  -O                                                                        (1 = 100.0%) {0.0%}
322  ... 

Histogram: PageLoad.DocumentTiming.NavigationToDOMContentLoadedEventFired recorded 1 samples, mean = 13685.0 (flags = 0x41)
0      ... 
13144  -O                                                                        (1 = 100.0%) {0.0%}
14707  ... 

Histogram: PageLoad.DocumentTiming.NavigationToLoadEventFired recorded 1 samples, mean = 14834.0 (flags = 0x41)
0      ... 
14707  -O                                                                        (1 = 100.0%) {0.0%}
16456  ... 

Histogram: PageLoad.Experimental.NavigationTiming.FinalLoaderCallbackToNavigationCommitSent recorded 1 samples, mean = 6.0 (flags = 0x41)
0  -O                                                                        (1 = 100.0%)
10 ... 

Histogram: PageLoad.Experimental.NavigationTiming.FinalRequestStartToFinalResponseStart recorded 1 samples, mean = 269.0 (flags = 0x41)
0    ... 
257  -O                                                                        (1 = 100.0%) {0.0%}
288  ... 

Histogram: PageLoad.Experimental.NavigationTiming.FinalResponseStartToFinalLoaderCallback recorded 1 samples, mean = 907.0 (flags = 0x41)
0    ... 
885  -O                                                                        (1 = 100.0%) {0.0%}
990  ... 

Histogram: PageLoad.Experimental.NavigationTiming.FirstRequestStartToFirstResponseStart recorded 1 samples, mean = 0.0 (flags = 0x41)
0  -O                                                                        (1 = 100.0%)
10 ... 

Histogram: PageLoad.Experimental.NavigationTiming.FirstResponseStartToFirstLoaderCallback recorded 1 samples, mean = 287.0 (flags = 0x41)
0    ... 
257  -O                                                                        (1 = 100.0%) {0.0%}
288  ... 

Histogram: PageLoad.Experimental.NavigationTiming.NavigationStartToFinalLoaderCallback recorded 1 samples, mean = 13265.0 (flags = 0x41)
0      ... 
13144  -O                                                                        (1 = 100.0%) {0.0%}
14707  ... 

Histogram: PageLoad.Experimental.NavigationTiming.NavigationStartToFinalRequestStart recorded 1 samples, mean = 12088.0 (flags = 0x41)
0      ... 
11747  -O                                                                        (1 = 100.0%) {0.0%}
13144  ... 

Histogram: PageLoad.Experimental.NavigationTiming.NavigationStartToFinalResponseStart recorded 1 samples, mean = 12358.0 (flags = 0x41)
0      ... 
11747  -O                                                                        (1 = 100.0%) {0.0%}
13144  ... 

Histogram: PageLoad.Experimental.NavigationTiming.NavigationStartToFirstLoaderCallback recorded 1 samples, mean = 12032.0 (flags = 0x41)
0      ... 
11747  -O                                                                        (1 = 100.0%) {0.0%}
13144  ... 

Histogram: PageLoad.Experimental.NavigationTiming.NavigationStartToFirstRequestStart recorded 1 samples, mean = 11744.0 (flags = 0x41)
0      ... 
10498  -O                                                                        (1 = 100.0%) {0.0%}
11747  ... 

Histogram: PageLoad.Experimental.NavigationTiming.NavigationStartToFirstResponseStart recorded 1 samples, mean = 11744.0 (flags = 0x41)
0      ... 
10498  -O                                                                        (1 = 100.0%) {0.0%}
11747  ... 

Histogram: PageLoad.Experimental.NavigationTiming.NavigationStartToNavigationCommitSent recorded 1 samples, mean = 13272.0 (flags = 0x41)
0      ... 
13144  -O                                                                        (1 = 100.0%) {0.0%}
14707  ... 

Histogram: PageLoad.Experimental.PageTiming.CachedResourceLoadTime.font recorded 5 samples, mean = 1.0 (flags = 0x41)
0  O                                                                         (0 = 0.0%)
1  -----O                                                                    (5 = 100.0%) {0.0%}
2  ... 

Histogram: PageLoad.Experimental.PageTiming.CachedResourceLoadTime.manifest recorded 1 samples, mean = 235.0 (flags = 0x41)
0    ... 
220  -O                                                                        (1 = 100.0%) {0.0%}
280  ... 

Histogram: PageLoad.Experimental.PageTiming.CachedResourceLoadTime.script recorded 26 samples, mean = 5.8 (flags = 0x41)
0   ----O                                                                     (4 = 15.4%)
1   -O                                                                        (1 = 3.8%) {15.4%}
2   ... 
4   --O                                                                       (2 = 7.7%) {19.2%}
5   -----O                                                                    (5 = 19.2%) {26.9%}
6   -------O                                                                  (7 = 26.9%) {46.2%}
8   ----O                                                                     (4 = 15.4%) {73.1%}
10  --O                                                                       (2 = 7.7%) {88.5%}
13  -O                                                                        (1 = 3.8%) {96.2%}
16  ... 

Histogram: PageLoad.Experimental.PageTiming.CachedResourceLoadTime.style recorded 8 samples, mean = 21.0 (flags = 0x41)
0    -O                                                                        (1 = 12.5%)
1    O                                                                         (0 = 0.0%) {12.5%}
2    -O                                                                        (1 = 12.5%) {12.5%}
3    O                                                                         (0 = 0.0%) {25.0%}
4    -----O                                                                    (5 = 62.5%) {25.0%}
5    ... 
136  -O                                                                        (1 = 12.5%) {87.5%}
173  ... 

Histogram: PageLoad.Experimental.PageTiming.CommitSentToFirstSubresourceLoadStart recorded 1 samples, mean = 81.0 (flags = 0x41)
0   ... 
75  -O                                                                        (1 = 100.0%) {0.0%}
84  ... 

Histogram: PageLoad.Experimental.PageTiming.NavigationToFirstSubresourceLoadStart recorded 1 samples, mean = 13353.0 (flags = 0x41)
0      ... 
13144  -O                                                                        (1 = 100.0%) {0.0%}
14707  ... 

Histogram: PageLoad.Experimental.PageTiming.ResourceLoadTime. recorded 5 samples, mean = 258.8 (flags = 0x41)
0    ... 
16   -O                                                                        (1 = 20.0%) {0.0%}
20   ... 
220  ---O                                                                      (3 = 60.0%) {20.0%}
280  ... 
452  -O                                                                        (1 = 20.0%) {80.0%}
574  ... 

Histogram: PageLoad.Experimental.PageTiming.ResourceLoadTime.document recorded 1 samples, mean = 270.0 (flags = 0x41)
0    ... 
220  -O                                                                        (1 = 100.0%) {0.0%}
280  ... 

Histogram: PageLoad.Experimental.PageTiming.ResourceLoadTime.image recorded 1 samples, mean = 189.0 (flags = 0x41)
0    ... 
173  -O                                                                        (1 = 100.0%) {0.0%}
220  ... 

Histogram: PageLoad.Experimental.PageVisitFinalStatus recorded 1 samples, mean = 1.0 (flags = 0x41)
0  O                                                                         (0 = 0.0%)
1  -O                                                                        (1 = 100.0%) {0.0%}
2  ... 

Histogram: PageLoad.Experimental.PageVisitType2 recorded 1 samples, mean = 6.0 (flags = 0x41)
0  ... 
6  -O                                                                        (1 = 100.0%) {0.0%}
7  ... 

Histogram: PageLoad.Experimental.PaintTiming.FirstEligibleToPaintToFirstPaint recorded 1 samples, mean = 977.0 (flags = 0x41)
0    ... 
885  -O                                                                        (1 = 100.0%) {0.0%}
990  ... 

Histogram: PageLoad.Experimental.TotalForegroundDuration recorded 1 samples, mean = 2088972.0 (flags = 0x41)
0        ... 
1875187  -O                                                                        (1 = 100.0%) {0.0%}
2136467  ... 

Histogram: PageLoad.Experimental.TotalForegroundDuration.AllVisit recorded 1 samples, mean = 2088972.0 (flags = 0x41)
0        ... 
1875187  -O                                                                        (1 = 100.0%) {0.0%}
2136467  ... 

Histogram: PageLoad.Experimental.TotalForegroundDuration.IndependentUIVisit recorded 1 samples, mean = 2088972.0 (flags = 0x41)
0        ... 
1875187  -O                                                                        (1 = 100.0%) {0.0%}
2136467  ... 

Histogram: PageLoad.Expermental.SoftNavigations.Count recorded 1 samples, mean = 0.0 (flags = 0x41)
0  -O                                                                        (1 = 100.0%)
1  ... 

Histogram: PageLoad.Internal.PageLoadTimingStatus recorded 15 samples, mean = 0.0 (flags = 0x41)
0  ---------------O                                                          (15 = 100.0%)
1  ... 

Histogram: PageLoad.Internal.PageLoadTimingStatus.AtTimingCallbackDispatch recorded 3 samples, mean = 0.0 (flags = 0x41)
0  ---O                                                                      (3 = 100.0%)
1  ... 

Histogram: PageLoad.Internal.PageType recorded 2 samples, mean = 0.0 (flags = 0x41)
0  --O                                                                       (2 = 100.0%)
1  ... 

Histogram: PageLoad.Internal.SuppressedEventsBeforeMissingFirstPaint recorded 1 samples, mean = 0.0 (flags = 0x41)
0  -O                                                                        (1 = 100.0%)
1  ... 

Histogram: PageLoad.Internal.SuppressedEventsCountBeforePaint3 recorded 1 samples, mean = 0.0 (flags = 0x41)
0  -O                                                                        (1 = 100.0%)
1  ... 

Histogram: PageLoad.Internal.SuppressedEventsTimingBeforePaint3 recorded 1 samples, mean = 0.0 (flags = 0x41)
0  -O                                                                        (1 = 100.0%)
1  ... 

Histogram: PageLoad.Internal.SuppressedInteractionsCountBeforePaint3 recorded 1 samples, mean = 0.0 (flags = 0x41)
0  -O                                                                        (1 = 100.0%)
1  ... 

Histogram: PageLoad.LayoutInstability.CumulativeShiftScore recorded 1 samples, mean = 0.0 (flags = 0x41)
0  -O                                                                        (1 = 100.0%)
1  ... 

Histogram: PageLoad.LayoutInstability.CumulativeShiftScore.MainFrame recorded 1 samples, mean = 0.0 (flags = 0x41)
0  -O                                                                        (1 = 100.0%)
1  ... 

Histogram: PageLoad.LayoutInstability.MaxCumulativeShiftScore.SessionWindow.Gap1000ms.Max5000ms recorded 1 samples, mean = 0.0 (flags = 0x41)
0  -O                                                                        (1 = 100.0%)
1  ... 

Histogram: PageLoad.LayoutInstability.MaxCumulativeShiftScore.SessionWindow.Gap1000ms.Max5000ms2 recorded 1 samples, mean = 0.0 (flags = 0x41)
0  -O                                                                        (1 = 100.0%)
1  ... 

Histogram: PageLoad.PageTiming.ForegroundDuration recorded 1 samples, mean = 2088971.0 (flags = 0x41)
0        ... 
1875187  -O                                                                        (1 = 100.0%) {0.0%}
2136467  ... 

Histogram: PageLoad.PageTiming.ForegroundDuration.AfterPaint recorded 1 samples, mean = 2074463.0 (flags = 0x41)
0        ... 
1875187  -O                                                                        (1 = 100.0%) {0.0%}
2136467  ... 

Histogram: PageLoad.PageTiming.ForegroundDuration.NoCommit recorded 1 samples, mean = 136.0 (flags = 0x41)
0    ... 
120  -O                                                                        (1 = 100.0%) {0.0%}
137  ... 

Histogram: PageLoad.PageTiming.ForegroundDuration.WithPaint recorded 1 samples, mean = 2088971.0 (flags = 0x41)
0        ... 
1875187  -O                                                                        (1 = 100.0%) {0.0%}
2136467  ... 

Histogram: PageLoad.PaintTiming.NavigationToFirstPaint recorded 1 samples, mean = 14508.0 (flags = 0x41)
0      ... 
13144  -O                                                                        (1 = 100.0%) {0.0%}
14707  ... 

Histogram: PageLoad.ParseTiming.NavigationToParseStart recorded 1 samples, mean = 13282.0 (flags = 0x41)
0      ... 
13144  -O                                                                        (1 = 100.0%) {0.0%}
14707  ... 

Histogram: PageLoad.ParseTiming.NavigationToParseStart.LoadType.NewNavigation recorded 1 samples, mean = 13282.0 (flags = 0x41)
0      ... 
13144  -O                                                                        (1 = 100.0%) {0.0%}
14707  ... 

Histogram: PageLoad.ParseTiming.ParseBlockedOnScriptExecution recorded 1 samples, mean = 8.0 (flags = 0x41)
0  -O                                                                        (1 = 100.0%)
10 ... 

Histogram: PageLoad.ParseTiming.ParseBlockedOnScriptExecutionFromDocumentWrite recorded 1 samples, mean = 0.0 (flags = 0x41)
0  -O                                                                        (1 = 100.0%)
10 ... 

Histogram: PageLoad.ParseTiming.ParseBlockedOnScriptLoad recorded 1 samples, mean = 238.0 (flags = 0x41)
0    ... 
230  -O                                                                        (1 = 100.0%) {0.0%}
257  ... 

Histogram: PaintHolding.CommitTrigger2 recorded 1 samples, mean = 3.0 (flags = 0x41)
0  ... 
3  -O                                                                        (1 = 100.0%) {0.0%}
4  ... 

Histogram: PasswordManager.AccountStore.InaccessiblePasswords3 recorded 1 samples, mean = 0.0 (flags = 0x41)
0  -O                                                                        (1 = 100.0%)
1  ... 

Histogram: PasswordManager.AccountStore.LoginDatabaseEncryptionStatus recorded 1 samples, mean = 0.0 (flags = 0x41)
0  -O                                                                        (1 = 100.0%)
1  ... 

Histogram: PasswordManager.AffiliationDatabase.DatabaseSize recorded 1 samples, mean = 52.0 (flags = 0x41)
0  -O                                                                        (1 = 100.0%)
1000... 

Histogram: PasswordManager.BubbleSuppression.AccountsInStatisticsTable2 recorded 1 samples, mean = 0.0 (flags = 0x41)
0  -O                                                                        (1 = 100.0%)
1  ... 

Histogram: PasswordManager.GetAllLogins.TimeSinceInit recorded 2 samples, mean = 30043.5 (flags = 0x41)
0      ... 
26495  --O                                                                       (2 = 100.0%) {0.0%}
33665  ... 

Histogram: PasswordManager.GetAutofillableLogins.TimeSinceInit recorded 2 samples, mean = 13408.0 (flags = 0x41)
0      ... 
12916  --O                                                                       (2 = 100.0%) {0.0%}
16411  ... 

Histogram: PasswordManager.LoginDatabaseInit2 recorded 2 samples, mean = 0.0 (flags = 0x41)
0  --O                                                                       (2 = 100.0%)
1  ... 

Histogram: PasswordManager.OnEncryptorReceived.Success recorded 2 samples, mean = 1.0 (flags = 0x41)
0  O                                                                         (0 = 0.0%)
1  --O                                                                       (2 = 100.0%) {0.0%}
2  O                                                                         (0 = 0.0%) {100.0%}

Histogram: PasswordManager.PasswordStore.InitTime recorded 2 samples, mean = 9481.0 (flags = 0x41)
0     ... 
8416  --O                                                                       (2 = 100.0%) {0.0%}
10000 O                                                                         (0 = 0.0%) {100.0%}

Histogram: PasswordManager.PasswordStoreBackend.GetAllLoginsAsync recorded 4 samples, mean = 1.0 (flags = 0x41)
0  --O                                                                       (2 = 50.0%)
1  O                                                                         (0 = 0.0%) {50.0%}
2  --O                                                                       (2 = 50.0%) {50.0%}
3  ... 

Histogram: PasswordManager.PasswordStoreBackend.GetAllLoginsAsync.Latency recorded 2 samples, mean = 19.0 (flags = 0x41)
0   ... 
16  --O                                                                       (2 = 100.0%) {0.0%}
20  ... 

Histogram: PasswordManager.PasswordStoreBackend.GetAllLoginsAsync.Success recorded 2 samples, mean = 1.0 (flags = 0x41)
0  O                                                                         (0 = 0.0%)
1  --O                                                                       (2 = 100.0%) {0.0%}
2  O                                                                         (0 = 0.0%) {100.0%}

Histogram: PasswordManager.PasswordStoreBackend.GetAutofillableLoginsAsync recorded 4 samples, mean = 1.0 (flags = 0x41)
0  --O                                                                       (2 = 50.0%)
1  O                                                                         (0 = 0.0%) {50.0%}
2  --O                                                                       (2 = 50.0%) {50.0%}
3  ... 

Histogram: PasswordManager.PasswordStoreBackend.GetAutofillableLoginsAsync.Latency recorded 2 samples, mean = 2.0 (flags = 0x41)
0  ... 
2  --O                                                                       (2 = 100.0%) {0.0%}
3  ... 

Histogram: PasswordManager.PasswordStoreBackend.GetAutofillableLoginsAsync.Success recorded 2 samples, mean = 1.0 (flags = 0x41)
0  O                                                                         (0 = 0.0%)
1  --O                                                                       (2 = 100.0%) {0.0%}
2  O                                                                         (0 = 0.0%) {100.0%}

Histogram: PasswordManager.PasswordStoreBuiltInBackend.GetAllLoginsAsync recorded 4 samples, mean = 1.0 (flags = 0x41)
0  --O                                                                       (2 = 50.0%)
1  O                                                                         (0 = 0.0%) {50.0%}
2  --O                                                                       (2 = 50.0%) {50.0%}
3  ... 

Histogram: PasswordManager.PasswordStoreBuiltInBackend.GetAllLoginsAsync.Latency recorded 2 samples, mean = 19.0 (flags = 0x41)
0   ... 
16  --O                                                                       (2 = 100.0%) {0.0%}
20  ... 

Histogram: PasswordManager.PasswordStoreBuiltInBackend.GetAllLoginsAsync.Success recorded 2 samples, mean = 1.0 (flags = 0x41)
0  O                                                                         (0 = 0.0%)
1  --O                                                                       (2 = 100.0%) {0.0%}
2  O                                                                         (0 = 0.0%) {100.0%}

Histogram: PasswordManager.PasswordStoreBuiltInBackend.GetAutofillableLoginsAsync recorded 4 samples, mean = 1.0 (flags = 0x41)
0  --O                                                                       (2 = 50.0%)
1  O                                                                         (0 = 0.0%) {50.0%}
2  --O                                                                       (2 = 50.0%) {50.0%}
3  ... 

Histogram: PasswordManager.PasswordStoreBuiltInBackend.GetAutofillableLoginsAsync.Latency recorded 2 samples, mean = 2.0 (flags = 0x41)
0  ... 
2  --O                                                                       (2 = 100.0%) {0.0%}
3  ... 

Histogram: PasswordManager.PasswordStoreBuiltInBackend.GetAutofillableLoginsAsync.Success recorded 2 samples, mean = 1.0 (flags = 0x41)
0  O                                                                         (0 = 0.0%)
1  --O                                                                       (2 = 100.0%) {0.0%}
2  O                                                                         (0 = 0.0%) {100.0%}

Histogram: PasswordManager.ProfileStore.InaccessiblePasswords3 recorded 1 samples, mean = 0.0 (flags = 0x41)
0  -O                                                                        (1 = 100.0%)
1  ... 

Histogram: PasswordManager.ProfileStore.LoginDatabaseEncryptionStatus recorded 1 samples, mean = 0.0 (flags = 0x41)
0  -O                                                                        (1 = 100.0%)
1  ... 

Histogram: PasswordManager.SavedGaiaPasswordHashCount2 recorded 1 samples, mean = 0.0 (flags = 0x41)
0  -O                                                                        (1 = 100.0%)
1  ... 

Histogram: PasswordManager.SyncMetadataReadError2 recorded 2 samples, mean = 0.0 (flags = 0x41)
0  --O                                                                       (2 = 100.0%)
1  ... 

Histogram: PaymentRequest.IsCanMakePaymentAllowedByPref.Startup recorded 1 samples, mean = 1.0 (flags = 0x41)
0  O                                                                         (0 = 0.0%)
1  -O                                                                        (1 = 100.0%) {0.0%}
2  O                                                                         (0 = 0.0%) {100.0%}

Histogram: PerformanceManager.LoadingNotQuiescentPageCount.All recorded 69 samples, mean = 0.0 (flags = 0x41)
0  ---------------------------------------------------------------------O    (69 = 100.0%)
1  ... 

Histogram: PerformanceManager.LoadingNotQuiescentPageCount.Hidden recorded 69 samples, mean = 0.0 (flags = 0x41)
0  ---------------------------------------------------------------------O    (69 = 100.0%)
1  ... 

Histogram: PerformanceManager.LoadingNotQuiescentPageCount.MixedVisibility recorded 69 samples, mean = 0.0 (flags = 0x41)
0  ---------------------------------------------------------------------O    (69 = 100.0%)
1  ... 

Histogram: PerformanceManager.LoadingNotQuiescentPageCount.Visible recorded 69 samples, mean = 0.0 (flags = 0x41)
0  ---------------------------------------------------------------------O    (69 = 100.0%)
1  ... 

Histogram: PerformanceManager.QuiescentPageCount recorded 69 samples, mean = 1.0 (flags = 0x41)
0  O                                                                         (0 = 0.0%)
1  ---------------------------------------------------------------------O    (69 = 100.0%) {0.0%}
2  ... 

Histogram: PerformanceManager.SiteDB.DatabaseInit recorded 1 samples, mean = 0.0 (flags = 0x41)
0  -O                                                                        (1 = 100.0%)
1  ... 

Histogram: PerformanceManager.SiteDB.OnDiskSize recorded 1 samples, mean = 0.0 (flags = 0x41)
0  -O                                                                        (1 = 100.0%)
1000... 

Histogram: PerformanceManager.SiteDB.WriteCompleted.WriteSiteDataIntoStore recorded 1 samples, mean = 1.0 (flags = 0x41)
0  O                                                                         (0 = 0.0%)
1  -O                                                                        (1 = 100.0%) {0.0%}
2  O                                                                         (0 = 0.0%) {100.0%}

Histogram: PerformanceManager.SiteDB.WriteScheduled.WriteSiteDataIntoStore recorded 1 samples, mean = 1.0 (flags = 0x41)
0  O                                                                         (0 = 0.0%)
1  -O                                                                        (1 = 100.0%) {0.0%}
2  O                                                                         (0 = 0.0%) {100.0%}

Histogram: PerformanceManager.TabRevisitTracker.TimeToClose2 recorded 1 samples, mean = 2089.0 (flags = 0x41)
0     ... 
2057  -O                                                                        (1 = 100.0%) {0.0%}
2164  ... 

Histogram: PerformanceManager.UserTuning.BatterySaverModeEnabledPercent recorded 1 samples, mean = 0.0 (flags = 0x41)
0  -O                                                                        (1 = 100.0%)
1  ... 

Histogram: PerformanceManager.UserTuning.MemorySaverModeEnabledPercent recorded 1 samples, mean = 0.0 (flags = 0x41)
0  -O                                                                        (1 = 100.0%)
1  ... 

Histogram: PerformanceMonitor.AverageCPU8.BrowserProcess recorded 17 samples, mean = 21052.8 (flags = 0x41)
0      ... 
9417   --O                                                                       (2 = 11.8%) {0.0%}
11368  ---O                                                                      (3 = 17.6%) {11.8%}
13724  O                                                                         (0 = 0.0%) {29.4%}
16567  --O                                                                       (2 = 11.8%) {29.4%}
20000  ----------O                                                               (10 = 58.8%) {41.2%}

Histogram: PerformanceMonitor.AverageCPU8.GPUProcess recorded 17 samples, mean = 280.7 (flags = 0x41)
0     ... 
15    ---O                                                                      (3 = 17.6%) {0.0%}
18    ... 
33    --O                                                                       (2 = 11.8%) {17.6%}
40    ----O                                                                     (4 = 23.5%) {29.4%}
48    -------O                                                                  (7 = 41.2%) {52.9%}
58    ... 
3673  -O                                                                        (1 = 5.9%) {94.1%}
4434  ... 

Histogram: PerformanceMonitor.AverageCPU8.NetworkProcess recorded 17 samples, mean = 4.1 (flags = 0x41)
0   ... 
2   ---O                                                                      (3 = 17.6%) {0.0%}
3   -----------O                                                              (11 = 64.7%) {17.6%}
4   -O                                                                        (1 = 5.9%) {82.4%}
5   ... 
8   -O                                                                        (1 = 5.9%) {88.2%}
10  ... 
18  -O                                                                        (1 = 5.9%) {94.1%}
22  ... 

Histogram: PerformanceMonitor.AverageCPU8.OtherProcess recorded 17 samples, mean = 0.0 (flags = 0x41)
0  -----------------O                                                        (17 = 100.0%)
1  ... 

Histogram: PerformanceMonitor.AverageCPU8.RendererExtensionEventProcess recorded 17 samples, mean = 0.0 (flags = 0x41)
0  -----------------O                                                        (17 = 100.0%)
1  ... 

Histogram: PerformanceMonitor.AverageCPU8.RendererExtensionPersistentProcess recorded 17 samples, mean = 0.0 (flags = 0x41)
0  -----------------O                                                        (17 = 100.0%)
1  ... 

Histogram: PerformanceMonitor.AverageCPU8.RendererProcess recorded 17 samples, mean = 9.5 (flags = 0x41)
0    -------------O                                                            (13 = 76.5%)
1    ---O                                                                      (3 = 17.6%) {76.5%}
2    ... 
150  -O                                                                        (1 = 5.9%) {94.1%}
181  ... 

Histogram: PerformanceMonitor.AverageCPU8.Total recorded 17 samples, mean = 21105.3 (flags = 0x41)
0      ... 
9417   --O                                                                       (2 = 11.8%) {0.0%}
11368  ---O                                                                      (3 = 17.6%) {11.8%}
13724  O                                                                         (0 = 0.0%) {29.4%}
16567  --O                                                                       (2 = 11.8%) {29.4%}
20000  ----------O                                                               (10 = 58.8%) {41.2%}

Histogram: PerformanceMonitor.AverageCPU8.Total.ZeroWindow recorded 17 samples, mean = 21105.3 (flags = 0x41)
0      ... 
9417   --O                                                                       (2 = 11.8%) {0.0%}
11368  ---O                                                                      (3 = 17.6%) {11.8%}
13724  O                                                                         (0 = 0.0%) {29.4%}
16567  --O                                                                       (2 = 11.8%) {29.4%}
20000  ----------O                                                               (10 = 58.8%) {41.2%}

Histogram: PerformanceMonitor.AverageCPU8.UtilityProcess recorded 17 samples, mean = 21.9 (flags = 0x41)
0    ---------O                                                                (9 = 52.9%)
1    -------O                                                                  (7 = 41.2%) {52.9%}
2    ... 
317  -O                                                                        (1 = 5.9%) {94.1%}
383  ... 

Histogram: PerformanceMonitor.HasPreciseCPUUsage recorded 9 samples, mean = 1.0 (flags = 0x41)
0  O                                                                         (0 = 0.0%)
1  ---------O                                                                (9 = 100.0%) {0.0%}
2  O                                                                         (0 = 0.0%) {100.0%}

Histogram: PerformanceMonitor.UsageScenario.LongInterval recorded 17 samples, mean = 13.0 (flags = 0x41)
0   ... 
13  -----------------O                                                        (17 = 100.0%) {0.0%}
14  ... 

Histogram: Permissions.API.CreatedPermissionStatusObjects recorded 1 samples, mean = 0.0 (flags = 0x41)
0  -O                                                                        (1 = 100.0%)
1  ... 

Histogram: Permissions.Experimental.PrimaryMainNavigationFinished.AudioCapture.TopLevelHeaderPolicy recorded 1 samples, mean = 0.0 (flags = 0x41)
0  -O                                                                        (1 = 100.0%)
1  ... 

Histogram: Permissions.Experimental.PrimaryMainNavigationFinished.Geolocation.TopLevelHeaderPolicy recorded 1 samples, mean = 0.0 (flags = 0x41)
0  -O                                                                        (1 = 100.0%)
1  ... 

Histogram: Permissions.Experimental.PrimaryMainNavigationFinished.VideoCapture.TopLevelHeaderPolicy recorded 1 samples, mean = 0.0 (flags = 0x41)
0  -O                                                                        (1 = 100.0%)
1  ... 

Histogram: Permissions.QuietNotificationPrompts.RegularProfile.IsEnabledInPrefs recorded 1 samples, mean = 0.0 (flags = 0x41)
0  -O                                                                        (1 = 100.0%)
1  ... 

Histogram: Platform.IntelMaxMicroArchitecture recorded 1 samples, mean = 10.0 (flags = 0x41)
0   ... 
10  -O                                                                        (1 = 100.0%) {0.0%}
11  ... 

Histogram: Power.BatteryDischargeGranularityIsOrdered recorded 53 samples, mean = 1.0 (flags = 0x41)
0  O                                                                         (0 = 0.0%)
1  -----------------------------------------------------O                    (53 = 100.0%) {0.0%}
2  O                                                                         (0 = 0.0%) {100.0%}

Histogram: Power.BatteryDischargeMode5 recorded 34 samples, mean = 1.0 (flags = 0x41)
0  O                                                                         (0 = 0.0%)
1  ----------------------------------O                                       (34 = 100.0%) {0.0%}
2  ... 

Histogram: Power.BatteryDischargeMode5.Initial recorded 1 samples, mean = 1.0 (flags = 0x41)
0  O                                                                         (0 = 0.0%)
1  -O                                                                        (1 = 100.0%) {0.0%}
2  ... 

Histogram: Power.BatteryDischargeMode5.Periodic recorded 33 samples, mean = 1.0 (flags = 0x41)
0  O                                                                         (0 = 0.0%)
1  ---------------------------------O                                        (33 = 100.0%) {0.0%}
2  ... 

Histogram: Power.BatteryDischargeMode5.TenMinutes recorded 3 samples, mean = 1.0 (flags = 0x41)
0  O                                                                         (0 = 0.0%)
1  ---O                                                                      (3 = 100.0%) {0.0%}
2  ... 

Histogram: Power.BatteryDischargeMode5.ZeroWindow recorded 34 samples, mean = 1.0 (flags = 0x41)
0  O                                                                         (0 = 0.0%)
1  ----------------------------------O                                       (34 = 100.0%) {0.0%}
2  ... 

Histogram: Power.BatteryDischargeMode5.ZeroWindow.Initial recorded 1 samples, mean = 1.0 (flags = 0x41)
0  O                                                                         (0 = 0.0%)
1  -O                                                                        (1 = 100.0%) {0.0%}
2  ... 

Histogram: Power.BatteryDischargeMode5.ZeroWindow.Periodic recorded 33 samples, mean = 1.0 (flags = 0x41)
0  O                                                                         (0 = 0.0%)
1  ---------------------------------O                                        (33 = 100.0%) {0.0%}
2  ... 

Histogram: Power.HasPreciseBatteryDischargeGranularity recorded 34 samples, mean = 0.0 (flags = 0x41)
0  ----------------------------------O                                       (34 = 100.0%)
1  ... 

Histogram: Prefs.JSonStore.SetValueKey recorded 47 samples (flags = 0x41)
38959120    -O                                                                        (1 = 2.1%)
174384190   --O                                                                       (2 = 4.3%)
372921139   --------------O                                                           (14 = 29.8%)
852125461   --O                                                                       (2 = 4.3%)
1333612670  -O                                                                        (1 = 2.1%)
1526276751  -O                                                                        (1 = 2.1%)
1543709623  -O                                                                        (1 = 2.1%)
1590148671  -O                                                                        (1 = 2.1%)
1923415074  ----O                                                                     (4 = 8.5%)
1927273959  -O                                                                        (1 = 2.1%)
1936820420  --O                                                                       (2 = 4.3%)
1956100443  -O                                                                        (1 = 2.1%)
1958764657  -O                                                                        (1 = 2.1%)
2056672062  --------------O                                                           (14 = 29.8%)
2082524502  -O                                                                        (1 = 2.1%)

Histogram: Privacy.CookieControlsSetting.RegularProfile recorded 1 samples, mean = 2.0 (flags = 0x41)
0  ... 
2  -O                                                                        (1 = 100.0%) {0.0%}
3  O                                                                         (0 = 0.0%) {100.0%}

Histogram: Privacy.DIPS.BounceCategoryServer.Block3PC recorded 1 samples, mean = 0.0 (flags = 0x41)
0  -O                                                                        (1 = 100.0%)
1  ... 

Histogram: Privacy.DIPS.DIPSErrorCodes recorded 3 samples, mean = 2.0 (flags = 0x41)
0  --O                                                                       (2 = 66.7%)
1  ... 
6  -O                                                                        (1 = 33.3%) {66.7%}
7  ... 

Histogram: Privacy.DIPS.Database.Operation.FilterSitesWithProtectiveEventTime recorded 1 samples, mean = 0.0 (flags = 0x41)
0  -O                                                                        (1 = 100.0%)
1  ... 

Histogram: Privacy.DIPS.Database.Operation.InitTime recorded 1 samples, mean = 2.0 (flags = 0x41)
0  ... 
2  -O                                                                        (1 = 100.0%) {0.0%}
3  ... 

Histogram: Privacy.DIPS.Database.Operation.ReadTime recorded 3 samples, mean = 0.0 (flags = 0x41)
0  ---O                                                                      (3 = 100.0%)
1  ... 

Histogram: Privacy.DIPS.Database.Operation.RemoveRowsTime recorded 1 samples, mean = 5.0 (flags = 0x41)
0  ... 
5  -O                                                                        (1 = 100.0%) {0.0%}
6  ... 

Histogram: Privacy.DIPS.Database.Operation.WriteTime recorded 1 samples, mean = 2.0 (flags = 0x41)
0  ... 
2  -O                                                                        (1 = 100.0%) {0.0%}
3  ... 

Histogram: Privacy.DIPS.DatabaseEntryCount recorded 1 samples, mean = 1.0 (flags = 0x41)
0  O                                                                         (0 = 0.0%)
1  -O                                                                        (1 = 100.0%) {0.0%}
2  ... 

Histogram: Privacy.DIPS.DatabaseHealthMetricsTime recorded 1 samples, mean = 0.0 (flags = 0x41)
0  -O                                                                        (1 = 100.0%)
1  ... 

Histogram: Privacy.DIPS.DatabaseInit recorded 1 samples, mean = 1.0 (flags = 0x41)
0  O                                                                         (0 = 0.0%)
1  -O                                                                        (1 = 100.0%) {0.0%}
2  ... 

Histogram: Privacy.DIPS.DatabaseSize recorded 1 samples, mean = 36.0 (flags = 0x41)
0  -O                                                                        (1 = 100.0%)
1000... 

Histogram: Privacy.DoNotTrackSetting2 recorded 1 samples, mean = 0.0 (flags = 0x41)
0  -O                                                                        (1 = 100.0%)
1  ... 

Histogram: Privacy.ThirdPartyCookieBlockingSetting.RegularProfile recorded 1 samples, mean = 0.0 (flags = 0x41)
0  -O                                                                        (1 = 100.0%)
1  ... 

Histogram: PrivacyBudget.Identifiability.FinchConfigValidationResult recorded 1 samples, mean = 1.0 (flags = 0x41)
0  O                                                                         (0 = 0.0%)
1  -O                                                                        (1 = 100.0%) {0.0%}
2  O                                                                         (0 = 0.0%) {100.0%}

Histogram: PrivacySandbox.NoticeRequirement.IsVariationCountryEmpty recorded 3 samples, mean = 1.0 (flags = 0x41)
0  O                                                                         (0 = 0.0%)
1  ---O                                                                      (3 = 100.0%) {0.0%}
2  O                                                                         (0 = 0.0%) {100.0%}

Histogram: PrivacySandbox.NoticeRequirement.IsVariationServiceReady recorded 3 samples, mean = 1.0 (flags = 0x41)
0  O                                                                         (0 = 0.0%)
1  ---O                                                                      (3 = 100.0%) {0.0%}
2  O                                                                         (0 = 0.0%) {100.0%}

Histogram: PrivacySandbox.TrackingProtection.OnboardingStartup.State recorded 1 samples, mean = 0.0 (flags = 0x41)
0  -O                                                                        (1 = 100.0%)
1  ... 

Histogram: PrivacySandbox.TrackingProtection.SilentOnboardingStartup.State recorded 1 samples, mean = 0.0 (flags = 0x41)
0  -O                                                                        (1 = 100.0%)
1  ... 

Histogram: Profile.AppCount recorded 1 samples, mean = 0.0 (flags = 0x41)
0  -O                                                                        (1 = 100.0%)
1  ... 

Histogram: Profile.BookmarksSize recorded 1 samples, mean = 0.0 (flags = 0x41)
0  -O                                                                        (1 = 100.0%)
1  ... 

Histogram: Profile.CookiesSize recorded 1 samples, mean = 0.0 (flags = 0x41)
0  -O                                                                        (1 = 100.0%)
1  ... 

Histogram: Profile.Destroyer.OffTheRecord recorded 1 samples, mean = 1.0 (flags = 0x41)
0  O                                                                         (0 = 0.0%)
1  -O                                                                        (1 = 100.0%) {0.0%}
2  ... 

Histogram: Profile.DidDestroyProfileBeforeShutdown recorded 1 samples, mean = 0.0 (flags = 0x41)
0  -O                                                                        (1 = 100.0%)
1  ... 

Histogram: Profile.ExtensionSize recorded 1 samples, mean = 0.0 (flags = 0x41)
0  -O                                                                        (1 = 100.0%)
1  ... 

Histogram: Profile.FaviconsSize recorded 1 samples, mean = 0.0 (flags = 0x41)
0  -O                                                                        (1 = 100.0%)
1  ... 

Histogram: Profile.HistorySize recorded 1 samples, mean = 0.0 (flags = 0x41)
0  -O                                                                        (1 = 100.0%)
1  ... 

Histogram: Profile.KeepAliveLeakAtShutdown recorded 2 samples, mean = 3.5 (flags = 0x41)
0  -O                                                                        (1 = 50.0%)
1  ... 
7  -O                                                                        (1 = 50.0%) {50.0%}
8  ... 

Histogram: Profile.LiveProfileCount recorded 1 samples, mean = 1.0 (flags = 0x41)
0  O                                                                         (0 = 0.0%)
1  -O                                                                        (1 = 100.0%) {0.0%}
2  ... 

Histogram: Profile.TopSitesSize recorded 1 samples, mean = 0.0 (flags = 0x41)
0  -O                                                                        (1 = 100.0%)
1  ... 

Histogram: Profile.TotalHistorySize recorded 1 samples, mean = 0.0 (flags = 0x41)
0  -O                                                                        (1 = 100.0%)
1  ... 

Histogram: Profile.TotalSize recorded 1 samples, mean = 0.0 (flags = 0x41)
0  -O                                                                        (1 = 100.0%)
1  ... 

Histogram: Profile.TotalSizeRecursive recorded 1 samples, mean = 9.0 (flags = 0x41)
0  ... 
8  -O                                                                        (1 = 100.0%) {0.0%}
10 ... 

Histogram: Profile.TriggeredReset recorded 1 samples, mean = 0.0 (flags = 0x41)
0  -O                                                                        (1 = 100.0%)
1  ... 

Histogram: Profile.VisitedLinksSize recorded 1 samples, mean = 0.0 (flags = 0x41)
0  -O                                                                        (1 = 100.0%)
1  ... 

Histogram: Profile.WebDataSize recorded 1 samples, mean = 0.0 (flags = 0x41)
0  -O                                                                        (1 = 100.0%)
1  ... 

Histogram: Profile.ZombieProfileCount recorded 1 samples, mean = 0.0 (flags = 0x41)
0  -O                                                                        (1 = 100.0%)
1  ... 

Histogram: ProfilePicker.StartupMode.CreateInitialProfile recorded 1 samples, mean = 0.0 (flags = 0x41)
0  -O                                                                        (1 = 100.0%)
1  ... 

Histogram: ProfilePicker.StartupMode.GetStartupProfile recorded 1 samples, mean = 0.0 (flags = 0x41)
0  -O                                                                        (1 = 100.0%)
1  ... 

Histogram: ProfilePicker.StartupReason.GetStartupProfile recorded 1 samples, mean = 27.0 (flags = 0x41)
0   ... 
27  -O                                                                        (1 = 100.0%) {0.0%}
28  ... 

Histogram: ProtoDB.GetErrorStatus.Metadata recorded 0 samples (flags = 0x41)
0 ... 

Histogram: ProtoDB.GetFound.Metadata recorded 18 samples, mean = 1.0 (flags = 0x41)
0  O                                                                         (0 = 0.0%)
1  ------------------O                                                       (18 = 100.0%) {0.0%}
2  O                                                                         (0 = 0.0%) {100.0%}

Histogram: ProtoDB.GetSuccess.Metadata recorded 18 samples, mean = 1.0 (flags = 0x41)
0  O                                                                         (0 = 0.0%)
1  ------------------O                                                       (18 = 100.0%) {0.0%}
2  O                                                                         (0 = 0.0%) {100.0%}

Histogram: ProtoDB.InitStatus.BudgetManager recorded 1 samples, mean = 4.0 (flags = 0x41)
0  ... 
4  -O                                                                        (1 = 100.0%) {0.0%}
5  ... 

Histogram: ProtoDB.InitStatus.CartDatabase recorded 1 samples, mean = 4.0 (flags = 0x41)
0  ... 
4  -O                                                                        (1 = 100.0%) {0.0%}
5  ... 

Histogram: ProtoDB.InitStatus.ClientCertificatesDatabase recorded 1 samples, mean = 4.0 (flags = 0x41)
0  ... 
4  -O                                                                        (1 = 100.0%) {0.0%}
5  ... 

Histogram: ProtoDB.InitStatus.CommerceParcelTrackingDatabase recorded 1 samples, mean = 4.0 (flags = 0x41)
0  ... 
4  -O                                                                        (1 = 100.0%) {0.0%}
5  ... 

Histogram: ProtoDB.InitStatus.CommerceSubscriptionDatabase recorded 1 samples, mean = 4.0 (flags = 0x41)
0  ... 
4  -O                                                                        (1 = 100.0%) {0.0%}
5  ... 

Histogram: ProtoDB.InitStatus.CouponDatabase recorded 1 samples, mean = 4.0 (flags = 0x41)
0  ... 
4  -O                                                                        (1 = 100.0%) {0.0%}
5  ... 

Histogram: ProtoDB.InitStatus.DiscountsDatabase recorded 1 samples, mean = 4.0 (flags = 0x41)
0  ... 
4  -O                                                                        (1 = 100.0%) {0.0%}
5  ... 

Histogram: ProtoDB.InitStatus.DownloadDB recorded 1 samples, mean = 4.0 (flags = 0x41)
0  ... 
4  -O                                                                        (1 = 100.0%) {0.0%}
5  ... 

Histogram: ProtoDB.InitStatus.DownloadService recorded 1 samples, mean = 4.0 (flags = 0x41)
0  ... 
4  -O                                                                        (1 = 100.0%) {0.0%}
5  ... 

Histogram: ProtoDB.InitStatus.FeatureEngagementTrackerAvailabilityStore recorded 1 samples, mean = 4.0 (flags = 0x41)
0  ... 
4  -O                                                                        (1 = 100.0%) {0.0%}
5  ... 

Histogram: ProtoDB.InitStatus.FeatureEngagementTrackerEventStore recorded 1 samples, mean = 4.0 (flags = 0x41)
0  ... 
4  -O                                                                        (1 = 100.0%) {0.0%}
5  ... 

Histogram: ProtoDB.InitStatus.Metadata recorded 1 samples, mean = 0.0 (flags = 0x41)
0  -O                                                                        (1 = 100.0%)
1  ... 

Histogram: ProtoDB.InitStatus.PersistentOriginTrials recorded 1 samples, mean = 4.0 (flags = 0x41)
0  ... 
4  -O                                                                        (1 = 100.0%) {0.0%}
5  ... 

Histogram: ProtoDB.InitStatus.PreviewsHintCacheStore recorded 1 samples, mean = 4.0 (flags = 0x41)
0  ... 
4  -O                                                                        (1 = 100.0%) {0.0%}
5  ... 

Histogram: ProtoDB.InitStatus.SegmentInfoDatabase recorded 1 samples, mean = 4.0 (flags = 0x41)
0  ... 
4  -O                                                                        (1 = 100.0%) {0.0%}
5  ... 

Histogram: ProtoDB.InitStatus.SharedDb recorded 1 samples, mean = 0.0 (flags = 0x41)
0  -O                                                                        (1 = 100.0%)
1  ... 

Histogram: ProtoDB.InitStatus.SignalDatabase recorded 1 samples, mean = 4.0 (flags = 0x41)
0  ... 
4  -O                                                                        (1 = 100.0%) {0.0%}
5  ... 

Histogram: ProtoDB.InitStatus.SignalStorageConfigDatabase recorded 1 samples, mean = 4.0 (flags = 0x41)
0  ... 
4  -O                                                                        (1 = 100.0%) {0.0%}
5  ... 

Histogram: ProtoDB.InitStatus.StrikeService recorded 1 samples, mean = 4.0 (flags = 0x41)
0  ... 
4  -O                                                                        (1 = 100.0%) {0.0%}
5  ... 

Histogram: ProtoDB.LoadEntriesSuccess.CartDatabase recorded 1 samples, mean = 1.0 (flags = 0x41)
0  O                                                                         (0 = 0.0%)
1  -O                                                                        (1 = 100.0%) {0.0%}
2  O                                                                         (0 = 0.0%) {100.0%}

Histogram: ProtoDB.LoadEntriesSuccess.CouponDatabase recorded 1 samples, mean = 1.0 (flags = 0x41)
0  O                                                                         (0 = 0.0%)
1  -O                                                                        (1 = 100.0%) {0.0%}
2  O                                                                         (0 = 0.0%) {100.0%}

Histogram: ProtoDB.LoadEntriesSuccess.DownloadDB recorded 1 samples, mean = 1.0 (flags = 0x41)
0  O                                                                         (0 = 0.0%)
1  -O                                                                        (1 = 100.0%) {0.0%}
2  O                                                                         (0 = 0.0%) {100.0%}

Histogram: ProtoDB.LoadEntriesSuccess.DownloadService recorded 1 samples, mean = 1.0 (flags = 0x41)
0  O                                                                         (0 = 0.0%)
1  -O                                                                        (1 = 100.0%) {0.0%}
2  O                                                                         (0 = 0.0%) {100.0%}

Histogram: ProtoDB.LoadEntriesSuccess.FeatureEngagementTrackerAvailabilityStore recorded 1 samples, mean = 1.0 (flags = 0x41)
0  O                                                                         (0 = 0.0%)
1  -O                                                                        (1 = 100.0%) {0.0%}
2  O                                                                         (0 = 0.0%) {100.0%}

Histogram: ProtoDB.LoadEntriesSuccess.FeatureEngagementTrackerEventStore recorded 1 samples, mean = 1.0 (flags = 0x41)
0  O                                                                         (0 = 0.0%)
1  -O                                                                        (1 = 100.0%) {0.0%}
2  O                                                                         (0 = 0.0%) {100.0%}

Histogram: ProtoDB.LoadEntriesSuccess.PersistentOriginTrials recorded 1 samples, mean = 1.0 (flags = 0x41)
0  O                                                                         (0 = 0.0%)
1  -O                                                                        (1 = 100.0%) {0.0%}
2  O                                                                         (0 = 0.0%) {100.0%}

Histogram: ProtoDB.LoadEntriesSuccess.SegmentInfoDatabase recorded 1 samples, mean = 1.0 (flags = 0x41)
0  O                                                                         (0 = 0.0%)
1  -O                                                                        (1 = 100.0%) {0.0%}
2  O                                                                         (0 = 0.0%) {100.0%}

Histogram: ProtoDB.LoadEntriesSuccess.SignalStorageConfigDatabase recorded 1 samples, mean = 1.0 (flags = 0x41)
0  O                                                                         (0 = 0.0%)
1  -O                                                                        (1 = 100.0%) {0.0%}
2  O                                                                         (0 = 0.0%) {100.0%}

Histogram: ProtoDB.LoadKeysAndEntriesSuccess.PreviewsHintCacheStore recorded 2 samples, mean = 1.0 (flags = 0x41)
0  O                                                                         (0 = 0.0%)
1  --O                                                                       (2 = 100.0%) {0.0%}
2  O                                                                         (0 = 0.0%) {100.0%}

Histogram: ProtoDB.LoadKeysAndEntriesSuccess.StrikeService recorded 1 samples, mean = 1.0 (flags = 0x41)
0  O                                                                         (0 = 0.0%)
1  -O                                                                        (1 = 100.0%) {0.0%}
2  O                                                                         (0 = 0.0%) {100.0%}

Histogram: ProtoDB.SharedDbInitStatus recorded 53 samples, mean = 11.4 (flags = 0x41)
0   ------------------O                                                       (18 = 34.0%)
1   ... 
11  -----------------O                                                        (17 = 32.1%) {34.0%}
12  ... 
23  -----------------O                                                        (17 = 32.1%) {66.0%}
24  ... 
27  -O                                                                        (1 = 1.9%) {98.1%}
28  ... 

Histogram: ProtoDB.UpdateErrorStatus.CartDatabase recorded 0 samples (flags = 0x41)
0 ... 

Histogram: ProtoDB.UpdateErrorStatus.CouponDatabase recorded 0 samples (flags = 0x41)
0 ... 

Histogram: ProtoDB.UpdateErrorStatus.Default recorded 0 samples (flags = 0x41)
0 ... 

Histogram: ProtoDB.UpdateErrorStatus.FeatureEngagementTrackerAvailabilityStore recorded 0 samples (flags = 0x41)
0 ... 

Histogram: ProtoDB.UpdateErrorStatus.Metadata recorded 0 samples (flags = 0x41)
0 ... 

Histogram: ProtoDB.UpdateErrorStatus.SegmentInfoDatabase recorded 0 samples (flags = 0x41)
0 ... 

Histogram: ProtoDB.UpdateSuccess.CartDatabase recorded 1 samples, mean = 1.0 (flags = 0x41)
0  O                                                                         (0 = 0.0%)
1  -O                                                                        (1 = 100.0%) {0.0%}
2  O                                                                         (0 = 0.0%) {100.0%}

Histogram: ProtoDB.UpdateSuccess.CouponDatabase recorded 1 samples, mean = 1.0 (flags = 0x41)
0  O                                                                         (0 = 0.0%)
1  -O                                                                        (1 = 100.0%) {0.0%}
2  O                                                                         (0 = 0.0%) {100.0%}

Histogram: ProtoDB.UpdateSuccess.Default recorded 5 samples, mean = 1.0 (flags = 0x41)
0  O                                                                         (0 = 0.0%)
1  -----O                                                                    (5 = 100.0%) {0.0%}
2  O                                                                         (0 = 0.0%) {100.0%}

Histogram: ProtoDB.UpdateSuccess.FeatureEngagementTrackerAvailabilityStore recorded 1 samples, mean = 1.0 (flags = 0x41)
0  O                                                                         (0 = 0.0%)
1  -O                                                                        (1 = 100.0%) {0.0%}
2  O                                                                         (0 = 0.0%) {100.0%}

Histogram: ProtoDB.UpdateSuccess.Metadata recorded 1 samples, mean = 1.0 (flags = 0x41)
0  O                                                                         (0 = 0.0%)
1  -O                                                                        (1 = 100.0%) {0.0%}
2  O                                                                         (0 = 0.0%) {100.0%}

Histogram: ProtoDB.UpdateSuccess.SegmentInfoDatabase recorded 11 samples, mean = 1.0 (flags = 0x41)
0  O                                                                         (0 = 0.0%)
1  -----------O                                                              (11 = 100.0%) {0.0%}
2  O                                                                         (0 = 0.0%) {100.0%}

Histogram: Quota.AvailableDiskSpace recorded 2 samples, mean = 653844.0 (flags = 0x41)
0       ... 
561631  --O                                                                       (2 = 100.0%) {0.0%}
655169  ... 

Histogram: Quota.GlobalTemporaryPoolSize recorded 2 samples, mean = 780614.0 (flags = 0x41)
0       ... 
764286  --O                                                                       (2 = 100.0%) {0.0%}
891576  ... 

Histogram: Quota.PercentDiskAvailable recorded 2 samples, mean = 66.5 (flags = 0x41)
0   ... 
66  -O                                                                        (1 = 50.0%) {0.0%}
67  -O                                                                        (1 = 50.0%) {50.0%}
68  ... 

Histogram: Quota.TotalDiskSpace recorded 2 samples, mean = 975767.0 (flags = 0x41)
0       ... 
891576  --O                                                                       (2 = 100.0%) {0.0%}
1040066 ... 

Histogram: Quota.TotalDiskSpaceIsZero recorded 2 samples, mean = 0.0 (flags = 0x41)
0  --O                                                                       (2 = 100.0%)
1  ... 

Histogram: ReadingList.Read.Count.OnModelLoaded.AccountStorage recorded 1 samples, mean = 0.0 (flags = 0x41)
0  -O                                                                        (1 = 100.0%)
1  ... 

Histogram: ReadingList.Read.Count.OnModelLoaded.LocalStorage recorded 1 samples, mean = 0.0 (flags = 0x41)
0  -O                                                                        (1 = 100.0%)
1  ... 

Histogram: ReadingList.Unread.Count.OnModelLoaded.AccountStorage recorded 1 samples, mean = 0.0 (flags = 0x41)
0  -O                                                                        (1 = 100.0%)
1  ... 

Histogram: ReadingList.Unread.Count.OnModelLoaded.LocalStorage recorded 1 samples, mean = 0.0 (flags = 0x41)
0  -O                                                                        (1 = 100.0%)
1  ... 

Histogram: Renderer.Core.Timing.Performance.SwapsPerPerformanceEntryInsertion recorded 50 samples, mean = 1.0 (flags = 0x41)
0   -------------------------------------O                                    (37 = 74.0%)
1   -----O                                                                    (5 = 10.0%) {74.0%}
2   O                                                                         (0 = 0.0%) {84.0%}
3   -O                                                                        (1 = 2.0%) {84.0%}
4   ---O                                                                      (3 = 6.0%) {86.0%}
5   -O                                                                        (1 = 2.0%) {92.0%}
6   --O                                                                       (2 = 4.0%) {94.0%}
7   ... 
11  -O                                                                        (1 = 2.0%) {98.0%}
12  ... 

Histogram: Renderer.CriticalFonts.BlockingResourcesLoadTime recorded 1 samples, mean = 13530.0 (flags = 0x41)
0      ... 
10000  -O                                                                        (1 = 100.0%) {0.0%}

Histogram: Renderer.CriticalFonts.CriticalFontDelay recorded 1 samples, mean = 0.0 (flags = 0x41)
0  -O                                                                        (1 = 100.0%)
1  ... 

Histogram: Renderer.CriticalFonts.PreloadedFontsLoadTime recorded 1 samples, mean = 13357.0 (flags = 0x41)
0      ... 
10000  -O                                                                        (1 = 100.0%) {0.0%}

Histogram: Renderer.Font.PrimaryFont.DomContentLoaded recorded 1 samples, mean = 0.0 (flags = 0x41)
0  -O                                                                        (1 = 100.0%)
1  ... 

Histogram: Renderer.Font.PrimaryFont.DomContentLoaded.Style recorded 1 samples, mean = 0.0 (flags = 0x41)
0  -O                                                                        (1 = 100.0%)
1  ... 

Histogram: Renderer.Font.SystemFallback.DomContentLoaded recorded 1 samples, mean = 0.0 (flags = 0x41)
0  -O                                                                        (1 = 100.0%)
1  ... 

Histogram: Renderer.Layout.TextWrapBalance recorded 3 samples, mean = 0.0 (flags = 0x41)
0  ---O                                                                      (3 = 100.0%)
1  ... 

Histogram: Renderer.ProcessLifetime3 recorded 3 samples, mean = 1386426.6 (flags = 0x41)
0        ... 
3582     -O                                                                        (1 = 33.3%) {0.0%}
4023     ... 
1880444  --O                                                                       (2 = 66.7%) {33.3%}
2111698  ... 

Histogram: Renderer.ProcessLifetime3.Empty recorded 1 samples, mean = 2075640.0 (flags = 0x41)
0        ... 
1880444  -O                                                                        (1 = 100.0%) {0.0%}
2111698  ... 

Histogram: Renderer.ProcessLifetime3.MainFrame recorded 1 samples, mean = 2079630.0 (flags = 0x41)
0        ... 
1880444  -O                                                                        (1 = 100.0%) {0.0%}
2111698  ... 

Histogram: Renderer.ProcessLifetime3.Speculative recorded 1 samples, mean = 4010.0 (flags = 0x41)
0     ... 
3582  -O                                                                        (1 = 100.0%) {0.0%}
4023  ... 

Histogram: Renderer.ReduceSubresourceResponseIPC.DidNotifyBrowser recorded 46 samples, mean = 1.0 (flags = 0x41)
0  O                                                                         (0 = 0.0%)
1  ----------------------------------------------O                           (46 = 100.0%) {0.0%}
2  O                                                                         (0 = 0.0%) {100.0%}

Histogram: Renderer4.GpuRasterizationEnabled recorded 1 samples, mean = 1.0 (flags = 0x41)
0  O                                                                         (0 = 0.0%)
1  -O                                                                        (1 = 100.0%) {0.0%}
2  O                                                                         (0 = 0.0%) {100.0%}

Histogram: RendererScheduler.RendererMainThreadLoad5 recorded 4176 samples, mean = 0.1 (flags = 0x41)
0    ------------------------------------------------------------------------O (4169 = 99.8%)
1    O                                                                         (2 = 0.0%) {99.8%}
2    ... 
9    O                                                                         (1 = 0.0%) {99.9%}
10   ... 
45   O                                                                         (1 = 0.0%) {99.9%}
46   ... 
65   O                                                                         (1 = 0.0%) {99.9%}
66   ... 
73   O                                                                         (1 = 0.0%) {100.0%}
74   ... 
100  O                                                                         (1 = 0.0%) {100.0%}
101  O                                                                         (0 = 0.0%) {100.0%}

Histogram: RendererScheduler.RendererMainThreadLoad5.Background recorded 2078 samples, mean = 0.0 (flags = 0x41)
0  ------------------------------------------------------------------------O (2078 = 100.0%)
1  ... 

Histogram: RendererScheduler.RendererMainThreadLoad5.Background.AfterFifthMinute recorded 1776 samples, mean = 0.0 (flags = 0x41)
0  ------------------------------------------------------------------------O (1776 = 100.0%)
1  ... 

Histogram: RendererScheduler.RendererMainThreadLoad5.Background.AfterFirstMinute recorded 2016 samples, mean = 0.0 (flags = 0x41)
0  ------------------------------------------------------------------------O (2016 = 100.0%)
1  ... 

Histogram: RendererScheduler.RendererMainThreadLoad5.Background.AfterTenthMinute recorded 1476 samples, mean = 0.0 (flags = 0x41)
0  ------------------------------------------------------------------------O (1476 = 100.0%)
1  ... 

Histogram: RendererScheduler.RendererMainThreadLoad5.Foreground recorded 13 samples, mean = 18.3 (flags = 0x41)
0    ----------O                                                               (10 = 76.9%)
1    ... 
65   -O                                                                        (1 = 7.7%) {76.9%}
66   ... 
73   -O                                                                        (1 = 7.7%) {84.6%}
74   ... 
100  -O                                                                        (1 = 7.7%) {92.3%}
101  O                                                                         (0 = 0.0%) {100.0%}

Histogram: RendererScheduler.RendererMainThreadLoad5.Foreground.AfterFirstMinute recorded 2016 samples, mean = 0.0 (flags = 0x41)
0  ------------------------------------------------------------------------O (2016 = 100.0%)
1  ... 

Histogram: ReportingAndNEL.NumberOfLoadedNELPolicies recorded 1 samples, mean = 0.0 (flags = 0x41)
0  -O                                                                        (1 = 100.0%)
1  ... 

Histogram: ReportingAndNEL.NumberOfLoadedNELPolicies2 recorded 1 samples, mean = 0.0 (flags = 0x41)
0  -O                                                                        (1 = 100.0%)
1  ... 

Histogram: ReportingAndNEL.TimeInitializeDB recorded 1 samples, mean = 1.0 (flags = 0x41)
0  O                                                                         (0 = 0.0%)
1  -O                                                                        (1 = 100.0%) {0.0%}
2  ... 

Histogram: ResourceScheduler.RequestQueuingDuration.Priority1 recorded 16 samples, mean = 0.0 (flags = 0x41)
0  ----------------O                                                         (16 = 100.0%)
1  ... 

Histogram: ResourceScheduler.RequestQueuingDuration.Priority2 recorded 29 samples, mean = 0.0 (flags = 0x41)
0  -----------------------------O                                            (29 = 100.0%)
1  ... 

Histogram: ResourceScheduler.RequestQueuingDuration.Priority3 recorded 1 samples, mean = 0.0 (flags = 0x41)
0  -O                                                                        (1 = 100.0%)
1  ... 

Histogram: ResourceScheduler.RequestQueuingDuration.Priority4 recorded 5 samples, mean = 0.0 (flags = 0x41)
0  -----O                                                                    (5 = 100.0%)
1  ... 

Histogram: ResourceScheduler.RequestQueuingDuration.Priority5 recorded 14 samples, mean = 0.0 (flags = 0x41)
0  --------------O                                                           (14 = 100.0%)
1  ... 

Histogram: SBClientPhishing.Classifier.Event recorded 2 samples, mean = 1.0 (flags = 0x41)
0  O                                                                         (0 = 0.0%)
1  --O                                                                       (2 = 100.0%) {0.0%}
2  ... 

Histogram: SBClientPhishing.HighConfidenceAllowlistCheckDuration recorded 1 samples, mean = 4.0 (flags = 0x41)
0  ... 
4  -O                                                                        (1 = 100.0%) {0.0%}
5  ... 

Histogram: SBClientPhishing.ImageEmbedder.Event recorded 2 samples, mean = 1.0 (flags = 0x41)
0  O                                                                         (0 = 0.0%)
1  --O                                                                       (2 = 100.0%) {0.0%}
2  ... 

Histogram: SBClientPhishing.LoadReportTimesFromPrefAtServiceCreationSuccessful recorded 1 samples, mean = 1.0 (flags = 0x41)
0  O                                                                         (0 = 0.0%)
1  -O                                                                        (1 = 100.0%) {0.0%}
2  O                                                                         (0 = 0.0%) {100.0%}

Histogram: SBClientPhishing.MatchHighConfidenceAllowlist recorded 1 samples, mean = 3.0 (flags = 0x41)
0  ... 
3  -O                                                                        (1 = 100.0%) {0.0%}
4  O                                                                         (0 = 0.0%) {100.0%}

Histogram: SBClientPhishing.MatchHighConfidenceAllowlist.TriggerModel recorded 1 samples, mean = 3.0 (flags = 0x41)
0  ... 
3  -O                                                                        (1 = 100.0%) {0.0%}
4  O                                                                         (0 = 0.0%) {100.0%}

Histogram: SBClientPhishing.PreClassificationCheckResult recorded 1 samples, mean = 3.0 (flags = 0x41)
0  ... 
3  -O                                                                        (1 = 100.0%) {0.0%}
4  ... 

Histogram: SBIRS.DroppedIncident recorded 18 samples, mean = 1.0 (flags = 0x41)
0  O                                                                         (0 = 0.0%)
1  ------------------O                                                       (18 = 100.0%) {0.0%}
2  ... 

Histogram: SBIRS.ReceivedIncident recorded 18 samples, mean = 1.0 (flags = 0x41)
0  O                                                                         (0 = 0.0%)
1  ------------------O                                                       (18 = 100.0%) {0.0%}
2  ... 

Histogram: SSL.Experimental.SubresourceResponse recorded 46 samples, mean = 0.0 (flags = 0x41)
0  ----------------------------------------------O                           (46 = 100.0%)
1  ... 

Histogram: SafeBrowsing.AsyncCheck.CommittedNavigationIdsSize recorded 5 samples, mean = 1.6 (flags = 0x41)
0  -O                                                                        (1 = 20.0%)
1  -O                                                                        (1 = 20.0%) {20.0%}
2  --O                                                                       (2 = 40.0%) {40.0%}
3  -O                                                                        (1 = 20.0%) {80.0%}
4  ... 

Histogram: SafeBrowsing.BrowserThrottle.CheckerOnIOLifetime recorded 1 samples, mean = 3924.0 (flags = 0x41)
0     ... 
3900  -O                                                                        (1 = 100.0%) {0.0%}
4955  ... 

Histogram: SafeBrowsing.BrowserThrottle.IntervalBetweenStartAndProcess recorded 1 samples, mean = 3924.0 (flags = 0x41)
0     ... 
3553  -O                                                                        (1 = 100.0%) {0.0%}
4222  ... 

Histogram: SafeBrowsing.BrowserThrottle.IntervalBetweenStartAndProcess.FromNetwork recorded 1 samples, mean = 3924.0 (flags = 0x41)
0     ... 
3553  -O                                                                        (1 = 100.0%) {0.0%}
4222  ... 

Histogram: SafeBrowsing.BrowserThrottle.IsCheckCompletedOnProcessResponse recorded 1 samples, mean = 1.0 (flags = 0x41)
0  O                                                                         (0 = 0.0%)
1  -O                                                                        (1 = 100.0%) {0.0%}
2  O                                                                         (0 = 0.0%) {100.0%}

Histogram: SafeBrowsing.BrowserThrottle.RequestDestination recorded 1 samples, mean = 3.0 (flags = 0x41)
0  ... 
3  -O                                                                        (1 = 100.0%) {0.0%}
4  ... 

Histogram: SafeBrowsing.BrowserThrottle.RequestDestination.Checked recorded 1 samples, mean = 3.0 (flags = 0x41)
0  ... 
3  -O                                                                        (1 = 100.0%) {0.0%}
4  ... 

Histogram: SafeBrowsing.BrowserThrottle.TotalDelay2.FromNetwork recorded 1 samples, mean = 0.0 (flags = 0x41)
0  -O                                                                        (1 = 100.0%)
1  ... 

Histogram: SafeBrowsing.BrowserThrottle.TotalDelay2.HashPrefixDatabaseCheck recorded 2 samples, mean = 0.0 (flags = 0x41)
0  --O                                                                       (2 = 100.0%)
1  ... 

Histogram: SafeBrowsing.BrowserThrottle.WillProcessResponseCount recorded 1 samples, mean = 1.0 (flags = 0x41)
0  O                                                                         (0 = 0.0%)
1  -O                                                                        (1 = 100.0%) {0.0%}
2  ... 

Histogram: SafeBrowsing.CheckBrowseUrl.HasLocalMatch recorded 2 samples, mean = 1.0 (flags = 0x41)
0  O                                                                         (0 = 0.0%)
1  --O                                                                       (2 = 100.0%) {0.0%}
2  O                                                                         (0 = 0.0%) {100.0%}

Histogram: SafeBrowsing.CheckUrl.Action recorded 2 samples, mean = 0.0 (flags = 0x41)
0  --O                                                                       (2 = 100.0%)
1  ... 

Histogram: SafeBrowsing.CheckUrl.FirstRequestThreatType2 recorded 1 samples, mean = 1.0 (flags = 0x41)
0  O                                                                         (0 = 0.0%)
1  -O                                                                        (1 = 100.0%) {0.0%}
2  ... 

Histogram: SafeBrowsing.CheckUrl.FirstRequestThreatType2.LocalPVer4 recorded 1 samples, mean = 1.0 (flags = 0x41)
0  O                                                                         (0 = 0.0%)
1  -O                                                                        (1 = 100.0%) {0.0%}
2  ... 

Histogram: SafeBrowsing.CheckUrl.FirstRequestTimedOut recorded 1 samples, mean = 0.0 (flags = 0x41)
0  -O                                                                        (1 = 100.0%)
1  ... 

Histogram: SafeBrowsing.CheckUrl.FirstRequestTimedOut.LocalPVer4 recorded 1 samples, mean = 0.0 (flags = 0x41)
0  -O                                                                        (1 = 100.0%)
1  ... 

Histogram: SafeBrowsing.CheckUrl.IsDocumentCheckPrefetch recorded 2 samples, mean = 0.0 (flags = 0x41)
0  --O                                                                       (2 = 100.0%)
1  ... 

Histogram: SafeBrowsing.CheckUrl.TimeTaken.HashDatabase recorded 2 samples, mean = 347.0 (flags = 0x41)
0    ... 
7    -O                                                                        (1 = 50.0%) {0.0%}
8    ... 
633  -O                                                                        (1 = 50.0%) {50.0%}
752  ... 

Histogram: SafeBrowsing.CheckUrl.Timeout recorded 2 samples, mean = 0.0 (flags = 0x41)
0  --O                                                                       (2 = 100.0%)
1  ... 

Histogram: SafeBrowsing.CheckUrl.UrlScheme recorded 2 samples, mean = 10.0 (flags = 0x41)
0   ... 
10  --O                                                                       (2 = 100.0%) {0.0%}
11  ... 

Histogram: SafeBrowsing.ClientSidePhishingDetection.AllowlistMatchResult recorded 1 samples, mean = 1.0 (flags = 0x41)
0  O                                                                         (0 = 0.0%)
1  -O                                                                        (1 = 100.0%) {0.0%}
2  ... 

Histogram: SafeBrowsing.FileTypeUpdate.ResourceBundleResult recorded 1 samples (flags = 0x41)
1  -O                                                                        (1 = 100.0%)

Histogram: SafeBrowsing.FileTypeUpdate.ResourceBundleVersion recorded 1 samples (flags = 0x41)
66  -O                                                                        (1 = 100.0%)

Histogram: SafeBrowsing.HPRT.Cache.FullHashCount recorded 3 samples, mean = 0.0 (flags = 0x41)
0  ---O                                                                      (3 = 100.0%)
1  ... 

Histogram: SafeBrowsing.HPRT.Cache.HashPrefixCount recorded 3 samples, mean = 0.0 (flags = 0x41)
0  ---O                                                                      (3 = 100.0%)
1  ... 

Histogram: SafeBrowsing.HPRT.Ineligible.FeatureOff recorded 1 samples, mean = 0.0 (flags = 0x41)
0  -O                                                                        (1 = 100.0%)
1  ... 

Histogram: SafeBrowsing.HPRT.Ineligible.IneligibleForLocation recorded 1 samples, mean = 0.0 (flags = 0x41)
0  -O                                                                        (1 = 100.0%)
1  ... 

Histogram: SafeBrowsing.HPRT.Ineligible.IneligibleForSessionOrLocation recorded 1 samples, mean = 1.0 (flags = 0x41)
0  O                                                                         (0 = 0.0%)
1  -O                                                                        (1 = 100.0%) {0.0%}
2  O                                                                         (0 = 0.0%) {100.0%}

Histogram: SafeBrowsing.HPRT.Ineligible.NoGoogleChromeBranding recorded 1 samples, mean = 1.0 (flags = 0x41)
0  O                                                                         (0 = 0.0%)
1  -O                                                                        (1 = 100.0%) {0.0%}
2  O                                                                         (0 = 0.0%) {100.0%}

Histogram: SafeBrowsing.HPRT.Ineligible.NotAllowedByPolicy recorded 1 samples, mean = 0.0 (flags = 0x41)
0  -O                                                                        (1 = 100.0%)
1  ... 

Histogram: SafeBrowsing.HPRT.Ineligible.NotStandardProtection recorded 1 samples, mean = 0.0 (flags = 0x41)
0  -O                                                                        (1 = 100.0%)
1  ... 

Histogram: SafeBrowsing.HPRT.Ineligible.OffTheRecord recorded 1 samples, mean = 0.0 (flags = 0x41)
0  -O                                                                        (1 = 100.0%)
1  ... 

Histogram: SafeBrowsing.HasCookieAtStartup2 recorded 1 samples, mean = 0.0 (flags = 0x41)
0  -O                                                                        (1 = 100.0%)
1  ... 

Histogram: SafeBrowsing.PageLoadToken.TokenCount recorded 3 samples, mean = 0.0 (flags = 0x41)
0  ---O                                                                      (3 = 100.0%)
1  ... 

Histogram: SafeBrowsing.Pref.Enhanced recorded 1 samples, mean = 0.0 (flags = 0x41)
0  -O                                                                        (1 = 100.0%)
1  ... 

Histogram: SafeBrowsing.Pref.Enhanced.RegularProfile recorded 1 samples, mean = 0.0 (flags = 0x41)
0  -O                                                                        (1 = 100.0%)
1  ... 

Histogram: SafeBrowsing.Pref.Extended recorded 1 samples, mean = 0.0 (flags = 0x41)
0  -O                                                                        (1 = 100.0%)
1  ... 

Histogram: SafeBrowsing.Pref.General recorded 1 samples, mean = 1.0 (flags = 0x41)
0  O                                                                         (0 = 0.0%)
1  -O                                                                        (1 = 100.0%) {0.0%}
2  O                                                                         (0 = 0.0%) {100.0%}

Histogram: SafeBrowsing.RT.CacheManager.CleanUpTime recorded 3 samples, mean = 0.0 (flags = 0x41)
0  ---O                                                                      (3 = 100.0%)
1  ... 

Histogram: SafeBrowsing.RT.CanCheckDatabase recorded 2 samples, mean = 1.0 (flags = 0x41)
0  O                                                                         (0 = 0.0%)
1  --O                                                                       (2 = 100.0%) {0.0%}
2  O                                                                         (0 = 0.0%) {100.0%}

Histogram: SafeBrowsing.RT.ConsumerVersionReason recorded 2 samples, mean = 1.0 (flags = 0x41)
0  -O                                                                        (1 = 50.0%)
1  O                                                                         (0 = 0.0%) {50.0%}
2  -O                                                                        (1 = 50.0%) {50.0%}
3  ... 

Histogram: SafeBrowsing.RendererThrottle.IsCheckCompletedOnProcessResponse recorded 46 samples, mean = 1.0 (flags = 0x41)
0  O                                                                         (0 = 0.0%)
1  ----------------------------------------------O                           (46 = 100.0%) {0.0%}
2  O                                                                         (0 = 0.0%) {100.0%}

Histogram: SafeBrowsing.RendererThrottle.RequestDestination recorded 46 samples, mean = 11.0 (flags = 0x41)
0   -----O                                                                    (5 = 10.9%)
1   ... 
5   -----O                                                                    (5 = 10.9%) {10.9%}
6   ... 
8   -O                                                                        (1 = 2.2%) {21.7%}
9   -O                                                                        (1 = 2.2%) {23.9%}
10  ... 
13  --------------------------O                                               (26 = 56.5%) {26.1%}
14  ... 
16  --------O                                                                 (8 = 17.4%) {82.6%}
17  ... 

Histogram: SafeBrowsing.V4Database.Size recorded 1 samples, mean = 0.0 (flags = 0x41)
0  -O                                                                        (1 = 100.0%)
1  ... 

Histogram: SafeBrowsing.V4Database.Size.ChromeExtMalware recorded 1 samples, mean = 0.0 (flags = 0x41)
0  -O                                                                        (1 = 100.0%)
1  ... 

Histogram: SafeBrowsing.V4Database.Size.UrlBilling recorded 1 samples, mean = 0.0 (flags = 0x41)
0  -O                                                                        (1 = 100.0%)
1  ... 

Histogram: SafeBrowsing.V4Database.Size.UrlCsdDownloadAllowlist recorded 1 samples, mean = 0.0 (flags = 0x41)
0  -O                                                                        (1 = 100.0%)
1  ... 

Histogram: SafeBrowsing.V4Database.Size.UrlMalBin recorded 1 samples, mean = 0.0 (flags = 0x41)
0  -O                                                                        (1 = 100.0%)
1  ... 

Histogram: SafeBrowsing.V4Database.Size.UrlMalware recorded 1 samples, mean = 0.0 (flags = 0x41)
0  -O                                                                        (1 = 100.0%)
1  ... 

Histogram: SafeBrowsing.V4Database.Size.UrlSoceng recorded 1 samples, mean = 0.0 (flags = 0x41)
0  -O                                                                        (1 = 100.0%)
1  ... 

Histogram: SafeBrowsing.V4Database.Size.UrlUws recorded 1 samples, mean = 0.0 (flags = 0x41)
0  -O                                                                        (1 = 100.0%)
1  ... 

Histogram: SafeBrowsing.V4Database.SizeLinear recorded 1 samples, mean = 0.0 (flags = 0x41)
0  -O                                                                        (1 = 100.0%)
1  ... 

Histogram: SafeBrowsing.V4Database.SizeLinear.ChromeExtMalware recorded 1 samples, mean = 0.0 (flags = 0x41)
0  -O                                                                        (1 = 100.0%)
1  ... 

Histogram: SafeBrowsing.V4Database.SizeLinear.UrlMalBin recorded 1 samples, mean = 0.0 (flags = 0x41)
0  -O                                                                        (1 = 100.0%)
1  ... 

Histogram: SafeBrowsing.V4Database.SizeLinear.UrlSoceng recorded 1 samples, mean = 0.0 (flags = 0x41)
0  -O                                                                        (1 = 100.0%)
1  ... 

Histogram: SafeBrowsing.V4DatabaseInitializationTime recorded 1 samples, mean = 9486.0 (flags = 0x41)
0     ... 
8416  -O                                                                        (1 = 100.0%) {0.0%}
10000 O                                                                         (0 = 0.0%) {100.0%}

Histogram: SafeBrowsing.V4Store.IsStoreValid recorded 7 samples, mean = 0.0 (flags = 0x41)
0  -------O                                                                  (7 = 100.0%)
1  ... 

Histogram: SafeBrowsing.V4Store.IsStoreValid.ChromeExtMalware recorded 1 samples, mean = 0.0 (flags = 0x41)
0  -O                                                                        (1 = 100.0%)
1  ... 

Histogram: SafeBrowsing.V4Store.IsStoreValid.UrlBilling recorded 1 samples, mean = 0.0 (flags = 0x41)
0  -O                                                                        (1 = 100.0%)
1  ... 

Histogram: SafeBrowsing.V4Store.IsStoreValid.UrlCsdDownloadAllowlist recorded 1 samples, mean = 0.0 (flags = 0x41)
0  -O                                                                        (1 = 100.0%)
1  ... 

Histogram: SafeBrowsing.V4Store.IsStoreValid.UrlMalBin recorded 1 samples, mean = 0.0 (flags = 0x41)
0  -O                                                                        (1 = 100.0%)
1  ... 

Histogram: SafeBrowsing.V4Store.IsStoreValid.UrlMalware recorded 1 samples, mean = 0.0 (flags = 0x41)
0  -O                                                                        (1 = 100.0%)
1  ... 

Histogram: SafeBrowsing.V4Store.IsStoreValid.UrlSoceng recorded 1 samples, mean = 0.0 (flags = 0x41)
0  -O                                                                        (1 = 100.0%)
1  ... 

Histogram: SafeBrowsing.V4Store.IsStoreValid.UrlUws recorded 1 samples, mean = 0.0 (flags = 0x41)
0  -O                                                                        (1 = 100.0%)
1  ... 

Histogram: SafeBrowsing.V4Store.ReadyOnStartup recorded 7 samples, mean = 0.0 (flags = 0x41)
0  -------O                                                                  (7 = 100.0%)
1  ... 

Histogram: SafeBrowsing.V4StoreRead.Result recorded 7 samples, mean = 2.0 (flags = 0x41)
0  ... 
2  -------O                                                                  (7 = 100.0%) {0.0%}
3  ... 

Histogram: Scheduling.MessagePumpTimeKeeper.BrowserIO recorded 0 samples (flags = 0x41)
0 ... 

Histogram: Scheduling.MessagePumpTimeKeeper.BrowserUI recorded 0 samples (flags = 0x41)
0 ... 

Histogram: Scheduling.Renderer.DrawInterval2 recorded 1 samples, mean = 21747.0 (flags = 0x41)
0      ... 
21739  -O                                                                        (1 = 100.0%) {0.0%}
22727  ... 

Histogram: Scheduling.ThreadController.ActiveIntervalDuration.Any.BrowserIO recorded 1 samples, mean = 0.0 (flags = 0x41)
0  -O                                                                        (1 = 100.0%)
1  ... 

Histogram: Scheduling.ThreadController.ActiveIntervalDuration.Any.BrowserUI recorded 13 samples, mean = 0.0 (flags = 0x41)
0  -------------O                                                            (13 = 100.0%)
1  ... 

Histogram: Scheduling.ThreadController.ActiveIntervalDuration.Any.Other recorded 40 samples, mean = 0.0 (flags = 0x41)
0  ---------------------------------------O                                  (39 = 97.5%)
1  -O                                                                        (1 = 2.5%) {97.5%}
2  ... 

Histogram: Scheduling.ThreadController.ActiveIntervalDuration.Medium.Other recorded 1 samples, mean = 1.0 (flags = 0x41)
0  O                                                                         (0 = 0.0%)
1  -O                                                                        (1 = 100.0%) {0.0%}
2  ... 

Histogram: Scheduling.ThreadController.ActiveIntervalDuration.Short.BrowserIO recorded 1 samples, mean = 11.0 (flags = 0x41)
0   ... 
11  -O                                                                        (1 = 100.0%) {0.0%}
12  ... 

Histogram: Scheduling.ThreadController.ActiveIntervalDuration.Short.BrowserUI recorded 13 samples, mean = 1.5 (flags = 0x41)
0  --O                                                                       (2 = 15.4%)
1  -----O                                                                    (5 = 38.5%) {15.4%}
2  ----O                                                                     (4 = 30.8%) {53.8%}
3  --O                                                                       (2 = 15.4%) {84.6%}
4  ... 

Histogram: Scheduling.ThreadController.ActiveIntervalDuration.Short.Other recorded 39 samples, mean = 52.6 (flags = 0x41)
0    ... 
7    --O                                                                       (2 = 5.1%) {0.0%}
8    -O                                                                        (1 = 2.6%) {5.1%}
9    ----O                                                                     (4 = 10.3%) {7.7%}
10   -------O                                                                  (7 = 17.9%) {17.9%}
11   --O                                                                       (2 = 5.1%) {35.9%}
12   ----O                                                                     (4 = 10.3%) {41.0%}
13   ------O                                                                   (6 = 15.4%) {51.3%}
14   O                                                                         (0 = 0.0%) {66.7%}
15   -O                                                                        (1 = 2.6%) {66.7%}
16   -O                                                                        (1 = 2.6%) {69.2%}
17   -O                                                                        (1 = 2.6%) {71.8%}
18   ... 
20   -O                                                                        (1 = 2.6%) {74.4%}
21   ... 
74   -O                                                                        (1 = 2.6%) {76.9%}
78   ... 
95   -O                                                                        (1 = 2.6%) {79.5%}
100  ... 
116  -O                                                                        (1 = 2.6%) {82.1%}
122  ... 
149  -O                                                                        (1 = 2.6%) {84.6%}
157  -O                                                                        (1 = 2.6%) {87.2%}
165  O                                                                         (0 = 0.0%) {89.7%}
173  -O                                                                        (1 = 2.6%) {89.7%}
182  O                                                                         (0 = 0.0%) {92.3%}
191  -O                                                                        (1 = 2.6%) {92.3%}
201  ... 
331  -O                                                                        (1 = 2.6%) {94.9%}
348  ... 
385  -O                                                                        (1 = 2.6%) {97.4%}
405  ... 

Histogram: Scheduling.ThreadController.ActiveIntervalOffCpuDuration.Any.BrowserIO recorded 1 samples, mean = 0.0 (flags = 0x41)
0  -O                                                                        (1 = 100.0%)
1  ... 

Histogram: Scheduling.ThreadController.ActiveIntervalOffCpuDuration.Any.BrowserUI recorded 13 samples, mean = 0.0 (flags = 0x41)
0  -------------O                                                            (13 = 100.0%)
1  ... 

Histogram: Scheduling.ThreadController.ActiveIntervalOffCpuDuration.Any.Other recorded 40 samples, mean = 0.0 (flags = 0x41)
0  ----------------------------------------O                                 (40 = 100.0%)
1  ... 

Histogram: Scheduling.ThreadController.ActiveIntervalOffCpuDuration.Medium.Other recorded 1 samples, mean = 0.0 (flags = 0x41)
0  -O                                                                        (1 = 100.0%)
1  ... 

Histogram: Scheduling.ThreadController.ActiveIntervalOffCpuDuration.Short.BrowserIO recorded 1 samples, mean = 0.0 (flags = 0x41)
0  -O                                                                        (1 = 100.0%)
1  ... 

Histogram: Scheduling.ThreadController.ActiveIntervalOffCpuDuration.Short.BrowserUI recorded 13 samples, mean = 0.5 (flags = 0x41)
0  -------O                                                                  (7 = 53.8%)
1  ------O                                                                   (6 = 46.2%) {53.8%}
2  ... 

Histogram: Scheduling.ThreadController.ActiveIntervalOffCpuDuration.Short.Other recorded 39 samples, mean = 9.2 (flags = 0x41)
0    ---O                                                                      (3 = 7.7%)
1    -------------------O                                                      (19 = 48.7%) {7.7%}
2    ----------O                                                               (10 = 25.6%) {56.4%}
3    -O                                                                        (1 = 2.6%) {82.1%}
4    ... 
14   -O                                                                        (1 = 2.6%) {84.6%}
15   -O                                                                        (1 = 2.6%) {87.2%}
16   O                                                                         (0 = 0.0%) {89.7%}
17   -O                                                                        (1 = 2.6%) {89.7%}
18   ... 
29   -O                                                                        (1 = 2.6%) {92.3%}
31   ... 
74   -O                                                                        (1 = 2.6%) {94.9%}
78   ... 
165  -O                                                                        (1 = 2.6%) {97.4%}
173  ... 

Histogram: Scheduling.ThreadController.ActiveIntervalOnCpuDuration.Any.BrowserIO recorded 1 samples, mean = 0.0 (flags = 0x41)
0  -O                                                                        (1 = 100.0%)
1  ... 

Histogram: Scheduling.ThreadController.ActiveIntervalOnCpuDuration.Any.BrowserUI recorded 13 samples, mean = 0.0 (flags = 0x41)
0  -------------O                                                            (13 = 100.0%)
1  ... 

Histogram: Scheduling.ThreadController.ActiveIntervalOnCpuDuration.Any.Other recorded 40 samples, mean = 0.0 (flags = 0x41)
0  ---------------------------------------O                                  (39 = 97.5%)
1  -O                                                                        (1 = 2.5%) {97.5%}
2  ... 

Histogram: Scheduling.ThreadController.ActiveIntervalOnCpuDuration.Medium.Other recorded 1 samples, mean = 1.0 (flags = 0x41)
0  O                                                                         (0 = 0.0%)
1  -O                                                                        (1 = 100.0%) {0.0%}
2  ... 

Histogram: Scheduling.ThreadController.ActiveIntervalOnCpuDuration.Short.BrowserIO recorded 1 samples, mean = 11.0 (flags = 0x41)
0   ... 
11  -O                                                                        (1 = 100.0%) {0.0%}
12  ... 

Histogram: Scheduling.ThreadController.ActiveIntervalOnCpuDuration.Short.BrowserUI recorded 13 samples, mean = 1.0 (flags = 0x41)
0  ---O                                                                      (3 = 23.1%)
1  -------O                                                                  (7 = 53.8%) {23.1%}
2  ---O                                                                      (3 = 23.1%) {76.9%}
3  ... 

Histogram: Scheduling.ThreadController.ActiveIntervalOnCpuDuration.Short.Other recorded 39 samples, mean = 43.4 (flags = 0x41)
0    -O                                                                        (1 = 2.6%)
1    ... 
6    -O                                                                        (1 = 2.6%) {2.6%}
7    --O                                                                       (2 = 5.1%) {5.1%}
8    -----O                                                                    (5 = 12.8%) {10.3%}
9    -------O                                                                  (7 = 17.9%) {23.1%}
10   --O                                                                       (2 = 5.1%) {41.0%}
11   ----O                                                                     (4 = 10.3%) {46.2%}
12   -----O                                                                    (5 = 12.8%) {56.4%}
13   O                                                                         (0 = 0.0%) {69.2%}
14   --O                                                                       (2 = 5.1%) {69.2%}
15   -O                                                                        (1 = 2.6%) {74.4%}
16   ... 
18   -O                                                                        (1 = 2.6%) {76.9%}
19   ... 
90   -O                                                                        (1 = 2.6%) {79.5%}
95   ... 
105  -O                                                                        (1 = 2.6%) {82.1%}
110  ... 
142  ---O                                                                      (3 = 7.7%) {84.6%}
149  ... 
165  -O                                                                        (1 = 2.6%) {92.3%}
173  -O                                                                        (1 = 2.6%) {94.9%}
182  ... 
385  -O                                                                        (1 = 2.6%) {97.4%}
405  ... 

Histogram: Scheduling.ThreadController.ActiveIntervalOnCpuPercentage.Any.BrowserIO recorded 1 samples, mean = 100.0 (flags = 0x41)
0    ... 
100  -O                                                                        (1 = 100.0%) {0.0%}
101  O                                                                         (0 = 0.0%) {100.0%}

Histogram: Scheduling.ThreadController.ActiveIntervalOnCpuPercentage.Any.BrowserUI recorded 13 samples, mean = 75.5 (flags = 0x41)
0    -O                                                                        (1 = 7.7%)
1    ... 
50   ---O                                                                      (3 = 23.1%) {7.7%}
51   ... 
66   --O                                                                       (2 = 15.4%) {30.8%}
67   ... 
100  -------O                                                                  (7 = 53.8%) {46.2%}
101  O                                                                         (0 = 0.0%) {100.0%}

Histogram: Scheduling.ThreadController.ActiveIntervalOnCpuPercentage.Any.Other recorded 40 samples, mean = 86.8 (flags = 0x41)
0    -O                                                                        (1 = 2.5%)
1    ... 
50   -O                                                                        (1 = 2.5%) {2.5%}
51   ... 
77   -O                                                                        (1 = 2.5%) {5.0%}
78   ... 
80   --O                                                                       (2 = 5.0%) {7.5%}
81   -O                                                                        (1 = 2.5%) {12.5%}
82   -O                                                                        (1 = 2.5%) {15.0%}
83   --O                                                                       (2 = 5.0%) {17.5%}
84   -O                                                                        (1 = 2.5%) {22.5%}
85   -O                                                                        (1 = 2.5%) {25.0%}
86   O                                                                         (0 = 0.0%) {27.5%}
87   -O                                                                        (1 = 2.5%) {27.5%}
88   --O                                                                       (2 = 5.0%) {30.0%}
89   O                                                                         (0 = 0.0%) {35.0%}
90   -------O                                                                  (7 = 17.5%) {35.0%}
91   -----O                                                                    (5 = 12.5%) {52.5%}
92   -----O                                                                    (5 = 12.5%) {65.0%}
93   --O                                                                       (2 = 5.0%) {77.5%}
94   ... 
97   -O                                                                        (1 = 2.5%) {82.5%}
98   -O                                                                        (1 = 2.5%) {85.0%}
99   --O                                                                       (2 = 5.0%) {87.5%}
100  ---O                                                                      (3 = 7.5%) {92.5%}
101  O                                                                         (0 = 0.0%) {100.0%}

Histogram: Scheduling.ThreadController.ActiveIntervalOnCpuPercentage.Medium.Other recorded 1 samples, mean = 99.0 (flags = 0x41)
0   ... 
99  -O                                                                        (1 = 100.0%) {0.0%}
100 ... 

Histogram: Scheduling.ThreadController.ActiveIntervalOnCpuPercentage.Short.BrowserIO recorded 1 samples, mean = 100.0 (flags = 0x41)
0    ... 
100  -O                                                                        (1 = 100.0%) {0.0%}
101  O                                                                         (0 = 0.0%) {100.0%}

Histogram: Scheduling.ThreadController.ActiveIntervalOnCpuPercentage.Short.BrowserUI recorded 13 samples, mean = 75.5 (flags = 0x41)
0    -O                                                                        (1 = 7.7%)
1    ... 
50   ---O                                                                      (3 = 23.1%) {7.7%}
51   ... 
66   --O                                                                       (2 = 15.4%) {30.8%}
67   ... 
100  -------O                                                                  (7 = 53.8%) {46.2%}
101  O                                                                         (0 = 0.0%) {100.0%}

Histogram: Scheduling.ThreadController.ActiveIntervalOnCpuPercentage.Short.Other recorded 39 samples, mean = 86.5 (flags = 0x41)
0    -O                                                                        (1 = 2.6%)
1    ... 
50   -O                                                                        (1 = 2.6%) {2.6%}
51   ... 
77   -O                                                                        (1 = 2.6%) {5.1%}
78   ... 
80   --O                                                                       (2 = 5.1%) {7.7%}
81   -O                                                                        (1 = 2.6%) {12.8%}
82   -O                                                                        (1 = 2.6%) {15.4%}
83   --O                                                                       (2 = 5.1%) {17.9%}
84   -O                                                                        (1 = 2.6%) {23.1%}
85   -O                                                                        (1 = 2.6%) {25.6%}
86   O                                                                         (0 = 0.0%) {28.2%}
87   -O                                                                        (1 = 2.6%) {28.2%}
88   --O                                                                       (2 = 5.1%) {30.8%}
89   O                                                                         (0 = 0.0%) {35.9%}
90   -------O                                                                  (7 = 17.9%) {35.9%}
91   -----O                                                                    (5 = 12.8%) {53.8%}
92   -----O                                                                    (5 = 12.8%) {66.7%}
93   --O                                                                       (2 = 5.1%) {79.5%}
94   ... 
97   -O                                                                        (1 = 2.6%) {84.6%}
98   -O                                                                        (1 = 2.6%) {87.2%}
99   -O                                                                        (1 = 2.6%) {89.7%}
100  ---O                                                                      (3 = 7.7%) {92.3%}
101  O                                                                         (0 = 0.0%) {100.0%}

Histogram: Scheduling.ThreadController.IdleDuration.Any.BrowserIO recorded 1 samples, mean = 3.0 (flags = 0x41)
0  ... 
3  -O                                                                        (1 = 100.0%) {0.0%}
4  ... 

Histogram: Scheduling.ThreadController.IdleDuration.Any.BrowserUI recorded 13 samples, mean = 0.0 (flags = 0x41)
0  -------------O                                                            (13 = 100.0%)
1  ... 

Histogram: Scheduling.ThreadController.IdleDuration.Any.Other recorded 12 samples, mean = 5021.7 (flags = 0x41)
0      -O                                                                        (1 = 8.3%)
1      ... 
81     -O                                                                        (1 = 8.3%) {8.3%}
96     ---O                                                                      (3 = 25.0%) {16.7%}
114    ... 
894    -O                                                                        (1 = 8.3%) {41.7%}
1062   ... 
1782   -O                                                                        (1 = 8.3%) {50.0%}
2117   ... 
3553   ---O                                                                      (3 = 25.0%) {58.3%}
4222   ... 
10000  --O                                                                       (2 = 16.7%) {83.3%}

Histogram: Scheduling.ThreadController.IdleDuration.Medium.BrowserIO recorded 1 samples, mean = 3.0 (flags = 0x41)
0  ... 
3  -O                                                                        (1 = 100.0%) {0.0%}
4  ... 

Histogram: Scheduling.ThreadController.IdleDuration.Medium.Other recorded 3 samples, mean = 96.7 (flags = 0x41)
0   ... 
92  -O                                                                        (1 = 33.3%) {0.0%}
93  ... 
98  --O                                                                       (2 = 66.7%) {33.3%}
100 O                                                                         (0 = 0.0%) {100.0%}

Histogram: Scheduling.ThreadController.IdleDuration.Short.BrowserUI recorded 13 samples, mean = 14.5 (flags = 0x41)
0   ... 
4   --O                                                                       (2 = 15.4%) {0.0%}
5   -O                                                                        (1 = 7.7%) {15.4%}
6   O                                                                         (0 = 0.0%) {23.1%}
7   -O                                                                        (1 = 7.7%) {23.1%}
8   O                                                                         (0 = 0.0%) {30.8%}
9   -O                                                                        (1 = 7.7%) {30.8%}
10  --O                                                                       (2 = 15.4%) {38.5%}
11  -O                                                                        (1 = 7.7%) {53.8%}
12  -O                                                                        (1 = 7.7%) {61.5%}
13  -O                                                                        (1 = 7.7%) {69.2%}
14  ... 
18  -O                                                                        (1 = 7.7%) {76.9%}
19  ... 
31  -O                                                                        (1 = 7.7%) {84.6%}
33  ... 
52  -O                                                                        (1 = 7.7%) {92.3%}
55  ... 

Histogram: Scheduling.ThreadController.IdleDuration.Short.Other recorded 1 samples, mean = 264.0 (flags = 0x41)
0    ... 
258  -O                                                                        (1 = 100.0%) {0.0%}
271  ... 

Histogram: Search.ChoiceReprompt recorded 1 samples, mean = 6.0 (flags = 0x41)
0  ... 
6  -O                                                                        (1 = 100.0%) {0.0%}
7  O                                                                         (0 = 0.0%) {100.0%}

Histogram: Search.SearchProviderOverrideStatus recorded 1 samples, mean = 0.0 (flags = 0x41)
0  -O                                                                        (1 = 100.0%)
1  ... 

Histogram: Security.GwpAsan.Activated.Malloc.Browser recorded 1 samples, mean = 0.0 (flags = 0x41)
0  -O                                                                        (1 = 100.0%)
1  ... 

Histogram: Security.GwpAsan.Activated.PartitionAlloc.Browser recorded 1 samples, mean = 0.0 (flags = 0x41)
0  -O                                                                        (1 = 100.0%)
1  ... 

Histogram: Security.HttpsFirstMode.SettingEnabledAtStartup recorded 1 samples, mean = 0.0 (flags = 0x41)
0  -O                                                                        (1 = 100.0%)
1  ... 

Histogram: Security.JSONParser.ChromiumExtensionUsage recorded 1 samples, mean = 1.0 (flags = 0x41)
0  O                                                                         (0 = 0.0%)
1  -O                                                                        (1 = 100.0%) {0.0%}
2  ... 

Histogram: Security.JSONParser.ParsingTime recorded 17 samples, mean = 33.1 (flags = 0x41)
0    O                                                                         (0 = 0.0%)
1    -O                                                                        (1 = 5.9%) {0.0%}
2    O                                                                         (0 = 0.0%) {5.9%}
3    --O                                                                       (2 = 11.8%) {5.9%}
4    --O                                                                       (2 = 11.8%) {17.6%}
5    -O                                                                        (1 = 5.9%) {29.4%}
7    -O                                                                        (1 = 5.9%) {35.3%}
9    -O                                                                        (1 = 5.9%) {41.2%}
12   -O                                                                        (1 = 5.9%) {47.1%}
16   O                                                                         (0 = 0.0%) {52.9%}
21   -O                                                                        (1 = 5.9%) {52.9%}
28   -O                                                                        (1 = 5.9%) {58.8%}
37   --O                                                                       (2 = 11.8%) {64.7%}
49   -O                                                                        (1 = 5.9%) {76.5%}
65   -O                                                                        (1 = 5.9%) {82.4%}
86   -O                                                                        (1 = 5.9%) {88.2%}
113  O                                                                         (0 = 0.0%) {94.1%}
149  -O                                                                        (1 = 5.9%) {94.1%}
196  ... 

Histogram: Security.NavigationRequestSecurityLevel recorded 2 samples, mean = 1.0 (flags = 0x41)
0  O                                                                         (0 = 0.0%)
1  --O                                                                       (2 = 100.0%) {0.0%}
2  ... 

Histogram: Security.PageEndReason.SECURE recorded 1 samples, mean = 6.0 (flags = 0x41)
0  ... 
6  -O                                                                        (1 = 100.0%) {0.0%}
7  ... 

Histogram: Security.PageEndReason.SafetyTip_None recorded 1 samples, mean = 6.0 (flags = 0x41)
0  ... 
6  -O                                                                        (1 = 100.0%) {0.0%}
7  ... 

Histogram: Security.PrivateNetworkAccess.CheckResult recorded 61 samples, mean = 2.0 (flags = 0x41)
0   -----------------O                                                        (17 = 27.9%)
1   -------------------------------------O                                    (37 = 60.7%) {27.9%}
2   ... 
12  -------O                                                                  (7 = 11.5%) {88.5%}
13  O                                                                         (0 = 0.0%) {100.0%}

Histogram: Security.SCTAuditing.NumPersistedReportsLoaded recorded 1 samples, mean = 0.0 (flags = 0x41)
0  -O                                                                        (1 = 100.0%)
1  ... 

Histogram: Security.SafetyTips.GetReputationStatusWithEngagedSitesTime recorded 1 samples, mean = 0.0 (flags = 0x41)
0  -O                                                                        (1 = 100.0%)
1  ... 

Histogram: Security.SafetyTips.ReputationCheckComplete.DidFinishNavigation recorded 1 samples, mean = 1.0 (flags = 0x41)
0  O                                                                         (0 = 0.0%)
1  -O                                                                        (1 = 100.0%) {0.0%}
2  ... 

Histogram: Security.SafetyTips.SafetyTipShown recorded 1 samples, mean = 1.0 (flags = 0x41)
0  O                                                                         (0 = 0.0%)
1  -O                                                                        (1 = 100.0%) {0.0%}
2  ... 

Histogram: Security.SafetyTips.StatusWithInitiator.Unknown recorded 1 samples, mean = 1.0 (flags = 0x41)
0  O                                                                         (0 = 0.0%)
1  -O                                                                        (1 = 100.0%) {0.0%}
2  ... 

Histogram: Security.SecurityLevel.OnCommit recorded 1 samples, mean = 3.0 (flags = 0x41)
0  ... 
3  -O                                                                        (1 = 100.0%) {0.0%}
4  ... 

Histogram: Security.SecurityLevel.OnComplete recorded 1 samples, mean = 3.0 (flags = 0x41)
0  ... 
3  -O                                                                        (1 = 100.0%) {0.0%}
4  ... 

Histogram: Security.SiteEngagement.SECURE recorded 1 samples, mean = 6.0 (flags = 0x41)
0  ... 
6  -O                                                                        (1 = 100.0%) {0.0%}
7  ... 

Histogram: Security.SiteEngagement.SafetyTip_None recorded 1 samples, mean = 6.0 (flags = 0x41)
0  ... 
6  -O                                                                        (1 = 100.0%) {0.0%}
7  ... 

Histogram: Security.TimeOnPage2.SECURE recorded 1 samples, mean = 2079632.0 (flags = 0x41)
0        ... 
2028194  -O                                                                        (1 = 100.0%) {0.0%}
2341034  ... 

Histogram: Security.TimeOnPage2.SafetyTip_None recorded 1 samples, mean = 2079632.0 (flags = 0x41)
0        ... 
2028194  -O                                                                        (1 = 100.0%) {0.0%}
2341034  ... 

Histogram: SegmentationPlatform.ClassificationRequest.TotalDuration.DeviceSwitcher recorded 1 samples, mean = 72187.0 (flags = 0x41)
0      ... 
10000  -O                                                                        (1 = 100.0%) {0.0%}

Histogram: SegmentationPlatform.ClassificationRequest.TotalDuration.WebAppInstallationPromo recorded 1 samples, mean = 0.0 (flags = 0x41)
0  -O                                                                        (1 = 100.0%)
1  ... 

Histogram: SegmentationPlatform.Database.StoreUkmEntry recorded 7 samples, mean = 0.0 (flags = 0x41)
0  -------O                                                                  (7 = 100.0%)
1  ... 

Histogram: SegmentationPlatform.Database.UpdateUrlForUkmSource recorded 6 samples, mean = 0.5 (flags = 0x41)
0  ----O                                                                     (4 = 66.7%)
1  -O                                                                        (1 = 16.7%) {66.7%}
2  -O                                                                        (1 = 16.7%) {83.3%}
3  ... 

Histogram: SegmentationPlatform.DefaultModelDelivery.Metadata.FeatureCount.ChromeLowUserEngagement recorded 1 samples, mean = 1.0 (flags = 0x41)
0  O                                                                         (0 = 0.0%)
1  -O                                                                        (1 = 100.0%) {0.0%}
2  ... 

Histogram: SegmentationPlatform.DefaultModelDelivery.Metadata.FeatureCount.ComposePromotion recorded 1 samples, mean = 1.0 (flags = 0x41)
0  O                                                                         (0 = 0.0%)
1  -O                                                                        (1 = 100.0%) {0.0%}
2  ... 

Histogram: SegmentationPlatform.DefaultModelDelivery.Metadata.FeatureCount.CrossDeviceUserSegment recorded 1 samples, mean = 4.0 (flags = 0x41)
0  ... 
4  -O                                                                        (1 = 100.0%) {0.0%}
5  ... 

Histogram: SegmentationPlatform.DefaultModelDelivery.Metadata.FeatureCount.DatabaseApiClients recorded 1 samples, mean = 3.0 (flags = 0x41)
0  ... 
3  -O                                                                        (1 = 100.0%) {0.0%}
4  ... 

Histogram: SegmentationPlatform.DefaultModelDelivery.Metadata.FeatureCount.DeviceSwitcher recorded 1 samples, mean = 1.0 (flags = 0x41)
0  O                                                                         (0 = 0.0%)
1  -O                                                                        (1 = 100.0%) {0.0%}
2  ... 

Histogram: SegmentationPlatform.DefaultModelDelivery.Metadata.FeatureCount.PasswordManagerUser recorded 1 samples, mean = 7.0 (flags = 0x41)
0  ... 
7  -O                                                                        (1 = 100.0%) {0.0%}
8  ... 

Histogram: SegmentationPlatform.DefaultModelDelivery.Metadata.FeatureCount.ResumeHeavyUserSegment recorded 1 samples, mean = 5.0 (flags = 0x41)
0  ... 
5  -O                                                                        (1 = 100.0%) {0.0%}
6  ... 

Histogram: SegmentationPlatform.DefaultModelDelivery.Metadata.FeatureCount.SearchUser recorded 1 samples, mean = 2.0 (flags = 0x41)
0  ... 
2  -O                                                                        (1 = 100.0%) {0.0%}
3  ... 

Histogram: SegmentationPlatform.DefaultModelDelivery.Metadata.FeatureCount.ShoppingUser recorded 1 samples, mean = 2.0 (flags = 0x41)
0  ... 
2  -O                                                                        (1 = 100.0%) {0.0%}
3  ... 

Histogram: SegmentationPlatform.DefaultModelDelivery.Metadata.FeatureCount.UrlVisitResumptionRanker recorded 1 samples, mean = 23.0 (flags = 0x41)
0   ... 
23  -O                                                                        (1 = 100.0%) {0.0%}
26  ... 

Histogram: SegmentationPlatform.DefaultModelDelivery.Metadata.Validation.Processed.ChromeLowUserEngagement recorded 1 samples, mean = 0.0 (flags = 0x41)
0  -O                                                                        (1 = 100.0%)
1  ... 

Histogram: SegmentationPlatform.DefaultModelDelivery.Metadata.Validation.Processed.ComposePromotion recorded 1 samples, mean = 0.0 (flags = 0x41)
0  -O                                                                        (1 = 100.0%)
1  ... 

Histogram: SegmentationPlatform.DefaultModelDelivery.Metadata.Validation.Processed.CrossDeviceUserSegment recorded 1 samples, mean = 0.0 (flags = 0x41)
0  -O                                                                        (1 = 100.0%)
1  ... 

Histogram: SegmentationPlatform.DefaultModelDelivery.Metadata.Validation.Processed.DatabaseApiClients recorded 1 samples, mean = 0.0 (flags = 0x41)
0  -O                                                                        (1 = 100.0%)
1  ... 

Histogram: SegmentationPlatform.DefaultModelDelivery.Metadata.Validation.Processed.DeviceSwitcher recorded 1 samples, mean = 0.0 (flags = 0x41)
0  -O                                                                        (1 = 100.0%)
1  ... 

Histogram: SegmentationPlatform.DefaultModelDelivery.Metadata.Validation.Processed.PasswordManagerUser recorded 1 samples, mean = 0.0 (flags = 0x41)
0  -O                                                                        (1 = 100.0%)
1  ... 

Histogram: SegmentationPlatform.DefaultModelDelivery.Metadata.Validation.Processed.ResumeHeavyUserSegment recorded 1 samples, mean = 0.0 (flags = 0x41)
0  -O                                                                        (1 = 100.0%)
1  ... 

Histogram: SegmentationPlatform.DefaultModelDelivery.Metadata.Validation.Processed.SearchUser recorded 1 samples, mean = 0.0 (flags = 0x41)
0  -O                                                                        (1 = 100.0%)
1  ... 

Histogram: SegmentationPlatform.DefaultModelDelivery.Metadata.Validation.Processed.ShoppingUser recorded 1 samples, mean = 0.0 (flags = 0x41)
0  -O                                                                        (1 = 100.0%)
1  ... 

Histogram: SegmentationPlatform.DefaultModelDelivery.Metadata.Validation.Processed.UrlVisitResumptionRanker recorded 1 samples, mean = 0.0 (flags = 0x41)
0  -O                                                                        (1 = 100.0%)
1  ... 

Histogram: SegmentationPlatform.DefaultModelDelivery.Received recorded 10 samples (flags = 0x41)
16    -O                                                                        (1 = 10.0%)
21    -O                                                                        (1 = 10.0%)
23    -O                                                                        (1 = 10.0%)
27    -O                                                                        (1 = 10.0%)
45    -O                                                                        (1 = 10.0%)
46    -O                                                                        (1 = 10.0%)
1001  -O                                                                        (1 = 10.0%)
1004  -O                                                                        (1 = 10.0%)
1007  -O                                                                        (1 = 10.0%)
1009  -O                                                                        (1 = 10.0%)

Histogram: SegmentationPlatform.DefaultModelDelivery.SaveResult.ChromeLowUserEngagement recorded 1 samples, mean = 1.0 (flags = 0x41)
0  O                                                                         (0 = 0.0%)
1  -O                                                                        (1 = 100.0%) {0.0%}
2  O                                                                         (0 = 0.0%) {100.0%}

Histogram: SegmentationPlatform.DefaultModelDelivery.SaveResult.ComposePromotion recorded 1 samples, mean = 1.0 (flags = 0x41)
0  O                                                                         (0 = 0.0%)
1  -O                                                                        (1 = 100.0%) {0.0%}
2  O                                                                         (0 = 0.0%) {100.0%}

Histogram: SegmentationPlatform.DefaultModelDelivery.SaveResult.CrossDeviceUserSegment recorded 1 samples, mean = 1.0 (flags = 0x41)
0  O                                                                         (0 = 0.0%)
1  -O                                                                        (1 = 100.0%) {0.0%}
2  O                                                                         (0 = 0.0%) {100.0%}

Histogram: SegmentationPlatform.DefaultModelDelivery.SaveResult.DatabaseApiClients recorded 1 samples, mean = 1.0 (flags = 0x41)
0  O                                                                         (0 = 0.0%)
1  -O                                                                        (1 = 100.0%) {0.0%}
2  O                                                                         (0 = 0.0%) {100.0%}

Histogram: SegmentationPlatform.DefaultModelDelivery.SaveResult.DeviceSwitcher recorded 1 samples, mean = 1.0 (flags = 0x41)
0  O                                                                         (0 = 0.0%)
1  -O                                                                        (1 = 100.0%) {0.0%}
2  O                                                                         (0 = 0.0%) {100.0%}

Histogram: SegmentationPlatform.DefaultModelDelivery.SaveResult.PasswordManagerUser recorded 1 samples, mean = 1.0 (flags = 0x41)
0  O                                                                         (0 = 0.0%)
1  -O                                                                        (1 = 100.0%) {0.0%}
2  O                                                                         (0 = 0.0%) {100.0%}

Histogram: SegmentationPlatform.DefaultModelDelivery.SaveResult.ResumeHeavyUserSegment recorded 1 samples, mean = 1.0 (flags = 0x41)
0  O                                                                         (0 = 0.0%)
1  -O                                                                        (1 = 100.0%) {0.0%}
2  O                                                                         (0 = 0.0%) {100.0%}

Histogram: SegmentationPlatform.DefaultModelDelivery.SaveResult.SearchUser recorded 1 samples, mean = 1.0 (flags = 0x41)
0  O                                                                         (0 = 0.0%)
1  -O                                                                        (1 = 100.0%) {0.0%}
2  O                                                                         (0 = 0.0%) {100.0%}

Histogram: SegmentationPlatform.DefaultModelDelivery.SaveResult.ShoppingUser recorded 1 samples, mean = 1.0 (flags = 0x41)
0  O                                                                         (0 = 0.0%)
1  -O                                                                        (1 = 100.0%) {0.0%}
2  O                                                                         (0 = 0.0%) {100.0%}

Histogram: SegmentationPlatform.DefaultModelDelivery.SaveResult.UrlVisitResumptionRanker recorded 1 samples, mean = 1.0 (flags = 0x41)
0  O                                                                         (0 = 0.0%)
1  -O                                                                        (1 = 100.0%) {0.0%}
2  O                                                                         (0 = 0.0%) {100.0%}

Histogram: SegmentationPlatform.DefaultModelDelivery.SegmentIdMatches.ChromeLowUserEngagement recorded 1 samples, mean = 1.0 (flags = 0x41)
0  O                                                                         (0 = 0.0%)
1  -O                                                                        (1 = 100.0%) {0.0%}
2  O                                                                         (0 = 0.0%) {100.0%}

Histogram: SegmentationPlatform.DefaultModelDelivery.SegmentIdMatches.ComposePromotion recorded 1 samples, mean = 1.0 (flags = 0x41)
0  O                                                                         (0 = 0.0%)
1  -O                                                                        (1 = 100.0%) {0.0%}
2  O                                                                         (0 = 0.0%) {100.0%}

Histogram: SegmentationPlatform.DefaultModelDelivery.SegmentIdMatches.CrossDeviceUserSegment recorded 1 samples, mean = 1.0 (flags = 0x41)
0  O                                                                         (0 = 0.0%)
1  -O                                                                        (1 = 100.0%) {0.0%}
2  O                                                                         (0 = 0.0%) {100.0%}

Histogram: SegmentationPlatform.DefaultModelDelivery.SegmentIdMatches.DatabaseApiClients recorded 1 samples, mean = 1.0 (flags = 0x41)
0  O                                                                         (0 = 0.0%)
1  -O                                                                        (1 = 100.0%) {0.0%}
2  O                                                                         (0 = 0.0%) {100.0%}

Histogram: SegmentationPlatform.DefaultModelDelivery.SegmentIdMatches.DeviceSwitcher recorded 1 samples, mean = 1.0 (flags = 0x41)
0  O                                                                         (0 = 0.0%)
1  -O                                                                        (1 = 100.0%) {0.0%}
2  O                                                                         (0 = 0.0%) {100.0%}

Histogram: SegmentationPlatform.DefaultModelDelivery.SegmentIdMatches.PasswordManagerUser recorded 1 samples, mean = 1.0 (flags = 0x41)
0  O                                                                         (0 = 0.0%)
1  -O                                                                        (1 = 100.0%) {0.0%}
2  O                                                                         (0 = 0.0%) {100.0%}

Histogram: SegmentationPlatform.DefaultModelDelivery.SegmentIdMatches.ResumeHeavyUserSegment recorded 1 samples, mean = 1.0 (flags = 0x41)
0  O                                                                         (0 = 0.0%)
1  -O                                                                        (1 = 100.0%) {0.0%}
2  O                                                                         (0 = 0.0%) {100.0%}

Histogram: SegmentationPlatform.DefaultModelDelivery.SegmentIdMatches.SearchUser recorded 1 samples, mean = 1.0 (flags = 0x41)
0  O                                                                         (0 = 0.0%)
1  -O                                                                        (1 = 100.0%) {0.0%}
2  O                                                                         (0 = 0.0%) {100.0%}

Histogram: SegmentationPlatform.DefaultModelDelivery.SegmentIdMatches.ShoppingUser recorded 1 samples, mean = 1.0 (flags = 0x41)
0  O                                                                         (0 = 0.0%)
1  -O                                                                        (1 = 100.0%) {0.0%}
2  O                                                                         (0 = 0.0%) {100.0%}

Histogram: SegmentationPlatform.DefaultModelDelivery.SegmentIdMatches.UrlVisitResumptionRanker recorded 1 samples, mean = 1.0 (flags = 0x41)
0  O                                                                         (0 = 0.0%)
1  -O                                                                        (1 = 100.0%) {0.0%}
2  O                                                                         (0 = 0.0%) {100.0%}

Histogram: SegmentationPlatform.DeviceSwitcher.PostProcessing.TopLabel.Computed recorded 1 samples (flags = 0x41)
7  -O                                                                        (1 = 100.0%)

Histogram: SegmentationPlatform.FeatureProcessing.Error.DeviceSwitcher recorded 1 samples, mean = 7.0 (flags = 0x41)
0  ... 
7  -O                                                                        (1 = 100.0%) {0.0%}
8  O                                                                         (0 = 0.0%) {100.0%}

Histogram: SegmentationPlatform.Init.CreationToInitializationLatency recorded 1 samples, mean = 11886.0 (flags = 0x41)
0      ... 
10165  -O                                                                        (1 = 100.0%) {0.0%}
12916  ... 

Histogram: SegmentationPlatform.Init.ModelUpdatedTimeDifferenceInDays.ChromeLowUserEngagement recorded 1 samples, mean = 0.0 (flags = 0x41)
0  -O                                                                        (1 = 100.0%)
1  ... 

Histogram: SegmentationPlatform.Init.ModelUpdatedTimeDifferenceInDays.ComposePromotion recorded 1 samples, mean = 0.0 (flags = 0x41)
0  -O                                                                        (1 = 100.0%)
1  ... 

Histogram: SegmentationPlatform.Init.ModelUpdatedTimeDifferenceInDays.CrossDeviceUserSegment recorded 1 samples, mean = 0.0 (flags = 0x41)
0  -O                                                                        (1 = 100.0%)
1  ... 

Histogram: SegmentationPlatform.Init.ModelUpdatedTimeDifferenceInDays.DatabaseApiClients recorded 1 samples, mean = 0.0 (flags = 0x41)
0  -O                                                                        (1 = 100.0%)
1  ... 

Histogram: SegmentationPlatform.Init.ModelUpdatedTimeDifferenceInDays.DeviceSwitcher recorded 1 samples, mean = 0.0 (flags = 0x41)
0  -O                                                                        (1 = 100.0%)
1  ... 

Histogram: SegmentationPlatform.Init.ModelUpdatedTimeDifferenceInDays.PasswordManagerUser recorded 1 samples, mean = 0.0 (flags = 0x41)
0  -O                                                                        (1 = 100.0%)
1  ... 

Histogram: SegmentationPlatform.Init.ModelUpdatedTimeDifferenceInDays.ResumeHeavyUserSegment recorded 1 samples, mean = 0.0 (flags = 0x41)
0  -O                                                                        (1 = 100.0%)
1  ... 

Histogram: SegmentationPlatform.Init.ModelUpdatedTimeDifferenceInDays.SearchUser recorded 1 samples, mean = 0.0 (flags = 0x41)
0  -O                                                                        (1 = 100.0%)
1  ... 

Histogram: SegmentationPlatform.Init.ModelUpdatedTimeDifferenceInDays.ShoppingUser recorded 1 samples, mean = 0.0 (flags = 0x41)
0  -O                                                                        (1 = 100.0%)
1  ... 

Histogram: SegmentationPlatform.Init.ModelUpdatedTimeDifferenceInDays.UrlVisitResumptionRanker recorded 1 samples, mean = 0.0 (flags = 0x41)
0  -O                                                                        (1 = 100.0%)
1  ... 

Histogram: SegmentationPlatform.Init.ProcessCreationToServiceCreationLatency recorded 1 samples, mean = 969773440.0 (flags = 0x41)
0       ... 
180000  -O                                                                        (1 = 100.0%) {0.0%}

Histogram: SegmentationPlatform.Maintenance.CleanupSignalSuccessCount recorded 1 samples, mean = 0.0 (flags = 0x41)
0  -O                                                                        (1 = 100.0%)
1  ... 

Histogram: SegmentationPlatform.Maintenance.SignalIdentifierCount recorded 1 samples, mean = 20.0 (flags = 0x41)
0   ... 
20  -O                                                                        (1 = 100.0%) {0.0%}
23  ... 

Histogram: SegmentationPlatform.ModelAvailability.ChromeLowUserEngagement recorded 1 samples, mean = 0.0 (flags = 0x41)
0  -O                                                                        (1 = 100.0%)
1  ... 

Histogram: SegmentationPlatform.ModelAvailability.ComposePromotion recorded 1 samples, mean = 0.0 (flags = 0x41)
0  -O                                                                        (1 = 100.0%)
1  ... 

Histogram: SegmentationPlatform.ModelAvailability.DeviceSwitcher recorded 1 samples, mean = 0.0 (flags = 0x41)
0  -O                                                                        (1 = 100.0%)
1  ... 

Histogram: SegmentationPlatform.ModelAvailability.SearchUser recorded 1 samples, mean = 0.0 (flags = 0x41)
0  -O                                                                        (1 = 100.0%)
1  ... 

Histogram: SegmentationPlatform.ModelAvailability.ShoppingUser recorded 1 samples, mean = 0.0 (flags = 0x41)
0  -O                                                                        (1 = 100.0%)
1  ... 

Histogram: SegmentationPlatform.ModelAvailability.UrlVisitResumptionRanker recorded 1 samples, mean = 0.0 (flags = 0x41)
0  -O                                                                        (1 = 100.0%)
1  ... 

Histogram: SegmentationPlatform.ModelAvailability.WebAppInstallationPromo recorded 1 samples, mean = 0.0 (flags = 0x41)
0  -O                                                                        (1 = 100.0%)
1  ... 

Histogram: SegmentationPlatform.ModelExecution.DefaultProvider.Status.DeviceSwitcher recorded 1 samples, mean = 0.0 (flags = 0x41)
0  -O                                                                        (1 = 100.0%)
1  ... 

Histogram: SegmentationPlatform.ModelExecution.Duration.Model.DeviceSwitcher.Success recorded 1 samples, mean = 0.0 (flags = 0x41)
0  -O                                                                        (1 = 100.0%)
1  ... 

Histogram: SegmentationPlatform.ModelExecution.Duration.Total.DeviceSwitcher.Success recorded 1 samples, mean = 60000.0 (flags = 0x41)
0      ... 
10000  -O                                                                        (1 = 100.0%) {0.0%}

Histogram: SegmentationPlatform.ModelExecution.Result.0.DeviceSwitcher recorded 1 samples, mean = 0.0 (flags = 0x41)
0  -O                                                                        (1 = 100.0%)
1  ... 

Histogram: SegmentationPlatform.ModelExecution.Result.1.DeviceSwitcher recorded 1 samples, mean = 0.0 (flags = 0x41)
0  -O                                                                        (1 = 100.0%)
1  ... 

Histogram: SegmentationPlatform.ModelExecution.Result.2.DeviceSwitcher recorded 1 samples, mean = 0.0 (flags = 0x41)
0  -O                                                                        (1 = 100.0%)
1  ... 

Histogram: SegmentationPlatform.ModelExecution.Result.3.DeviceSwitcher recorded 1 samples, mean = 0.0 (flags = 0x41)
0  -O                                                                        (1 = 100.0%)
1  ... 

Histogram: SegmentationPlatform.ModelExecution.Result.4.DeviceSwitcher recorded 1 samples, mean = 0.0 (flags = 0x41)
0  -O                                                                        (1 = 100.0%)
1  ... 

Histogram: SegmentationPlatform.ModelExecution.Result.5.DeviceSwitcher recorded 1 samples, mean = 0.0 (flags = 0x41)
0  -O                                                                        (1 = 100.0%)
1  ... 

Histogram: SegmentationPlatform.ModelExecution.Result.6.DeviceSwitcher recorded 1 samples, mean = 0.0 (flags = 0x41)
0  -O                                                                        (1 = 100.0%)
1  ... 

Histogram: SegmentationPlatform.ModelExecution.Result.7.DeviceSwitcher recorded 1 samples, mean = 100.0 (flags = 0x41)
0    ... 
100  -O                                                                        (1 = 100.0%) {0.0%}
101  O                                                                         (0 = 0.0%) {100.0%}

Histogram: SegmentationPlatform.ModelExecution.ZeroValuePercent.DeviceSwitcher recorded 1 samples, mean = 90.0 (flags = 0x41)
0   ... 
90  -O                                                                        (1 = 100.0%) {0.0%}
91  ... 

Histogram: SegmentationPlatform.SegmentInfoDatabase.ProtoDBUpdateResult.ChromeLowUserEngagement recorded 1 samples, mean = 1.0 (flags = 0x41)
0  O                                                                         (0 = 0.0%)
1  -O                                                                        (1 = 100.0%) {0.0%}
2  O                                                                         (0 = 0.0%) {100.0%}

Histogram: SegmentationPlatform.SegmentInfoDatabase.ProtoDBUpdateResult.ComposePromotion recorded 1 samples, mean = 1.0 (flags = 0x41)
0  O                                                                         (0 = 0.0%)
1  -O                                                                        (1 = 100.0%) {0.0%}
2  O                                                                         (0 = 0.0%) {100.0%}

Histogram: SegmentationPlatform.SegmentInfoDatabase.ProtoDBUpdateResult.CrossDeviceUserSegment recorded 1 samples, mean = 1.0 (flags = 0x41)
0  O                                                                         (0 = 0.0%)
1  -O                                                                        (1 = 100.0%) {0.0%}
2  O                                                                         (0 = 0.0%) {100.0%}

Histogram: SegmentationPlatform.SegmentInfoDatabase.ProtoDBUpdateResult.DatabaseApiClients recorded 1 samples, mean = 1.0 (flags = 0x41)
0  O                                                                         (0 = 0.0%)
1  -O                                                                        (1 = 100.0%) {0.0%}
2  O                                                                         (0 = 0.0%) {100.0%}

Histogram: SegmentationPlatform.SegmentInfoDatabase.ProtoDBUpdateResult.DeviceSwitcher recorded 1 samples, mean = 1.0 (flags = 0x41)
0  O                                                                         (0 = 0.0%)
1  -O                                                                        (1 = 100.0%) {0.0%}
2  O                                                                         (0 = 0.0%) {100.0%}

Histogram: SegmentationPlatform.SegmentInfoDatabase.ProtoDBUpdateResult.PasswordManagerUser recorded 1 samples, mean = 1.0 (flags = 0x41)
0  O                                                                         (0 = 0.0%)
1  -O                                                                        (1 = 100.0%) {0.0%}
2  O                                                                         (0 = 0.0%) {100.0%}

Histogram: SegmentationPlatform.SegmentInfoDatabase.ProtoDBUpdateResult.ResumeHeavyUserSegment recorded 1 samples, mean = 1.0 (flags = 0x41)
0  O                                                                         (0 = 0.0%)
1  -O                                                                        (1 = 100.0%) {0.0%}
2  O                                                                         (0 = 0.0%) {100.0%}

Histogram: SegmentationPlatform.SegmentInfoDatabase.ProtoDBUpdateResult.SearchUser recorded 1 samples, mean = 1.0 (flags = 0x41)
0  O                                                                         (0 = 0.0%)
1  -O                                                                        (1 = 100.0%) {0.0%}
2  O                                                                         (0 = 0.0%) {100.0%}

Histogram: SegmentationPlatform.SegmentInfoDatabase.ProtoDBUpdateResult.ShoppingUser recorded 1 samples, mean = 1.0 (flags = 0x41)
0  O                                                                         (0 = 0.0%)
1  -O                                                                        (1 = 100.0%) {0.0%}
2  O                                                                         (0 = 0.0%) {100.0%}

Histogram: SegmentationPlatform.SegmentInfoDatabase.ProtoDBUpdateResult.UrlVisitResumptionRanker recorded 1 samples, mean = 1.0 (flags = 0x41)
0  O                                                                         (0 = 0.0%)
1  -O                                                                        (1 = 100.0%) {0.0%}
2  O                                                                         (0 = 0.0%) {100.0%}

Histogram: SegmentationPlatform.SegmentInfoDatabase.ProtoDBUpdateResult.WebAppInstallationPromo recorded 1 samples, mean = 1.0 (flags = 0x41)
0  O                                                                         (0 = 0.0%)
1  -O                                                                        (1 = 100.0%) {0.0%}
2  O                                                                         (0 = 0.0%) {100.0%}

Histogram: SegmentationPlatform.SelectionFailedReason.ChromeLowUserEngagement recorded 2 samples, mean = 14.5 (flags = 0x41)
0   ... 
12  -O                                                                        (1 = 50.0%) {0.0%}
13  ... 
17  -O                                                                        (1 = 50.0%) {50.0%}
18  ... 

Histogram: SegmentationPlatform.SelectionFailedReason.ComposePromotion recorded 1 samples, mean = 17.0 (flags = 0x41)
0   ... 
17  -O                                                                        (1 = 100.0%) {0.0%}
18  ... 

Histogram: SegmentationPlatform.SelectionFailedReason.CrossDeviceUser recorded 2 samples, mean = 14.5 (flags = 0x41)
0   ... 
12  -O                                                                        (1 = 50.0%) {0.0%}
13  ... 
17  -O                                                                        (1 = 50.0%) {50.0%}
18  ... 

Histogram: SegmentationPlatform.SelectionFailedReason.DatabaseApiClients recorded 1 samples, mean = 17.0 (flags = 0x41)
0   ... 
17  -O                                                                        (1 = 100.0%) {0.0%}
18  ... 

Histogram: SegmentationPlatform.SelectionFailedReason.DeviceSwitcher recorded 2 samples, mean = 19.0 (flags = 0x41)
0   ... 
17  -O                                                                        (1 = 50.0%) {0.0%}
18  ... 
21  -O                                                                        (1 = 50.0%) {50.0%}
22  ... 

Histogram: SegmentationPlatform.SelectionFailedReason.PasswordManagerUser recorded 2 samples, mean = 14.5 (flags = 0x41)
0   ... 
12  -O                                                                        (1 = 50.0%) {0.0%}
13  ... 
17  -O                                                                        (1 = 50.0%) {50.0%}
18  ... 

Histogram: SegmentationPlatform.SelectionFailedReason.ResumeHeavyUser recorded 2 samples, mean = 14.5 (flags = 0x41)
0   ... 
12  -O                                                                        (1 = 50.0%) {0.0%}
13  ... 
17  -O                                                                        (1 = 50.0%) {50.0%}
18  ... 

Histogram: SegmentationPlatform.SelectionFailedReason.SearchUser recorded 2 samples, mean = 14.5 (flags = 0x41)
0   ... 
12  -O                                                                        (1 = 50.0%) {0.0%}
13  ... 
17  -O                                                                        (1 = 50.0%) {50.0%}
18  ... 

Histogram: SegmentationPlatform.SelectionFailedReason.ShoppingUser recorded 2 samples, mean = 14.5 (flags = 0x41)
0   ... 
12  -O                                                                        (1 = 50.0%) {0.0%}
13  ... 
17  -O                                                                        (1 = 50.0%) {50.0%}
18  ... 

Histogram: SegmentationPlatform.SelectionFailedReason.URLVisitResumptionRanker recorded 1 samples, mean = 17.0 (flags = 0x41)
0   ... 
17  -O                                                                        (1 = 100.0%) {0.0%}
18  ... 

Histogram: SegmentationPlatform.SelectionFailedReason.WebAppInstallationPromo recorded 3 samples, mean = 17.3 (flags = 0x41)
0   ... 
11  -O                                                                        (1 = 33.3%) {0.0%}
12  ... 
17  -O                                                                        (1 = 33.3%) {33.3%}
18  ... 
24  -O                                                                        (1 = 33.3%) {66.7%}
25  ... 

Histogram: SegmentationPlatform.Signals.ListeningCount.HistogramEnum recorded 1 samples, mean = 7.0 (flags = 0x41)
0  ... 
7  -O                                                                        (1 = 100.0%) {0.0%}
8  ... 

Histogram: SegmentationPlatform.Signals.ListeningCount.HistogramValue recorded 1 samples, mean = 6.0 (flags = 0x41)
0  ... 
6  -O                                                                        (1 = 100.0%) {0.0%}
7  ... 

Histogram: SegmentationPlatform.Signals.ListeningCount.UserAction recorded 1 samples, mean = 7.0 (flags = 0x41)
0  ... 
7  -O                                                                        (1 = 100.0%) {0.0%}
8  ... 

Histogram: SegmentationPlatform.SyncSessions.TabsCountAtStartup recorded 1 samples, mean = 0.0 (flags = 0x41)
0  -O                                                                        (1 = 100.0%)
1  ... 

Histogram: SegmentationPlatform.UkmDatabase.InitTime recorded 1 samples, mean = 0.0 (flags = 0x41)
0  -O                                                                        (1 = 100.0%)
1  ... 

Histogram: SegmentationPlatform.WebAppInstallationPromo.PostProcessing.TopLabel.Computed recorded 1 samples (flags = 0x41)
-2 -O                                                                        (1 = 100.0%)

Histogram: ServiceWorker.FindRegistrationForClientUrl.IsCalledForNavigation recorded 5 samples, mean = 0.2 (flags = 0x41)
0  ----O                                                                     (4 = 80.0%)
1  -O                                                                        (1 = 20.0%) {80.0%}
2  O                                                                         (0 = 0.0%) {100.0%}

Histogram: ServiceWorker.FindRegistrationForClientUrl.SkippedMojoCall.OnNavigation recorded 1 samples, mean = 0.0 (flags = 0x41)
0  -O                                                                        (1 = 100.0%)
1  ... 

Histogram: ServiceWorker.OnBrowserStartup.SkipServiceWorkerOnFirstNavigation recorded 1 samples, mean = 0.0 (flags = 0x41)
0  -O                                                                        (1 = 100.0%)
1  ... 

Histogram: ServiceWorker.RegisteredStorageKeyCount recorded 1 samples, mean = 0.0 (flags = 0x41)
0  -O                                                                        (1 = 100.0%)
1  ... 

Histogram: ServiceWorker.SkipCallingFindRegistrationForClientUrl recorded 1 samples, mean = 1.0 (flags = 0x41)
0  O                                                                         (0 = 0.0%)
1  -O                                                                        (1 = 100.0%) {0.0%}
2  O                                                                         (0 = 0.0%) {100.0%}

Histogram: ServiceWorker.Storage.ReadInitialDataFromDB.Time recorded 1 samples, mean = 0.0 (flags = 0x41)
0  -O                                                                        (1 = 100.0%)
1  ... 

Histogram: ServiceWorker.Storage.RegisteredStorageKeyCacheInitialization.Time recorded 1 samples, mean = 9493.0 (flags = 0x41)
0     ... 
8000  -O                                                                        (1 = 100.0%) {0.0%}
10165 ... 

Histogram: SessionRestore.UnrecoverableWriteErrorCount recorded 1 samples, mean = 0.0 (flags = 0x41)
0  -O                                                                        (1 = 100.0%)
1  ... 

Histogram: SessionStorageContext.CommitResult recorded 2 samples, mean = 0.0 (flags = 0x41)
0  --O                                                                       (2 = 100.0%)
1  ... 

Histogram: Settings.AdvancedSpellcheck.OnStartup2 recorded 1 samples, mean = 0.0 (flags = 0x41)
0  -O                                                                        (1 = 100.0%)
1  ... 

Histogram: Settings.AutocompleteSearches.OnStartup2 recorded 1 samples, mean = 1.0 (flags = 0x41)
0  O                                                                         (0 = 0.0%)
1  -O                                                                        (1 = 100.0%) {0.0%}
2  O                                                                         (0 = 0.0%) {100.0%}

Histogram: Settings.FingerprintingProtection.Enabled recorded 1 samples, mean = 0.0 (flags = 0x41)
0  -O                                                                        (1 = 100.0%)
1  ... 

Histogram: Settings.FirstPartySets.State recorded 1 samples, mean = 0.0 (flags = 0x41)
0  -O                                                                        (1 = 100.0%)
1  ... 

Histogram: Settings.IpProtection.Enabled recorded 1 samples, mean = 0.0 (flags = 0x41)
0  -O                                                                        (1 = 100.0%)
1  ... 

Histogram: Settings.PreloadStatus.OnStartup3 recorded 1 samples, mean = 1.0 (flags = 0x41)
0  O                                                                         (0 = 0.0%)
1  -O                                                                        (1 = 100.0%) {0.0%}
2  ... 

Histogram: Settings.PrivacySandbox.AdMeasurement.Enabled recorded 1 samples, mean = 0.0 (flags = 0x41)
0  -O                                                                        (1 = 100.0%)
1  ... 

Histogram: Settings.PrivacySandbox.Fledge.Enabled recorded 1 samples, mean = 0.0 (flags = 0x41)
0  -O                                                                        (1 = 100.0%)
1  ... 

Histogram: Settings.PrivacySandbox.Topics.Enabled recorded 1 samples, mean = 0.0 (flags = 0x41)
0  -O                                                                        (1 = 100.0%)
1  ... 

Histogram: Settings.ShowHomeButton2 recorded 1 samples, mean = 0.0 (flags = 0x41)
0  -O                                                                        (1 = 100.0%)
1  ... 

Histogram: Settings.StartupPageLoadSettings2 recorded 1 samples, mean = 5.0 (flags = 0x41)
0  ... 
5  -O                                                                        (1 = 100.0%) {0.0%}
6  ... 

Histogram: Settings.TrackedPreferenceChanged recorded 2 samples, mean = 4.0 (flags = 0x41)
0  ... 
3  -O                                                                        (1 = 50.0%) {0.0%}
4  O                                                                         (0 = 0.0%) {50.0%}
5  -O                                                                        (1 = 50.0%) {50.0%}
6  ... 

Histogram: Settings.TrackedPreferenceChanged.FromRegistry recorded 1 samples, mean = 5.0 (flags = 0x41)
0  ... 
5  -O                                                                        (1 = 100.0%) {0.0%}
6  ... 

Histogram: Settings.TrackedPreferenceCleared recorded 16 samples, mean = 15.8 (flags = 0x41)
0   -O                                                                        (1 = 6.2%)
1   -O                                                                        (1 = 6.2%) {6.2%}
2   -O                                                                        (1 = 6.2%) {12.5%}
3   O                                                                         (0 = 0.0%) {18.8%}
4   -O                                                                        (1 = 6.2%) {18.8%}
5   O                                                                         (0 = 0.0%) {25.0%}
6   -O                                                                        (1 = 6.2%) {25.0%}
7   -O                                                                        (1 = 6.2%) {31.2%}
8   ... 
11  -O                                                                        (1 = 6.2%) {37.5%}
12  ... 
14  -O                                                                        (1 = 6.2%) {43.8%}
15  -O                                                                        (1 = 6.2%) {50.0%}
16  ... 
18  -O                                                                        (1 = 6.2%) {56.2%}
19  ... 
23  -O                                                                        (1 = 6.2%) {62.5%}
24  -O                                                                        (1 = 6.2%) {68.8%}
25  ... 
29  -O                                                                        (1 = 6.2%) {75.0%}
30  ... 
32  -O                                                                        (1 = 6.2%) {81.2%}
33  -O                                                                        (1 = 6.2%) {87.5%}
34  -O                                                                        (1 = 6.2%) {93.8%}
35  O                                                                         (0 = 0.0%) {100.0%}

Histogram: Settings.TrackedPreferenceReset recorded 2 samples, mean = 4.0 (flags = 0x41)
0  ... 
3  -O                                                                        (1 = 50.0%) {0.0%}
4  O                                                                         (0 = 0.0%) {50.0%}
5  -O                                                                        (1 = 50.0%) {50.0%}
6  ... 

Histogram: Settings.TrackedPreferenceUnchanged.FromRegistry recorded 17 samples, mean = 15.1 (flags = 0x41)
0   -O                                                                        (1 = 5.9%)
1   -O                                                                        (1 = 5.9%) {5.9%}
2   -O                                                                        (1 = 5.9%) {11.8%}
3   -O                                                                        (1 = 5.9%) {17.6%}
4   -O                                                                        (1 = 5.9%) {23.5%}
5   O                                                                         (0 = 0.0%) {29.4%}
6   -O                                                                        (1 = 5.9%) {29.4%}
7   -O                                                                        (1 = 5.9%) {35.3%}
8   ... 
11  -O                                                                        (1 = 5.9%) {41.2%}
12  ... 
14  -O                                                                        (1 = 5.9%) {47.1%}
15  -O                                                                        (1 = 5.9%) {52.9%}
16  ... 
18  -O                                                                        (1 = 5.9%) {58.8%}
19  ... 
23  -O                                                                        (1 = 5.9%) {64.7%}
24  -O                                                                        (1 = 5.9%) {70.6%}
25  ... 
29  -O                                                                        (1 = 5.9%) {76.5%}
30  ... 
32  -O                                                                        (1 = 5.9%) {82.4%}
33  -O                                                                        (1 = 5.9%) {88.2%}
34  -O                                                                        (1 = 5.9%) {94.1%}
35  O                                                                         (0 = 0.0%) {100.0%}

Histogram: Settings.TrackingProtection.Enabled recorded 1 samples, mean = 0.0 (flags = 0x41)
0  -O                                                                        (1 = 100.0%)
1  ... 

Histogram: SharedDictionary.TimeInitializeDB recorded 1 samples, mean = 2.0 (flags = 0x41)
0  ... 
2  -O                                                                        (1 = 100.0%) {0.0%}
3  ... 

Histogram: Signin.APIKeyMatchesFeatureOnStartup recorded 3 samples, mean = 0.0 (flags = 0x41)
0  ---O                                                                      (3 = 100.0%)
1  ... 

Histogram: Signin.AccountTracker.CountOfLoadedAccounts recorded 1 samples, mean = 0.0 (flags = 0x41)
0  -O                                                                        (1 = 100.0%)
1  ... 

Histogram: Signin.ExplicitSigninMigration recorded 1 samples, mean = 0.0 (flags = 0x41)
0  -O                                                                        (1 = 100.0%)
1  ... 

Histogram: Signin.HadPreviousSyncAccount.SignedOutOnProfileLoad recorded 1 samples, mean = 0.0 (flags = 0x41)
0  -O                                                                        (1 = 100.0%)
1  ... 

Histogram: Signin.HadPreviousSyncAccount.SyncOffOnProfileLoad recorded 1 samples, mean = 0.0 (flags = 0x41)
0  -O                                                                        (1 = 100.0%)
1  ... 

Histogram: Signin.ListAccountsFailure recorded 1 samples, mean = 0.0 (flags = 0x41)
0  -O                                                                        (1 = 100.0%)
1  ... 

Histogram: Signin.PAMInitialize.PrimaryAccountPrefs recorded 1 samples, mean = 2.0 (flags = 0x41)
0  ... 
2  -O                                                                        (1 = 100.0%) {0.0%}
3  ... 

Histogram: Signin.SigninAllowed recorded 1 samples, mean = 0.0 (flags = 0x41)
0  -O                                                                        (1 = 100.0%)
1  ... 

Histogram: Signin.TokenTable.GetAllTokensSqlStatementValidity recorded 1 samples, mean = 1.0 (flags = 0x41)
0  O                                                                         (0 = 0.0%)
1  -O                                                                        (1 = 100.0%) {0.0%}
2  O                                                                         (0 = 0.0%) {100.0%}

Histogram: SimpleCache.App.CacheSizeOnInit recorded 1 samples, mean = 0.0 (flags = 0x41)
0  -O                                                                        (1 = 100.0%)
1000... 

Histogram: SimpleCache.App.ConsistencyResult recorded 1 samples, mean = 0.0 (flags = 0x41)
0  -O                                                                        (1 = 100.0%)
1  ... 

Histogram: SimpleCache.App.CreationToIndex recorded 1 samples, mean = 3.0 (flags = 0x41)
0  ... 
3  -O                                                                        (1 = 100.0%) {0.0%}
4  ... 

Histogram: SimpleCache.App.IndexFileStateOnLoad recorded 1 samples, mean = 1.0 (flags = 0x41)
0  O                                                                         (0 = 0.0%)
1  -O                                                                        (1 = 100.0%) {0.0%}
2  ... 

Histogram: SimpleCache.App.IndexInitializeMethod recorded 1 samples, mean = 0.0 (flags = 0x41)
0  -O                                                                        (1 = 100.0%)
1  ... 

Histogram: SimpleCache.App.IndexNumEntriesOnInit recorded 1 samples, mean = 0.0 (flags = 0x41)
0  -O                                                                        (1 = 100.0%)
1  ... 

Histogram: SimpleCache.App.IndexRestoreTime recorded 1 samples, mean = 1.0 (flags = 0x41)
0  -O                                                                        (1 = 100.0%)
10 ... 

Histogram: SimpleCache.App.MaxCacheSizeOnInit recorded 1 samples, mean = 0.0 (flags = 0x41)
0  -O                                                                        (1 = 100.0%)
1000... 

Histogram: SimpleCache.App.StaleIndexExtraEntryCount recorded 1 samples, mean = 0.0 (flags = 0x41)
0  -O                                                                        (1 = 100.0%)
1  ... 

Histogram: SimpleCache.App.StaleIndexMissedEntryCount recorded 1 samples, mean = 0.0 (flags = 0x41)
0  -O                                                                        (1 = 100.0%)
1  ... 

Histogram: SimpleCache.App.StaleIndexQuality recorded 1 samples, mean = 0.0 (flags = 0x41)
0  -O                                                                        (1 = 100.0%)
1  ... 

Histogram: SimpleCache.Code.CacheSizeOnInit recorded 1 samples, mean = 1141.0 (flags = 0x41)
0     ... 
1138  -O                                                                        (1 = 100.0%) {0.0%}
1295  ... 

Histogram: SimpleCache.Code.ConsistencyResult recorded 1 samples, mean = 0.0 (flags = 0x41)
0  -O                                                                        (1 = 100.0%)
1  ... 

Histogram: SimpleCache.Code.CreationToIndex recorded 1 samples, mean = 8.0 (flags = 0x41)
0  ... 
8  -O                                                                        (1 = 100.0%) {0.0%}
10 ... 

Histogram: SimpleCache.Code.DiskCloseLatency recorded 29 samples, mean = 0.0 (flags = 0x41)
0  -----------------------------O                                            (29 = 100.0%)
1  ... 

Histogram: SimpleCache.Code.DiskCreateLatency recorded 1 samples, mean = 0.0 (flags = 0x40)
0  -O                                                                        (1 = 100.0%)
1  ... 

Histogram: SimpleCache.Code.DiskOpenLatency recorded 28 samples, mean = 0.0 (flags = 0x41)
0  ----------------------------O                                             (28 = 100.0%)
1  ... 

Histogram: SimpleCache.Code.DiskWriteLatency recorded 1 samples, mean = 0.0 (flags = 0x41)
0  -O                                                                        (1 = 100.0%)
1  ... 

Histogram: SimpleCache.Code.EntryCreationTime recorded 29 samples, mean = 0.0 (flags = 0x41)
0  -----------------------------O                                            (29 = 100.0%)
1  ... 

Histogram: SimpleCache.Code.HeaderSize recorded 4 samples, mean = 37.0 (flags = 0x41)
0   -O                                                                        (1 = 25.0%)
1   ... 
34  --O                                                                       (2 = 50.0%) {25.0%}
40  ... 
68  -O                                                                        (1 = 25.0%) {75.0%}
81  ... 

Histogram: SimpleCache.Code.IndexFileStateOnLoad recorded 1 samples, mean = 1.0 (flags = 0x41)
0  O                                                                         (0 = 0.0%)
1  -O                                                                        (1 = 100.0%) {0.0%}
2  ... 

Histogram: SimpleCache.Code.IndexInitializeMethod recorded 1 samples, mean = 0.0 (flags = 0x41)
0  -O                                                                        (1 = 100.0%)
1  ... 

Histogram: SimpleCache.Code.IndexNumEntriesOnInit recorded 1 samples, mean = 27.0 (flags = 0x41)
0   ... 
25  -O                                                                        (1 = 100.0%) {0.0%}
31  ... 

Histogram: SimpleCache.Code.IndexRestoreTime recorded 1 samples, mean = 1.0 (flags = 0x41)
0  -O                                                                        (1 = 100.0%)
10 ... 

Histogram: SimpleCache.Code.MaxCacheSizeOnInit recorded 1 samples, mean = 327680.0 (flags = 0x41)
0       ... 
297881  -O                                                                        (1 = 100.0%) {0.0%}
339058  ... 

Histogram: SimpleCache.Code.OpenEntryIndexState recorded 34 samples, mean = 1.8 (flags = 0x41)
0  O                                                                         (0 = 0.0%)
1  ------O                                                                   (6 = 17.6%) {0.0%}
2  ----------------------------O                                             (28 = 82.4%) {17.6%}
3  O                                                                         (0 = 0.0%) {100.0%}

Histogram: SimpleCache.Code.StaleIndexExtraEntryCount recorded 1 samples, mean = 0.0 (flags = 0x41)
0  -O                                                                        (1 = 100.0%)
1  ... 

Histogram: SimpleCache.Code.StaleIndexMissedEntryCount recorded 1 samples, mean = 0.0 (flags = 0x41)
0  -O                                                                        (1 = 100.0%)
1  ... 

Histogram: SimpleCache.Code.StaleIndexQuality recorded 1 samples, mean = 0.0 (flags = 0x41)
0  -O                                                                        (1 = 100.0%)
1  ... 

Histogram: SimpleCache.Code.SyncCheckEOFResult recorded 36 samples, mean = 0.0 (flags = 0x40)
0  ------------------------------------O                                     (36 = 100.0%)
1  ... 

Histogram: SimpleCache.Code.SyncCloseResult recorded 29 samples, mean = 0.0 (flags = 0x40)
0  -----------------------------O                                            (29 = 100.0%)
1  ... 

Histogram: SimpleCache.Code.SyncOpenPrefetchMode recorded 28 samples, mean = 0.0 (flags = 0x41)
0  ----------------------------O                                             (28 = 100.0%)
1  ... 

Histogram: SimpleCache.Code.SyncOpenResult recorded 28 samples, mean = 0.0 (flags = 0x40)
0  ----------------------------O                                             (28 = 100.0%)
1  ... 

Histogram: SimpleCache.Code.SyncWriteResult recorded 1 samples, mean = 0.0 (flags = 0x40)
0  -O                                                                        (1 = 100.0%)
1  ... 

Histogram: SiteEngagementService.EngagementScore recorded 1 samples, mean = 6.0 (flags = 0x41)
0  ... 
6  -O                                                                        (1 = 100.0%) {0.0%}
7  ... 

Histogram: SiteEngagementService.EngagementType recorded 1 samples, mean = 0.0 (flags = 0x41)
0  -O                                                                        (1 = 100.0%)
1  ... 

Histogram: SiteEngagementService.MeanEngagement recorded 1 samples, mean = 6.0 (flags = 0x41)
0  ... 
6  -O                                                                        (1 = 100.0%) {0.0%}
7  ... 

Histogram: SiteEngagementService.MedianEngagement recorded 1 samples, mean = 6.0 (flags = 0x41)
0  ... 
6  -O                                                                        (1 = 100.0%) {0.0%}
7  ... 

Histogram: SiteEngagementService.OriginsEngaged recorded 1 samples, mean = 1.0 (flags = 0x41)
0  O                                                                         (0 = 0.0%)
1  -O                                                                        (1 = 100.0%) {0.0%}
2  ... 

Histogram: SiteIsolatedCodeCache.JS.Behaviour recorded 34 samples, mean = 0.5 (flags = 0x41)
0  -------------------------O                                                (25 = 73.5%)
1  -----O                                                                    (5 = 14.7%) {73.5%}
2  O                                                                         (0 = 0.0%) {88.2%}
3  ---O                                                                      (3 = 8.8%) {88.2%}
4  -O                                                                        (1 = 2.9%) {97.1%}
5  ... 

Histogram: SiteIsolatedCodeCache.JS.FetchCodeCache recorded 21 samples, mean = 0.2 (flags = 0x41)
0  ------------------O                                                       (18 = 85.7%)
1  --O                                                                       (2 = 9.5%) {85.7%}
2  -O                                                                        (1 = 4.8%) {95.2%}
3  ... 

Histogram: SiteIsolatedCodeCache.JS.Hit recorded 26 samples, mean = 0.8 (flags = 0x41)
0  -----O                                                                    (5 = 19.2%)
1  ---------------------O                                                    (21 = 80.8%) {19.2%}
2  O                                                                         (0 = 0.0%) {100.0%}

Histogram: SiteIsolatedCodeCache.JS.PotentialMemoryBackedCodeCacheHit recorded 26 samples, mean = 0.0 (flags = 0x41)
0  --------------------------O                                               (26 = 100.0%)
1  ... 

Histogram: SiteIsolatedCodeCache.JS.PotentialMemoryBackedCodeCacheSize2 recorded 6 samples, mean = 1624015.0 (flags = 0x41)
0        ... 
1404020  ------O                                                                   (6 = 100.0%) {0.0%}
2016476  ... 

Histogram: SiteIsolatedCodeCache.WASM.Behaviour recorded 4 samples, mean = 1.0 (flags = 0x41)
0  O                                                                         (0 = 0.0%)
1  ----O                                                                     (4 = 100.0%) {0.0%}
2  ... 

Histogram: SiteIsolation.BrowsingInstance.MaxCountPerProcess recorded 3 samples, mean = 0.7 (flags = 0x41)
0  -O                                                                        (1 = 33.3%)
1  --O                                                                       (2 = 66.7%) {33.3%}
2  ... 

Histogram: SiteIsolation.NewProcessUsedForNavigationWhenSameSiteProcessExists recorded 1 samples, mean = 0.0 (flags = 0x41)
0  -O                                                                        (1 = 100.0%)
1  ... 

Histogram: SiteIsolation.ProcessPerSiteWithMainFrameThreshold.IsDevToolsUser recorded 1 samples, mean = 0.0 (flags = 0x41)
0  -O                                                                        (1 = 100.0%)
1  ... 

Histogram: Skia.SubmitRenderPasses recorded 16 samples, mean = 0.5 (flags = 0x41)
0  ------------O                                                             (12 = 75.0%)
1  --O                                                                       (2 = 12.5%) {75.0%}
2  -O                                                                        (1 = 6.2%) {87.5%}
3  O                                                                         (0 = 0.0%) {93.8%}
4  -O                                                                        (1 = 6.2%) {93.8%}
5  ... 

Histogram: Sql.Statement.Affiliation.VMSteps recorded 15 samples, mean = 15.5 (flags = 0x41)
0   ... 
3   ----O                                                                     (4 = 26.7%) {0.0%}
4   O                                                                         (0 = 0.0%) {26.7%}
5   -O                                                                        (1 = 6.7%) {26.7%}
6   -O                                                                        (1 = 6.7%) {33.3%}
7   ... 
12  -----O                                                                    (5 = 33.3%) {40.0%}
14  ... 
20  -O                                                                        (1 = 6.7%) {73.3%}
24  O                                                                         (0 = 0.0%) {80.0%}
29  -O                                                                        (1 = 6.7%) {80.0%}
34  O                                                                         (0 = 0.0%) {86.7%}
40  -O                                                                        (1 = 6.7%) {86.7%}
48  -O                                                                        (1 = 6.7%) {93.3%}
57  ... 

Histogram: Sql.Statement.BrowsingTopics.VMSteps recorded 12 samples, mean = 8.0 (flags = 0x41)
0   ... 
3   ----O                                                                     (4 = 33.3%) {0.0%}
4   O                                                                         (0 = 0.0%) {33.3%}
5   -O                                                                        (1 = 8.3%) {33.3%}
6   ... 
8   --O                                                                       (2 = 16.7%) {41.7%}
10  O                                                                         (0 = 0.0%) {58.3%}
12  -----O                                                                    (5 = 41.7%) {58.3%}
14  ... 

Histogram: Sql.Statement.Cookie.VMSteps recorded 29 samples, mean = 18.1 (flags = 0x41)
0   ... 
3   ------O                                                                   (6 = 20.7%) {0.0%}
4   O                                                                         (0 = 0.0%) {20.7%}
5   --O                                                                       (2 = 6.9%) {20.7%}
6   O                                                                         (0 = 0.0%) {27.6%}
7   -O                                                                        (1 = 3.4%) {27.6%}
8   O                                                                         (0 = 0.0%) {31.0%}
10  -O                                                                        (1 = 3.4%) {31.0%}
12  ----------O                                                               (10 = 34.5%) {34.5%}
14  ... 
20  ----O                                                                     (4 = 13.8%) {69.0%}
24  -O                                                                        (1 = 3.4%) {82.8%}
29  ... 
57  ----O                                                                     (4 = 13.8%) {86.2%}
68  ... 

Histogram: Sql.Statement.DIPS.VMSteps recorded 23 samples, mean = 12.8 (flags = 0x41)
0   ... 
3   --O                                                                       (2 = 8.7%) {0.0%}
4   O                                                                         (0 = 0.0%) {8.7%}
5   -O                                                                        (1 = 4.3%) {8.7%}
6   ... 
8   ---O                                                                      (3 = 13.0%) {13.0%}
10  -O                                                                        (1 = 4.3%) {26.1%}
12  ---------O                                                                (9 = 39.1%) {30.4%}
14  --O                                                                       (2 = 8.7%) {69.6%}
17  --O                                                                       (2 = 8.7%) {78.3%}
20  --O                                                                       (2 = 8.7%) {87.0%}
24  -O                                                                        (1 = 4.3%) {95.7%}
29  ... 

Histogram: Sql.Statement.FirstPartySets.VMSteps recorded 31 samples, mean = 9.2 (flags = 0x41)
0   ... 
3   ----------O                                                               (10 = 32.3%) {0.0%}
4   O                                                                         (0 = 0.0%) {32.3%}
5   -O                                                                        (1 = 3.2%) {32.3%}
6   ... 
8   ----O                                                                     (4 = 12.9%) {35.5%}
10  ---O                                                                      (3 = 9.7%) {48.4%}
12  -----------O                                                              (11 = 35.5%) {58.1%}
14  ... 
20  -O                                                                        (1 = 3.2%) {93.5%}
24  -O                                                                        (1 = 3.2%) {96.8%}
29  ... 

Histogram: Sql.Statement.History.VMSteps recorded 106 samples, mean = 24.9 (flags = 0x41)
0    ... 
3    --------O                                                                 (8 = 7.5%) {0.0%}
4    O                                                                         (0 = 0.0%) {7.5%}
5    -O                                                                        (1 = 0.9%) {7.5%}
6    --O                                                                       (2 = 1.9%) {8.5%}
7    O                                                                         (0 = 0.0%) {10.4%}
8    ----O                                                                     (4 = 3.8%) {10.4%}
10   ----O                                                                     (4 = 3.8%) {14.2%}
12   ----------------------O                                                   (22 = 20.8%) {17.9%}
14   ---O                                                                      (3 = 2.8%) {38.7%}
17   ----------------------O                                                   (22 = 20.8%) {41.5%}
20   ----------------O                                                         (16 = 15.1%) {62.3%}
24   --------O                                                                 (8 = 7.5%) {77.4%}
29   ---O                                                                      (3 = 2.8%) {84.9%}
34   -O                                                                        (1 = 0.9%) {87.7%}
40   O                                                                         (0 = 0.0%) {88.7%}
48   -O                                                                        (1 = 0.9%) {88.7%}
57   -O                                                                        (1 = 0.9%) {89.6%}
68   -----O                                                                    (5 = 4.7%) {90.6%}
81   -O                                                                        (1 = 0.9%) {95.3%}
96   -O                                                                        (1 = 0.9%) {96.2%}
114  O                                                                         (0 = 0.0%) {97.2%}
135  ---O                                                                      (3 = 2.8%) {97.2%}
160  ... 

Histogram: Sql.Statement.OptOutBlacklist.VMSteps recorded 4 samples, mean = 10.8 (flags = 0x41)
0   ... 
5   -O                                                                        (1 = 25.0%) {0.0%}
6   O                                                                         (0 = 0.0%) {25.0%}
7   -O                                                                        (1 = 25.0%) {25.0%}
8   O                                                                         (0 = 0.0%) {50.0%}
10  -O                                                                        (1 = 25.0%) {50.0%}
12  ... 
20  -O                                                                        (1 = 25.0%) {75.0%}
24  ... 

Histogram: Sql.Statement.Passwords.VMSteps recorded 51 samples, mean = 24.6 (flags = 0x41)
0   ... 
3   ----O                                                                     (4 = 7.8%) {0.0%}
4   O                                                                         (0 = 0.0%) {7.8%}
5   --O                                                                       (2 = 3.9%) {7.8%}
6   ------O                                                                   (6 = 11.8%) {11.8%}
7   ----O                                                                     (4 = 7.8%) {23.5%}
8   ---O                                                                      (3 = 5.9%) {31.4%}
10  O                                                                         (0 = 0.0%) {37.3%}
12  ------------O                                                             (12 = 23.5%) {37.3%}
14  --O                                                                       (2 = 3.9%) {60.8%}
17  O                                                                         (0 = 0.0%) {64.7%}
20  --O                                                                       (2 = 3.9%) {64.7%}
24  ... 
34  --O                                                                       (2 = 3.9%) {68.6%}
40  ----O                                                                     (4 = 7.8%) {72.5%}
48  O                                                                         (0 = 0.0%) {80.4%}
57  ----O                                                                     (4 = 7.8%) {80.4%}
68  ------O                                                                   (6 = 11.8%) {88.2%}
81  ... 

Histogram: Sql.Statement.Predictor.VMSteps recorded 15 samples, mean = 15.4 (flags = 0x41)
0   ... 
3   --O                                                                       (2 = 13.3%) {0.0%}
4   O                                                                         (0 = 0.0%) {13.3%}
5   -O                                                                        (1 = 6.7%) {13.3%}
6   ---O                                                                      (3 = 20.0%) {20.0%}
7   O                                                                         (0 = 0.0%) {40.0%}
8   -O                                                                        (1 = 6.7%) {40.0%}
10  --O                                                                       (2 = 13.3%) {46.7%}
12  -O                                                                        (1 = 6.7%) {60.0%}
14  -O                                                                        (1 = 6.7%) {66.7%}
17  ... 
24  -O                                                                        (1 = 6.7%) {73.3%}
29  -O                                                                        (1 = 6.7%) {80.0%}
34  O                                                                         (0 = 0.0%) {86.7%}
40  -O                                                                        (1 = 6.7%) {86.7%}
48  -O                                                                        (1 = 6.7%) {93.3%}
57  ... 

Histogram: Sql.Statement.Quota.VMSteps recorded 15 samples, mean = 8.8 (flags = 0x41)
0   ... 
3   ----O                                                                     (4 = 26.7%) {0.0%}
4   O                                                                         (0 = 0.0%) {26.7%}
5   -O                                                                        (1 = 6.7%) {26.7%}
6   ... 
8   --O                                                                       (2 = 13.3%) {33.3%}
10  O                                                                         (0 = 0.0%) {46.7%}
12  --------O                                                                 (8 = 53.3%) {46.7%}
14  ... 

Histogram: Sql.Statement.ReportingAndNEL.VMSteps recorded 12 samples, mean = 13.8 (flags = 0x41)
0   ... 
3   --O                                                                       (2 = 16.7%) {0.0%}
4   O                                                                         (0 = 0.0%) {16.7%}
5   -O                                                                        (1 = 8.3%) {16.7%}
6   -O                                                                        (1 = 8.3%) {25.0%}
7   ... 
12  -----O                                                                    (5 = 41.7%) {33.3%}
14  ... 
20  -O                                                                        (1 = 8.3%) {75.0%}
24  O                                                                         (0 = 0.0%) {83.3%}
29  -O                                                                        (1 = 8.3%) {83.3%}
34  -O                                                                        (1 = 8.3%) {91.7%}
40  ... 

Histogram: Sql.Statement.SharedDictionary.VMSteps recorded 20 samples, mean = 9.1 (flags = 0x41)
0   ... 
3   --------O                                                                 (8 = 40.0%) {0.0%}
4   O                                                                         (0 = 0.0%) {40.0%}
5   -O                                                                        (1 = 5.0%) {40.0%}
6   ... 
8   -O                                                                        (1 = 5.0%) {45.0%}
10  O                                                                         (0 = 0.0%) {50.0%}
12  -------O                                                                  (7 = 35.0%) {50.0%}
14  O                                                                         (0 = 0.0%) {85.0%}
17  --O                                                                       (2 = 10.0%) {85.0%}
20  -O                                                                        (1 = 5.0%) {95.0%}
24  ... 

Histogram: Sql.Statement.SharedStorage.VMSteps recorded 3 samples, mean = 7.7 (flags = 0x41)
0   ... 
5   -O                                                                        (1 = 33.3%) {0.0%}
6   ... 
8   -O                                                                        (1 = 33.3%) {33.3%}
10  -O                                                                        (1 = 33.3%) {66.7%}
12  ... 

Histogram: Sql.Statement.Thumbnail.VMSteps recorded 24 samples, mean = 11.6 (flags = 0x41)
0   ... 
3   --------O                                                                 (8 = 33.3%) {0.0%}
4   O                                                                         (0 = 0.0%) {33.3%}
5   -O                                                                        (1 = 4.2%) {33.3%}
6   ... 
8   -O                                                                        (1 = 4.2%) {37.5%}
10  O                                                                         (0 = 0.0%) {41.7%}
12  ----------O                                                               (10 = 41.7%) {41.7%}
14  ... 
20  -O                                                                        (1 = 4.2%) {83.3%}
24  O                                                                         (0 = 0.0%) {87.5%}
29  ---O                                                                      (3 = 12.5%) {87.5%}
34  ... 

Histogram: Sql.Statement.TopSites.VMSteps recorded 13 samples, mean = 12.7 (flags = 0x41)
0   ... 
3   --O                                                                       (2 = 15.4%) {0.0%}
4   O                                                                         (0 = 0.0%) {15.4%}
5   -O                                                                        (1 = 7.7%) {15.4%}
6   ... 
12  ---------O                                                                (9 = 69.2%) {23.1%}
14  ... 
40  -O                                                                        (1 = 7.7%) {92.3%}
48  ... 

Histogram: Sql.Statement.TrustTokens.VMSteps recorded 16 samples, mean = 14.1 (flags = 0x41)
0   ... 
3   --O                                                                       (2 = 12.5%) {0.0%}
4   O                                                                         (0 = 0.0%) {12.5%}
5   -O                                                                        (1 = 6.2%) {12.5%}
6   ---O                                                                      (3 = 18.8%) {18.8%}
7   ... 
10  -O                                                                        (1 = 6.2%) {37.5%}
12  -----O                                                                    (5 = 31.2%) {43.8%}
14  ... 
20  -O                                                                        (1 = 6.2%) {75.0%}
24  O                                                                         (0 = 0.0%) {81.2%}
29  -O                                                                        (1 = 6.2%) {81.2%}
34  --O                                                                       (2 = 12.5%) {87.5%}
40  ... 

Histogram: Sql.Statement.UKMMetrics.VMSteps recorded 31 samples, mean = 14.1 (flags = 0x41)
0   ... 
3   -----O                                                                    (5 = 16.1%) {0.0%}
4   O                                                                         (0 = 0.0%) {16.1%}
5   -O                                                                        (1 = 3.2%) {16.1%}
6   ... 
8   -------O                                                                  (7 = 22.6%) {19.4%}
10  O                                                                         (0 = 0.0%) {41.9%}
12  -------O                                                                  (7 = 22.6%) {41.9%}
14  O                                                                         (0 = 0.0%) {64.5%}
17  -O                                                                        (1 = 3.2%) {64.5%}
20  -------O                                                                  (7 = 22.6%) {67.7%}
24  O                                                                         (0 = 0.0%) {90.3%}
29  -O                                                                        (1 = 3.2%) {90.3%}
34  O                                                                         (0 = 0.0%) {93.5%}
40  --O                                                                       (2 = 6.5%) {93.5%}
48  ... 

Histogram: Sql.Statement.Web.VMSteps recorded 116 samples, mean = 53.1 (flags = 0x41)
0    ... 
3    --------O                                                                 (8 = 6.9%) {0.0%}
4    -O                                                                        (1 = 0.9%) {6.9%}
5    -O                                                                        (1 = 0.9%) {7.8%}
6    ------------O                                                             (12 = 10.3%) {8.6%}
7    ----------O                                                               (10 = 8.6%) {19.0%}
8    ------O                                                                   (6 = 5.2%) {27.6%}
10   ---------O                                                                (9 = 7.8%) {32.8%}
12   --------------O                                                           (14 = 12.1%) {40.5%}
14   -O                                                                        (1 = 0.9%) {52.6%}
17   ---O                                                                      (3 = 2.6%) {53.4%}
20   -O                                                                        (1 = 0.9%) {56.0%}
24   -O                                                                        (1 = 0.9%) {56.9%}
29   --O                                                                       (2 = 1.7%) {57.8%}
34   --O                                                                       (2 = 1.7%) {59.5%}
40   --O                                                                       (2 = 1.7%) {61.2%}
48   ---O                                                                      (3 = 2.6%) {62.9%}
57   ----O                                                                     (4 = 3.4%) {65.5%}
68   ----O                                                                     (4 = 3.4%) {69.0%}
81   --O                                                                       (2 = 1.7%) {72.4%}
96   -------O                                                                  (7 = 6.0%) {74.1%}
114  -----O                                                                    (5 = 4.3%) {80.2%}
135  -------O                                                                  (7 = 6.0%) {84.5%}
160  -----O                                                                    (5 = 4.3%) {90.5%}
190  ------O                                                                   (6 = 5.2%) {94.8%}
226  ... 

Histogram: Sql.vfs.SyncTime recorded 51 samples, mean = 0.3 (flags = 0x41)
0   -----------------------------------------------O                          (47 = 92.2%)
1   ---O                                                                      (3 = 5.9%) {92.2%}
2   ... 
12  -O                                                                        (1 = 2.0%) {98.0%}
14  ... 

Histogram: Stability.Counts2 recorded 8 samples, mean = 24.2 (flags = 0x43)
0   ... 
2   -O                                                                        (1 = 12.5%) {0.0%}
3   ... 
15  -O                                                                        (1 = 12.5%) {12.5%}
16  ... 
26  ---O                                                                      (3 = 37.5%) {25.0%}
27  ... 
33  ---O                                                                      (3 = 37.5%) {62.5%}
34  O                                                                         (0 = 0.0%) {100.0%}

Histogram: Stability.Experimental.PageLoads recorded 1 samples, mean = 17.0 (flags = 0x41)
0   ... 
17  -O                                                                        (1 = 100.0%) {0.0%}
18  O                                                                         (0 = 0.0%) {100.0%}

Histogram: Startup.AfterStartupTaskCount recorded 1 samples, mean = 2.0 (flags = 0x41)
0  ... 
2  -O                                                                        (1 = 100.0%) {0.0%}
3  ... 

Histogram: Startup.AfterStartupTaskDelayedUntilTime recorded 1 samples, mean = 25684.0 (flags = 0x41)
0      ... 
20614  -O                                                                        (1 = 100.0%) {0.0%}
27929  ... 

Histogram: Startup.BrowserMainRunnerImplInitializeLongTime recorded 1 samples, mean = 107.0 (flags = 0x41)
0    ... 
103  -O                                                                        (1 = 100.0%) {0.0%}
119  ... 

Histogram: Startup.BrowserMessageLoopFirstIdle recorded 1 samples, mean = 2089232.0 (flags = 0x41)
0        ... 
2028194  -O                                                                        (1 = 100.0%) {0.0%}
2341034  ... 

Histogram: Startup.BrowserMessageLoopStartTime recorded 1 samples, mean = 127.0 (flags = 0x41)
0    ... 
119  -O                                                                        (1 = 100.0%) {0.0%}
137  ... 

Histogram: Startup.CreateFirstProfile recorded 1 samples, mean = 36.0 (flags = 0x41)
0   ... 
35  -O                                                                        (1 = 100.0%) {0.0%}
47  ... 

Histogram: Startup.FirstWebContents.FinishReason recorded 1 samples, mean = 6.0 (flags = 0x41)
0  ... 
6  -O                                                                        (1 = 100.0%) {0.0%}
7  ... 

Histogram: Startup.LoadTime.ApplicationStartToChromeMain recorded 1 samples, mean = 0.0 (flags = 0x41)
0  -O                                                                        (1 = 100.0%)
1  ... 

Histogram: Startup.LoadTime.ProcessCreateToApplicationStart recorded 1 samples, mean = 15378.0 (flags = 0x41)
0      ... 
15215  -O                                                                        (1 = 100.0%) {0.0%}
20614  ... 

Histogram: Startup.LoadTime.RecordedProcessCreation recorded 1 samples, mean = 1.0 (flags = 0x1)
0  O                                                                         (0 = 0.0%)
1  -O                                                                        (1 = 100.0%) {0.0%}
2  O                                                                         (0 = 0.0%) {100.0%}

Histogram: Startup.PreMainMessageLoopRunImplLongTime recorded 1 samples, mean = 43.0 (flags = 0x41)
0   ... 
43  -O                                                                        (1 = 100.0%) {0.0%}
50  ... 

Histogram: Startup.Temperature recorded 1 samples, mean = 3.0 (flags = 0x41)
0  ... 
3  -O                                                                        (1 = 100.0%) {0.0%}
4  O                                                                         (0 = 0.0%) {100.0%}

Histogram: Storage.Blob.CreateDirectoryResult recorded 1 samples, mean = 0.0 (flags = 0x41)
0  -O                                                                        (1 = 100.0%)
1  ... 

Histogram: Storage.SessionStorage.RendererAreaCacheHit recorded 2 samples, mean = 1.0 (flags = 0x41)
0  -O                                                                        (1 = 50.0%)
1  O                                                                         (0 = 0.0%) {50.0%}
2  -O                                                                        (1 = 50.0%) {50.0%}
3  O                                                                         (0 = 0.0%) {100.0%}

Histogram: Storage.SharedStorage.Database.Timing.OpenImpl recorded 1 samples, mean = 1.0 (flags = 0x41)
0  O                                                                         (0 = 0.0%)
1  -O                                                                        (1 = 100.0%) {0.0%}
2  ... 

Histogram: Storage.SharedStorage.OnShutdown.NumSqlErrors recorded 1 samples, mean = 0.0 (flags = 0x41)
0  -O                                                                        (1 = 100.0%)
1  ... 

Histogram: Storage.SharedStorage.OnShutdown.RecoveryFromInitFailureAttempted recorded 1 samples, mean = 0.0 (flags = 0x41)
0  -O                                                                        (1 = 100.0%)
1  ... 

Histogram: Storage.SharedStorage.OnShutdown.RecoveryOnDiskAttempted recorded 1 samples, mean = 0.0 (flags = 0x41)
0  -O                                                                        (1 = 100.0%)
1  ... 

Histogram: Storage.SharedStorage.Worklet.NumPerPage recorded 1 samples, mean = 0.0 (flags = 0x41)
0  -O                                                                        (1 = 100.0%)
1  ... 

Histogram: Storage.SharedStorage.Worklet.SelectURL.CallsPerPage recorded 1 samples, mean = 0.0 (flags = 0x41)
0  -O                                                                        (1 = 100.0%)
1  ... 

Histogram: Style.InvalidationTime recorded 2 samples, mean = 60.0 (flags = 0x41)
0   ... 
55  --O                                                                       (2 = 100.0%) {0.0%}
76  ... 

Histogram: Style.RebuildLayoutTreeTime recorded 8 samples, mean = 308.9 (flags = 0x41)
0     ... 
21    -O                                                                        (1 = 12.5%) {0.0%}
29    -O                                                                        (1 = 12.5%) {12.5%}
40    ---O                                                                      (3 = 37.5%) {25.0%}
55    O                                                                         (0 = 0.0%) {62.5%}
76    --O                                                                       (2 = 25.0%) {62.5%}
105   ... 
2008  -O                                                                        (1 = 12.5%) {87.5%}
2786  ... 

Histogram: Style.RecalcTime recorded 10 samples, mean = 1333.6 (flags = 0x41)
0     ... 
4     -O                                                                        (1 = 10.0%) {0.0%}
6     ... 
76    -O                                                                        (1 = 10.0%) {10.0%}
105   -O                                                                        (1 = 10.0%) {20.0%}
146   -O                                                                        (1 = 10.0%) {30.0%}
203   -O                                                                        (1 = 10.0%) {40.0%}
282   O                                                                         (0 = 0.0%) {50.0%}
391   -O                                                                        (1 = 10.0%) {50.0%}
542   ... 
2008  --O                                                                       (2 = 20.0%) {60.0%}
2786  -O                                                                        (1 = 10.0%) {80.0%}
3865  -O                                                                        (1 = 10.0%) {90.0%}
5362  ... 

Histogram: SubresourceFilter.MainFrameLoad.RulesetIsAvailableAnyActivationLevel recorded 1 samples, mean = 0.0 (flags = 0x41)
0  -O                                                                        (1 = 100.0%)
1  ... 

Histogram: SubresourceFilter.PageLoad.ActivationDecision recorded 1 samples, mean = 1.0 (flags = 0x41)
0  O                                                                         (0 = 0.0%)
1  -O                                                                        (1 = 100.0%) {0.0%}
2  ... 

Histogram: SubresourceFilter.PageLoad.ActivationList recorded 1 samples, mean = 0.0 (flags = 0x41)
0  -O                                                                        (1 = 100.0%)
1  ... 

Histogram: SubresourceFilter.PageLoad.ActivationState recorded 2 samples, mean = 0.0 (flags = 0x41)
0  --O                                                                       (2 = 100.0%)
1  ... 

Histogram: SubresourceFilter.PageLoad.SafeBrowsingDelay recorded 1 samples, mean = 0.0 (flags = 0x41)
0  -O                                                                        (1 = 100.0%)
1  ... 

Histogram: SubresourceFilter.SafeBrowsing.TotalCheckTime recorded 3 samples, mean = 0.0 (flags = 0x41)
0  ---O                                                                      (3 = 100.0%)
1  ... 

Histogram: Sync.ModelTypeStoreBackendError.ReadRecords recorded 5 samples, mean = 1.0 (flags = 0x41)
0  O                                                                         (0 = 0.0%)
1  -----O                                                                    (5 = 100.0%) {0.0%}
2  ... 

Histogram: Sync.ModelTypeStoreBackendInitializationSuccess recorded 1 samples, mean = 1.0 (flags = 0x41)
0  O                                                                         (0 = 0.0%)
1  -O                                                                        (1 = 100.0%) {0.0%}
2  O                                                                         (0 = 0.0%) {100.0%}

Histogram: Sync.PassphraseType2 recorded 1 samples, mean = 0.0 (flags = 0x41)
0  -O                                                                        (1 = 100.0%)
1  ... 

Histogram: Sync.SyncToSigninMigrationDecision recorded 1 samples, mean = 1.0 (flags = 0x41)
0  O                                                                         (0 = 0.0%)
1  -O                                                                        (1 = 100.0%) {0.0%}
2  ... 

Histogram: Sync.TrustedVaultFileReadStatus recorded 1 samples, mean = 0.0 (flags = 0x41)
0  -O                                                                        (1 = 100.0%)
1  ... 

Histogram: Sync.TrustedVaultFileWriteSuccess recorded 1 samples, mean = 1.0 (flags = 0x41)
0  O                                                                         (0 = 0.0%)
1  -O                                                                        (1 = 100.0%) {0.0%}
2  O                                                                         (0 = 0.0%) {100.0%}

Histogram: TabGroups.CollapsedGroupCountPerLoad recorded 1 samples, mean = 0.0 (flags = 0x41)
0  -O                                                                        (1 = 100.0%)
1  ... 

Histogram: TabGroups.UserCustomizedGroupCountPerLoad recorded 1 samples, mean = 0.0 (flags = 0x41)
0  -O                                                                        (1 = 100.0%)
1  ... 

Histogram: TabGroups.UserGroupCountPerLoad recorded 1 samples, mean = 0.0 (flags = 0x41)
0  -O                                                                        (1 = 100.0%)
1  ... 

Histogram: TabGroups.UserPinnedTabCountPerLoad recorded 1 samples, mean = 0.0 (flags = 0x41)
0  -O                                                                        (1 = 100.0%)
1  ... 

Histogram: Tabs.NewNavigationWithSameOriginTab recorded 1 samples, mean = 0.0 (flags = 0x41)
0  -O                                                                        (1 = 100.0%)
1  ... 

Histogram: Tabs.TabCount recorded 6 samples, mean = 0.0 (flags = 0x41)
0  ------O                                                                   (6 = 100.0%)
1  ... 

Histogram: Tabs.TabCount.PluggedIn recorded 6 samples, mean = 0.0 (flags = 0x41)
0  ------O                                                                   (6 = 100.0%)
1  ... 

Histogram: Tabs.TabCountPerLoad recorded 1 samples, mean = 0.0 (flags = 0x41)
0  -O                                                                        (1 = 100.0%)
1  ... 

Histogram: Tabs.WindowCount recorded 6 samples, mean = 0.0 (flags = 0x41)
0  ------O                                                                   (6 = 100.0%)
1  ... 

Histogram: Tabs.WindowCount.PluggedIn recorded 6 samples, mean = 0.0 (flags = 0x41)
0  ------O                                                                   (6 = 100.0%)
1  ... 

Histogram: ThirdPartyModules.InputMethodEditorsCount recorded 1 samples, mean = 0.0 (flags = 0x41)
0  -O                                                                        (1 = 100.0%)
1  ... 

Histogram: ThreadPool.UnnecessaryWakeup.Browser.Background recorded 5 samples, mean = 1.0 (flags = 0x41)
0  O                                                                         (0 = 0.0%)
1  -----O                                                                    (5 = 100.0%) {0.0%}
2  O                                                                         (0 = 0.0%) {100.0%}

Histogram: ThreadPool.UnnecessaryWakeup.Browser.Foreground recorded 57 samples, mean = 1.0 (flags = 0x41)
0  O                                                                         (0 = 0.0%)
1  ---------------------------------------------------------O                (57 = 100.0%) {0.0%}
2  O                                                                         (0 = 0.0%) {100.0%}

Histogram: ThreadPool.UnnecessaryWakeup.ContentChild.Foreground recorded 11 samples, mean = 1.0 (flags = 0x41)
0  O                                                                         (0 = 0.0%)
1  -----------O                                                              (11 = 100.0%) {0.0%}
2  O                                                                         (0 = 0.0%) {100.0%}

Histogram: ThreadPool.UnnecessaryWakeup.GPU.Foreground recorded 2 samples, mean = 1.0 (flags = 0x41)
0  O                                                                         (0 = 0.0%)
1  --O                                                                       (2 = 100.0%) {0.0%}
2  O                                                                         (0 = 0.0%) {100.0%}

Histogram: ThreadPool.UnnecessaryWakeup.Renderer.Foreground recorded 57 samples, mean = 1.0 (flags = 0x41)
0  O                                                                         (0 = 0.0%)
1  ---------------------------------------------------------O                (57 = 100.0%) {0.0%}
2  O                                                                         (0 = 0.0%) {100.0%}

Histogram: Translate.ApplicationStart.AlwaysTranslateLanguage.Count recorded 1 samples, mean = 0.0 (flags = 0x41)
0  -O                                                                        (1 = 100.0%)
1  ... 

Histogram: Translate.ApplicationStart.NeverTranslateLanguage recorded 1 samples (flags = 0x41)
-74147910-O                                                                        (1 = 100.0%)

Histogram: Translate.ApplicationStart.NeverTranslateLanguage.Count recorded 1 samples, mean = 1.0 (flags = 0x41)
0  O                                                                         (0 = 0.0%)
1  -O                                                                        (1 = 100.0%) {0.0%}
2  ... 

Histogram: Translate.ApplicationStart.NeverTranslateSite.Count recorded 1 samples, mean = 0.0 (flags = 0x41)
0  -O                                                                        (1 = 100.0%)
1  ... 

Histogram: Translate.LanguageDetection.LanguageVerification recorded 1 samples, mean = 2.0 (flags = 0x41)
0  ... 
2  -O                                                                        (1 = 100.0%) {0.0%}
3  ... 

Histogram: Translate.LanguageDeterminedDuration recorded 1 samples, mean = 360.0 (flags = 0x41)
0    ... 
294  -O                                                                        (1 = 100.0%) {0.0%}
398  ... 

Histogram: Translate.PageLoad.FinalSourceLanguage recorded 1 samples (flags = 0x41)
-74147910-O                                                                        (1 = 100.0%)

Histogram: Translate.PageLoad.FinalState recorded 1 samples, mean = 1.0 (flags = 0x41)
0  O                                                                         (0 = 0.0%)
1  -O                                                                        (1 = 100.0%) {0.0%}
2  ... 

Histogram: Translate.PageLoad.FinalTargetLanguage recorded 1 samples (flags = 0x41)
-74147910-O                                                                        (1 = 100.0%)

Histogram: Translate.PageLoad.InitialSourceLanguage recorded 1 samples (flags = 0x41)
-74147910-O                                                                        (1 = 100.0%)

Histogram: Translate.PageLoad.InitialState recorded 1 samples, mean = 1.0 (flags = 0x41)
0  O                                                                         (0 = 0.0%)
1  -O                                                                        (1 = 100.0%) {0.0%}
2  ... 

Histogram: Translate.PageLoad.InitialTargetLanguage recorded 1 samples (flags = 0x41)
-74147910-O                                                                        (1 = 100.0%)

Histogram: Translate.PageLoad.InitialTargetLanguage.Origin recorded 1 samples, mean = 1.0 (flags = 0x41)
0  O                                                                         (0 = 0.0%)
1  -O                                                                        (1 = 100.0%) {0.0%}
2  ... 

Histogram: Translate.PageLoad.IsInitialSourceLanguageInUsersContentLanguages recorded 1 samples, mean = 1.0 (flags = 0x41)
0  O                                                                         (0 = 0.0%)
1  -O                                                                        (1 = 100.0%) {0.0%}
2  O                                                                         (0 = 0.0%) {100.0%}

Histogram: Translate.PageLoad.NumReversions recorded 1 samples, mean = 0.0 (flags = 0x41)
0  -O                                                                        (1 = 100.0%)
1  ... 

Histogram: Translate.PageLoad.NumTargetLanguageChanges recorded 1 samples, mean = 0.0 (flags = 0x41)
0  -O                                                                        (1 = 100.0%)
1  ... 

Histogram: Translate.PageLoad.NumTranslations recorded 1 samples, mean = 0.0 (flags = 0x41)
0  -O                                                                        (1 = 100.0%)
1  ... 

Histogram: Translate.PageLoad.Ranker.Decision recorded 1 samples, mean = 1.0 (flags = 0x41)
0  O                                                                         (0 = 0.0%)
1  -O                                                                        (1 = 100.0%) {0.0%}
2  ... 

Histogram: Translate.PageLoad.Ranker.Version recorded 1 samples (flags = 0x41)
0  -O                                                                        (1 = 100.0%)

Histogram: Translate.PageLoad.TriggerDecision recorded 1 samples, mean = 4.0 (flags = 0x41)
0  ... 
4  -O                                                                        (1 = 100.0%) {0.0%}
5  ... 

Histogram: Translate.Ranker.Model.Status2 recorded 2 samples, mean = 6.5 (flags = 0x41)
0  ... 
6  -O                                                                        (1 = 50.0%) {0.0%}
7  -O                                                                        (1 = 50.0%) {50.0%}
8  O                                                                         (0 = 0.0%) {100.0%}

Histogram: UI.DeviceScale recorded 2 samples (flags = 0x41)
100  -O                                                                        (1 = 50.0%)
150  -O                                                                        (1 = 50.0%)

Histogram: UKM.Entries.Dropped recorded 121 samples, mean = 1.0 (flags = 0x41)
0  O                                                                         (0 = 0.0%)
1  ------------------------------------------------------------------------O (121 = 100.0%) {0.0%}
2  ... 

Histogram: UKM.Entries.Dropped.ByEntryHash recorded 121 samples (flags = 0x41)
58315124    -O                                                                        (1 = 0.8%)
181657211   --O                                                                       (2 = 1.7%)
189164898   -O                                                                        (1 = 0.8%)
251237400   -O                                                                        (1 = 0.8%)
270025173   -O                                                                        (1 = 0.8%)
277070773   -O                                                                        (1 = 0.8%)
385121421   -O                                                                        (1 = 0.8%)
480593958   ---O                                                                      (3 = 2.5%)
532600439   ---O                                                                      (3 = 2.5%)
575234402   -O                                                                        (1 = 0.8%)
624513781   -O                                                                        (1 = 0.8%)
654949485   ------O                                                                   (6 = 5.0%)
661477988   -O                                                                        (1 = 0.8%)
705322609   ---O                                                                      (3 = 2.5%)
805578149   -O                                                                        (1 = 0.8%)
810755299   -O                                                                        (1 = 0.8%)
828084724   -----------------O                                                        (17 = 14.0%)
854760832   -O                                                                        (1 = 0.8%)
888761441   -O                                                                        (1 = 0.8%)
902138984   ---O                                                                      (3 = 2.5%)
986870865   ----O                                                                     (4 = 3.3%)
1004547038  -O                                                                        (1 = 0.8%)
1035062417  -O                                                                        (1 = 0.8%)
1078164680  --O                                                                       (2 = 1.7%)
1149114043  -O                                                                        (1 = 0.8%)
1262170432  ------O                                                                   (6 = 5.0%)
1321082436  --O                                                                       (2 = 1.7%)
1350795912  -O                                                                        (1 = 0.8%)
1354891390  -O                                                                        (1 = 0.8%)
1404242571  -----------------O                                                        (17 = 14.0%)
1548358279  -O                                                                        (1 = 0.8%)
1576109827  -O                                                                        (1 = 0.8%)
1604233346  -------O                                                                  (7 = 5.8%)
1607081943  -O                                                                        (1 = 0.8%)
1663717192  -O                                                                        (1 = 0.8%)
1767609109  -----------O                                                              (11 = 9.1%)
1790338714  -O                                                                        (1 = 0.8%)
1832900131  ----O                                                                     (4 = 3.3%)
1866365893  -O                                                                        (1 = 0.8%)
1871083634  -O                                                                        (1 = 0.8%)
1982793904  -O                                                                        (1 = 0.8%)
2037740339  ----O                                                                     (4 = 3.3%)
2066033668  -O                                                                        (1 = 0.8%)

Histogram: UKM.PersistentLogRecall.Status recorded 1 samples, mean = 1.0 (flags = 0x41)
0  O                                                                         (0 = 0.0%)
1  -O                                                                        (1 = 100.0%) {0.0%}
2  ... 

Histogram: UKM.Sources.Dropped recorded 7 samples, mean = 1.0 (flags = 0x41)
0  O                                                                         (0 = 0.0%)
1  -------O                                                                  (7 = 100.0%) {0.0%}
2  ... 

Histogram: UKM.WebDXFeatureSets.Dropped recorded 2 samples, mean = 1.0 (flags = 0x41)
0  O                                                                         (0 = 0.0%)
1  --O                                                                       (2 = 100.0%) {0.0%}
2  ... 

Histogram: UMA.ChildProcess.Ping.Periodic recorded 12 samples, mean = 1.0 (flags = 0x41)
0  ----O                                                                     (4 = 33.3%)
1  ----O                                                                     (4 = 33.3%) {33.3%}
2  ----O                                                                     (4 = 33.3%) {66.7%}
3  O                                                                         (0 = 0.0%) {100.0%}

Histogram: UMA.ChildProcess.Ping.SharedMemorySetUp recorded 22 samples, mean = 1.0 (flags = 0x41)
0  --------O                                                                 (8 = 36.4%)
1  -------O                                                                  (7 = 31.8%) {36.4%}
2  -------O                                                                  (7 = 31.8%) {68.2%}
3  O                                                                         (0 = 0.0%) {100.0%}

Histogram: UMA.CleanExitBeaconConsistency3 recorded 1 samples, mean = 1.0 (flags = 0x41)
0  O                                                                         (0 = 0.0%)
1  -O                                                                        (1 = 100.0%) {0.0%}
2  ... 

Histogram: UMA.EntropySourceType recorded 1 samples, mean = 1.0 (flags = 0x41)
0  O                                                                         (0 = 0.0%)
1  -O                                                                        (1 = 100.0%) {0.0%}
2  ... 

Histogram: UMA.LocalHistogram recorded 9 samples, mean = 1.0 (flags = 0x40)
0  O                                                                         (0 = 0.0%)
1  ---------O                                                                (9 = 100.0%) {0.0%}
2  O                                                                         (0 = 0.0%) {100.0%}

Histogram: UMA.MachineIdState recorded 1 samples, mean = 2.0 (flags = 0x41)
0  ... 
2  -O                                                                        (1 = 100.0%) {0.0%}
3  ... 

Histogram: UMA.MetricsService.Initialize.Time recorded 1 samples, mean = 29.0 (flags = 0x41)
0   ... 
28  -O                                                                        (1 = 100.0%) {0.0%}
37  ... 

Histogram: UMA.MetricsService.PendingOngoingLogOnDisable recorded 1 samples, mean = 0.0 (flags = 0x41)
0  -O                                                                        (1 = 100.0%)
1  ... 

Histogram: UMA.PersistentAllocator.BrowserMetrics.Errors recorded 0 samples (flags = 0x41)
0 ... 

Histogram: UMA.PersistentAllocator.BrowserMetrics.UsedPct recorded 0 samples (flags = 0x41)
0 ... 

Histogram: UMA.PersistentAllocator.EarlyHistograms.BrowserMetrics recorded 1 samples, mean = 1.0 (flags = 0x41)
0  O                                                                         (0 = 0.0%)
1  -O                                                                        (1 = 100.0%) {0.0%}
2  ... 

Histogram: UMA.PersistentAllocator.EarlyHistograms.GpuMetrics recorded 1 samples, mean = 25.0 (flags = 0x41)
0   ... 
25  -O                                                                        (1 = 100.0%) {0.0%}
26  ... 

Histogram: UMA.PersistentAllocator.EarlyHistograms.RendererMetrics recorded 3 samples, mean = 30.3 (flags = 0x41)
0   ... 
30  ---O                                                                      (3 = 100.0%) {0.0%}
32  ... 

Histogram: UMA.PersistentAllocator.EarlyHistograms.UtilityMetrics recorded 3 samples, mean = 7.0 (flags = 0x41)
0  ... 
7  ---O                                                                      (3 = 100.0%) {0.0%}
8  ... 

Histogram: UMA.PersistentAllocator.FieldTrialAllocator.Errors recorded 0 samples (flags = 0x41)
0 ... 

Histogram: UMA.PersistentAllocator.FieldTrialAllocator.UsedPct recorded 8 samples, mean = 0.0 (flags = 0x41)
0  --------O                                                                 (8 = 100.0%)
1  ... 

Histogram: UMA.PersistentHistograms.InitResult recorded 1 samples, mean = 2.0 (flags = 0x41)
0  ... 
2  -O                                                                        (1 = 100.0%) {0.0%}
3  ... 

Histogram: UMA.Pseudo.PageLoad.LayoutInstability.CumulativeShiftScore recorded 1 samples, mean = 0.0 (flags = 0x41)
0  -O                                                                        (1 = 100.0%)
1  ... 

Histogram: UMA.Pseudo.PageLoad.LayoutInstability.MaxCumulativeShiftScore.SessionWindow.Gap1000ms.Max5000ms2 recorded 1 samples, mean = 0.0 (flags = 0x41)
0  -O                                                                        (1 = 100.0%)
1  ... 

Histogram: UnifiedConsent.MakeSearchesAndBrowsingBetter.OnProfileLoad recorded 1 samples, mean = 0.0 (flags = 0x41)
0  -O                                                                        (1 = 100.0%)
1  ... 

Histogram: V8.CollectSourcePositions recorded 37 samples, mean = 84.5 (flags = 0x41)
0    ... 
5    --O                                                                       (2 = 5.4%) {0.0%}
7    -O                                                                        (1 = 2.7%) {5.4%}
9    -O                                                                        (1 = 2.7%) {8.1%}
12   --O                                                                       (2 = 5.4%) {10.8%}
16   ---O                                                                      (3 = 8.1%) {16.2%}
21   ---O                                                                      (3 = 8.1%) {24.3%}
28   ----O                                                                     (4 = 10.8%) {32.4%}
37   ----O                                                                     (4 = 10.8%) {43.2%}
49   O                                                                         (0 = 0.0%) {54.1%}
65   -----O                                                                    (5 = 13.5%) {54.1%}
86   ---O                                                                      (3 = 8.1%) {67.6%}
113  --O                                                                       (2 = 5.4%) {75.7%}
149  ----O                                                                     (4 = 10.8%) {81.1%}
196  -O                                                                        (1 = 2.7%) {91.9%}
258  O                                                                         (0 = 0.0%) {94.6%}
340  -O                                                                        (1 = 2.7%) {94.6%}
448  -O                                                                        (1 = 2.7%) {97.3%}
590  ... 

Histogram: V8.CompileDeserializeMicroSeconds recorded 20 samples, mean = 7.4 (flags = 0x41)
0   O                                                                         (0 = 0.0%)
1   -O                                                                        (1 = 5.0%) {0.0%}
2   -O                                                                        (1 = 5.0%) {5.0%}
3   -----O                                                                    (5 = 25.0%) {10.0%}
4   --O                                                                       (2 = 10.0%) {35.0%}
5   ----O                                                                     (4 = 20.0%) {45.0%}
7   ---O                                                                      (3 = 15.0%) {65.0%}
9   -O                                                                        (1 = 5.0%) {80.0%}
12  --O                                                                       (2 = 10.0%) {85.0%}
16  ... 
37  -O                                                                        (1 = 5.0%) {95.0%}
49  ... 

Histogram: V8.CompileLazyMicroSeconds recorded 5 samples, mean = 5703.6 (flags = 0x41)
0      ... 
146    -O                                                                        (1 = 20.0%) {0.0%}
203    ... 
1447   -O                                                                        (1 = 20.0%) {20.0%}
2008   -O                                                                        (1 = 20.0%) {40.0%}
2786   O                                                                         (0 = 0.0%) {60.0%}
3865   -O                                                                        (1 = 20.0%) {60.0%}
5362   ... 
14319  -O                                                                        (1 = 20.0%) {80.0%}
19866  ... 

Histogram: V8.CompileMicroSeconds recorded 22 samples, mean = 33.2 (flags = 0x41)
0    ... 
5    ------O                                                                   (6 = 27.3%) {0.0%}
7    ---O                                                                      (3 = 13.6%) {27.3%}
9    --O                                                                       (2 = 9.1%) {40.9%}
12   -O                                                                        (1 = 4.5%) {50.0%}
16   --O                                                                       (2 = 9.1%) {54.5%}
21   -O                                                                        (1 = 4.5%) {63.6%}
28   --O                                                                       (2 = 9.1%) {68.2%}
37   ---O                                                                      (3 = 13.6%) {77.3%}
49   ... 
149  -O                                                                        (1 = 4.5%) {90.9%}
196  -O                                                                        (1 = 4.5%) {95.5%}
258  ... 

Histogram: V8.CompileScript.CacheBehaviour recorded 48 samples, mean = 5.1 (flags = 0x41)
0   ... 
2   --------------------O                                                     (20 = 41.7%) {0.0%}
3   O                                                                         (0 = 0.0%) {41.7%}
4   ----------------O                                                         (16 = 33.3%) {41.7%}
5   ... 
8   --O                                                                       (2 = 4.2%) {75.0%}
9   ... 
12  ------O                                                                   (6 = 12.5%) {79.2%}
13  ----O                                                                     (4 = 8.3%) {91.7%}
14  ... 

Histogram: V8.CompileScriptMicroSeconds recorded 48 samples, mean = 53.4 (flags = 0x41)
0    ... 
2    -O                                                                        (1 = 2.1%) {0.0%}
3    --O                                                                       (2 = 4.2%) {2.1%}
4    --O                                                                       (2 = 4.2%) {6.2%}
5    ------O                                                                   (6 = 12.5%) {10.4%}
7    --O                                                                       (2 = 4.2%) {22.9%}
9    -----O                                                                    (5 = 10.4%) {27.1%}
12   ------O                                                                   (6 = 12.5%) {37.5%}
16   -O                                                                        (1 = 2.1%) {50.0%}
21   ----O                                                                     (4 = 8.3%) {52.1%}
28   ----O                                                                     (4 = 8.3%) {60.4%}
37   ------O                                                                   (6 = 12.5%) {68.8%}
49   --O                                                                       (2 = 4.2%) {81.2%}
65   O                                                                         (0 = 0.0%) {85.4%}
86   -O                                                                        (1 = 2.1%) {85.4%}
113  ---O                                                                      (3 = 6.2%) {87.5%}
149  ... 
258  -O                                                                        (1 = 2.1%) {93.8%}
340  -O                                                                        (1 = 2.1%) {95.8%}
448  O                                                                         (0 = 0.0%) {97.9%}
590  -O                                                                        (1 = 2.1%) {97.9%}
777  ... 

Histogram: V8.CompileScriptMicroSeconds.BackgroundThread recorded 6 samples, mean = 2120.2 (flags = 0x41)
0     ... 
196   -O                                                                        (1 = 16.7%) {0.0%}
258   --O                                                                       (2 = 33.3%) {16.7%}
340   ... 
777   -O                                                                        (1 = 16.7%) {50.0%}
1023  ... 
1774  -O                                                                        (1 = 16.7%) {66.7%}
2336  ... 
7031  -O                                                                        (1 = 16.7%) {83.3%}
9260  ... 

Histogram: V8.CompileScriptMicroSeconds.ConsumeCache recorded 20 samples, mean = 11.1 (flags = 0x41)
0   ... 
2   -O                                                                        (1 = 5.0%) {0.0%}
3   -O                                                                        (1 = 5.0%) {5.0%}
4   ---O                                                                      (3 = 15.0%) {10.0%}
5   -----O                                                                    (5 = 25.0%) {25.0%}
7   --O                                                                       (2 = 10.0%) {50.0%}
9   ---O                                                                      (3 = 15.0%) {60.0%}
12  -O                                                                        (1 = 5.0%) {75.0%}
16  --O                                                                       (2 = 10.0%) {80.0%}
21  ... 
37  --O                                                                       (2 = 10.0%) {90.0%}
49  ... 

Histogram: V8.CompileScriptMicroSeconds.ConsumeCache.BackgroundThread recorded 20 samples, mean = 249.1 (flags = 0x41)
0     ... 
21    ---O                                                                      (3 = 15.0%) {0.0%}
28    --O                                                                       (2 = 10.0%) {15.0%}
37    -O                                                                        (1 = 5.0%) {25.0%}
49    ------O                                                                   (6 = 30.0%) {30.0%}
65    -O                                                                        (1 = 5.0%) {60.0%}
86    --O                                                                       (2 = 10.0%) {65.0%}
113   --O                                                                       (2 = 10.0%) {75.0%}
149   -O                                                                        (1 = 5.0%) {85.0%}
196   -O                                                                        (1 = 5.0%) {90.0%}
258   ... 
3077  -O                                                                        (1 = 5.0%) {95.0%}
4053  ... 

Histogram: V8.CompileScriptMicroSeconds.NoCache.InlineScript recorded 16 samples, mean = 69.7 (flags = 0x41)
0    ... 
12   -O                                                                        (1 = 6.2%) {0.0%}
16   -O                                                                        (1 = 6.2%) {6.2%}
21   ----O                                                                     (4 = 25.0%) {12.5%}
28   --O                                                                       (2 = 12.5%) {37.5%}
37   --O                                                                       (2 = 12.5%) {50.0%}
49   --O                                                                       (2 = 12.5%) {62.5%}
65   ... 
113  ---O                                                                      (3 = 18.8%) {75.0%}
149  ... 
340  -O                                                                        (1 = 6.2%) {93.8%}
448  ... 

Histogram: V8.CompileScriptMicroSeconds.NoCache.Other recorded 6 samples, mean = 197.3 (flags = 0x41)
0    ... 
28   -O                                                                        (1 = 16.7%) {0.0%}
37   -O                                                                        (1 = 16.7%) {16.7%}
49   -O                                                                        (1 = 16.7%) {33.3%}
65   O                                                                         (0 = 0.0%) {50.0%}
86   -O                                                                        (1 = 16.7%) {50.0%}
113  ... 
340  -O                                                                        (1 = 16.7%) {66.7%}
448  O                                                                         (0 = 0.0%) {83.3%}
590  -O                                                                        (1 = 16.7%) {83.3%}
777  ... 

Histogram: V8.CompileScriptMicroSeconds.StreamingFinalization recorded 6 samples, mean = 14.5 (flags = 0x41)
0   ... 
9   ---O                                                                      (3 = 50.0%) {0.0%}
12  --O                                                                       (2 = 33.3%) {50.0%}
16  ... 
28  -O                                                                        (1 = 16.7%) {83.3%}
37  ... 

Histogram: V8.CompileSerializeMicroSeconds recorded 1 samples, mean = 1630.0 (flags = 0x41)
0     ... 
1404  -O                                                                        (1 = 100.0%) {0.0%}
1757  ... 

Histogram: V8.ErrorsThrownPerContext recorded 1 samples, mean = 0.0 (flags = 0x41)
0  -O                                                                        (1 = 100.0%)
1  ... 

Histogram: V8.GC.Cycle.CollectionRate.Full recorded 1 samples, mean = 84.0 (flags = 0x41)
0   ... 
80  -O                                                                        (1 = 100.0%) {0.0%}
100 O                                                                         (0 = 0.0%) {100.0%}

Histogram: V8.GC.Cycle.CollectionRate.Full.Cpp recorded 1 samples, mean = 69.0 (flags = 0x41)
0   ... 
64  -O                                                                        (1 = 100.0%) {0.0%}
80  ... 

Histogram: V8.GC.Cycle.CollectionRate.Young recorded 15 samples, mean = 35.1 (flags = 0x41)
0   ... 
14  -O                                                                        (1 = 6.7%) {0.0%}
17  -O                                                                        (1 = 6.7%) {6.7%}
21  --O                                                                       (2 = 13.3%) {13.3%}
26  -O                                                                        (1 = 6.7%) {26.7%}
33  -----O                                                                    (5 = 33.3%) {33.3%}
41  ----O                                                                     (4 = 26.7%) {66.7%}
51  -O                                                                        (1 = 6.7%) {93.3%}
64  ... 

Histogram: V8.GC.Cycle.CollectionWeight.Full recorded 1 samples, mean = 0.0 (flags = 0x41)
0  -O                                                                        (1 = 100.0%)
1  ... 

Histogram: V8.GC.Cycle.CollectionWeight.Full.Cpp recorded 1 samples, mean = 0.0 (flags = 0x41)
0  -O                                                                        (1 = 100.0%)
1  ... 

Histogram: V8.GC.Cycle.CollectionWeight.MainThread.Full recorded 1 samples, mean = 0.0 (flags = 0x41)
0  -O                                                                        (1 = 100.0%)
1  ... 

Histogram: V8.GC.Cycle.CollectionWeight.MainThread.Full.Cpp recorded 1 samples, mean = 0.0 (flags = 0x41)
0  -O                                                                        (1 = 100.0%)
1  ... 

Histogram: V8.GC.Cycle.Efficiency.Full recorded 1 samples, mean = 67.0 (flags = 0x41)
0   ... 
65  -O                                                                        (1 = 100.0%) {0.0%}
88  ... 

Histogram: V8.GC.Cycle.Efficiency.Full.Cpp recorded 1 samples, mean = 253.0 (flags = 0x41)
0    ... 
222  -O                                                                        (1 = 100.0%) {0.0%}
302  ... 

Histogram: V8.GC.Cycle.Efficiency.MainThread.Full recorded 1 samples, mean = 237.0 (flags = 0x41)
0    ... 
222  -O                                                                        (1 = 100.0%) {0.0%}
302  ... 

Histogram: V8.GC.Cycle.Efficiency.MainThread.Full.Cpp recorded 1 samples, mean = 373.0 (flags = 0x41)
0    ... 
302  -O                                                                        (1 = 100.0%) {0.0%}
411  ... 

Histogram: V8.GC.Cycle.Efficiency.MainThread.Young recorded 15 samples, mean = 1407.8 (flags = 0x41)
0     ... 
302   -O                                                                        (1 = 6.7%) {0.0%}
411   O                                                                         (0 = 0.0%) {6.7%}
559   -O                                                                        (1 = 6.7%) {6.7%}
760   ---O                                                                      (3 = 20.0%) {13.3%}
1034  ----O                                                                     (4 = 26.7%) {33.3%}
1407  --O                                                                       (2 = 13.3%) {60.0%}
1914  ---O                                                                      (3 = 20.0%) {73.3%}
2604  -O                                                                        (1 = 6.7%) {93.3%}
3542  ... 

Histogram: V8.GC.Cycle.Efficiency.Young recorded 15 samples, mean = 768.3 (flags = 0x41)
0     ... 
222   -O                                                                        (1 = 6.7%) {0.0%}
302   O                                                                         (0 = 0.0%) {6.7%}
411   ------O                                                                   (6 = 40.0%) {6.7%}
559   --O                                                                       (2 = 13.3%) {46.7%}
760   -O                                                                        (1 = 6.7%) {60.0%}
1034  -----O                                                                    (5 = 33.3%) {66.7%}
1407  ... 

Histogram: V8.GC.Cycle.Full recorded 1 samples, mean = 33.0 (flags = 0x41)
0   ... 
29  -O                                                                        (1 = 100.0%) {0.0%}
34  ... 

Histogram: V8.GC.Cycle.Full.Compact recorded 1 samples, mean = 5.0 (flags = 0x41)
0  ... 
5  -O                                                                        (1 = 100.0%) {0.0%}
6  ... 

Histogram: V8.GC.Cycle.Full.Compact.Cpp recorded 1 samples, mean = 1.0 (flags = 0x41)
0  O                                                                         (0 = 0.0%)
1  -O                                                                        (1 = 100.0%) {0.0%}
2  ... 

Histogram: V8.GC.Cycle.Full.Cpp recorded 1 samples, mean = 7.0 (flags = 0x41)
0  ... 
7  -O                                                                        (1 = 100.0%) {0.0%}
8  ... 

Histogram: V8.GC.Cycle.Full.Mark recorded 1 samples, mean = 20.0 (flags = 0x41)
0   ... 
20  -O                                                                        (1 = 100.0%) {0.0%}
24  ... 

Histogram: V8.GC.Cycle.Full.Mark.Cpp recorded 1 samples, mean = 3.0 (flags = 0x41)
0  ... 
3  -O                                                                        (1 = 100.0%) {0.0%}
4  ... 

Histogram: V8.GC.Cycle.Full.Sweep recorded 1 samples, mean = 4.0 (flags = 0x41)
0  ... 
4  -O                                                                        (1 = 100.0%) {0.0%}
5  ... 

Histogram: V8.GC.Cycle.Full.Sweep.Cpp recorded 1 samples, mean = 2.0 (flags = 0x41)
0  ... 
2  -O                                                                        (1 = 100.0%) {0.0%}
3  ... 

Histogram: V8.GC.Cycle.Full.Weak recorded 1 samples, mean = 0.0 (flags = 0x41)
0  -O                                                                        (1 = 100.0%)
1  ... 

Histogram: V8.GC.Cycle.Full.Weak.Cpp recorded 1 samples, mean = 0.0 (flags = 0x41)
0  -O                                                                        (1 = 100.0%)
1  ... 

Histogram: V8.GC.Cycle.MainThread.Full recorded 1 samples, mean = 9.0 (flags = 0x41)
0  ... 
8  -O                                                                        (1 = 100.0%) {0.0%}
10 ... 

Histogram: V8.GC.Cycle.MainThread.Full.Atomic recorded 1 samples, mean = 8.0 (flags = 0x41)
0  ... 
8  -O                                                                        (1 = 100.0%) {0.0%}
10 ... 

Histogram: V8.GC.Cycle.MainThread.Full.Atomic.Compact recorded 1 samples, mean = 2.0 (flags = 0x41)
0  ... 
2  -O                                                                        (1 = 100.0%) {0.0%}
3  ... 

Histogram: V8.GC.Cycle.MainThread.Full.Atomic.Compact.Cpp recorded 1 samples, mean = 1.0 (flags = 0x41)
0  O                                                                         (0 = 0.0%)
1  -O                                                                        (1 = 100.0%) {0.0%}
2  ... 

Histogram: V8.GC.Cycle.MainThread.Full.Atomic.Cpp recorded 1 samples, mean = 2.0 (flags = 0x41)
0  ... 
2  -O                                                                        (1 = 100.0%) {0.0%}
3  ... 

Histogram: V8.GC.Cycle.MainThread.Full.Atomic.Mark recorded 1 samples, mean = 3.0 (flags = 0x41)
0  ... 
3  -O                                                                        (1 = 100.0%) {0.0%}
4  ... 

Histogram: V8.GC.Cycle.MainThread.Full.Atomic.Mark.Cpp recorded 1 samples, mean = 0.0 (flags = 0x41)
0  -O                                                                        (1 = 100.0%)
1  ... 

Histogram: V8.GC.Cycle.MainThread.Full.Atomic.Sweep recorded 1 samples, mean = 0.0 (flags = 0x41)
0  -O                                                                        (1 = 100.0%)
1  ... 

Histogram: V8.GC.Cycle.MainThread.Full.Atomic.Sweep.Cpp recorded 1 samples, mean = 0.0 (flags = 0x41)
0  -O                                                                        (1 = 100.0%)
1  ... 

Histogram: V8.GC.Cycle.MainThread.Full.Atomic.Weak recorded 1 samples, mean = 0.0 (flags = 0x41)
0  -O                                                                        (1 = 100.0%)
1  ... 

Histogram: V8.GC.Cycle.MainThread.Full.Atomic.Weak.Cpp recorded 1 samples, mean = 0.0 (flags = 0x41)
0  -O                                                                        (1 = 100.0%)
1  ... 

Histogram: V8.GC.Cycle.MainThread.Full.Compact recorded 1 samples, mean = 2.0 (flags = 0x41)
0  ... 
2  -O                                                                        (1 = 100.0%) {0.0%}
3  ... 

Histogram: V8.GC.Cycle.MainThread.Full.Compact.Cpp recorded 1 samples, mean = 1.0 (flags = 0x41)
0  O                                                                         (0 = 0.0%)
1  -O                                                                        (1 = 100.0%) {0.0%}
2  ... 

Histogram: V8.GC.Cycle.MainThread.Full.Cpp recorded 1 samples, mean = 5.0 (flags = 0x41)
0  ... 
5  -O                                                                        (1 = 100.0%) {0.0%}
6  ... 

Histogram: V8.GC.Cycle.MainThread.Full.Incremental.Mark recorded 1 samples, mean = 0.0 (flags = 0x41)
0  -O                                                                        (1 = 100.0%)
1  ... 

Histogram: V8.GC.Cycle.MainThread.Full.Incremental.Mark.Cpp recorded 1 samples, mean = 0.0 (flags = 0x41)
0  -O                                                                        (1 = 100.0%)
1  ... 

Histogram: V8.GC.Cycle.MainThread.Full.Incremental.Mark.StartStop recorded 1 samples, mean = 1.0 (flags = 0x41)
0  O                                                                         (0 = 0.0%)
1  -O                                                                        (1 = 100.0%) {0.0%}
2  ... 

Histogram: V8.GC.Cycle.MainThread.Full.Incremental.Sweep recorded 1 samples, mean = 0.0 (flags = 0x41)
0  -O                                                                        (1 = 100.0%)
1  ... 

Histogram: V8.GC.Cycle.MainThread.Full.Incremental.Sweep.Cpp recorded 1 samples, mean = 1.0 (flags = 0x41)
0  O                                                                         (0 = 0.0%)
1  -O                                                                        (1 = 100.0%) {0.0%}
2  ... 

Histogram: V8.GC.Cycle.MainThread.Full.Mark recorded 1 samples, mean = 3.0 (flags = 0x41)
0  ... 
3  -O                                                                        (1 = 100.0%) {0.0%}
4  ... 

Histogram: V8.GC.Cycle.MainThread.Full.Mark.Cpp recorded 1 samples, mean = 1.0 (flags = 0x41)
0  O                                                                         (0 = 0.0%)
1  -O                                                                        (1 = 100.0%) {0.0%}
2  ... 

Histogram: V8.GC.Cycle.MainThread.Full.Sweep recorded 1 samples, mean = 0.0 (flags = 0x41)
0  -O                                                                        (1 = 100.0%)
1  ... 

Histogram: V8.GC.Cycle.MainThread.Full.Sweep.Cpp recorded 1 samples, mean = 1.0 (flags = 0x41)
0  O                                                                         (0 = 0.0%)
1  -O                                                                        (1 = 100.0%) {0.0%}
2  ... 

Histogram: V8.GC.Cycle.MainThread.Full.Weak recorded 1 samples, mean = 0.0 (flags = 0x41)
0  -O                                                                        (1 = 100.0%)
1  ... 

Histogram: V8.GC.Cycle.MainThread.Full.Weak.Cpp recorded 1 samples, mean = 0.0 (flags = 0x41)
0  -O                                                                        (1 = 100.0%)
1  ... 

Histogram: V8.GC.Cycle.MainThread.Young recorded 15 samples, mean = 0.1 (flags = 0x41)
0  -------------O                                                            (13 = 86.7%)
1  --O                                                                       (2 = 13.3%) {86.7%}
2  ... 

Histogram: V8.GC.Cycle.Memory.Freed.Full recorded 1 samples, mean = 8644.0 (flags = 0x41)
0     ... 
6554  -O                                                                        (1 = 100.0%) {0.0%}
8915  ... 

Histogram: V8.GC.Cycle.Memory.Freed.Full.Cpp recorded 1 samples, mean = 1536.0 (flags = 0x41)
0     ... 
1407  -O                                                                        (1 = 100.0%) {0.0%}
1914  ... 

Histogram: V8.GC.Cycle.Objects.After.Full recorded 1 samples, mean = 12030.0 (flags = 0x41)
0     ... 
8915  -O                                                                        (1 = 100.0%) {0.0%}
12127 ... 

Histogram: V8.GC.Cycle.Objects.After.Full.Cpp recorded 1 samples, mean = 4456.0 (flags = 0x41)
0     ... 
3542  -O                                                                        (1 = 100.0%) {0.0%}
4818  ... 

Histogram: V8.GC.Cycle.Objects.Before.Full recorded 1 samples, mean = 14264.0 (flags = 0x41)
0      ... 
12127  -O                                                                        (1 = 100.0%) {0.0%}
16496  ... 

Histogram: V8.GC.Cycle.Objects.Before.Full.Cpp recorded 1 samples, mean = 6427.0 (flags = 0x41)
0     ... 
4818  -O                                                                        (1 = 100.0%) {0.0%}
6554  ... 

Histogram: V8.GC.Cycle.Objects.Freed.Full recorded 1 samples, mean = 2233.0 (flags = 0x41)
0     ... 
1914  -O                                                                        (1 = 100.0%) {0.0%}
2604  ... 

Histogram: V8.GC.Cycle.Objects.Freed.Full.Cpp recorded 1 samples, mean = 1971.0 (flags = 0x41)
0     ... 
1914  -O                                                                        (1 = 100.0%) {0.0%}
2604  ... 

Histogram: V8.GC.Cycle.Reason.Full recorded 1 samples, mean = 9.0 (flags = 0x41)
0  ... 
9  -O                                                                        (1 = 100.0%) {0.0%}
10 ... 

Histogram: V8.GC.Cycle.Reason.Young recorded 15 samples, mean = 2.5 (flags = 0x41)
0   O                                                                         (0 = 0.0%)
1   -------------O                                                            (13 = 86.7%) {0.0%}
2   ... 
12  --O                                                                       (2 = 13.3%) {86.7%}
13  ... 

Histogram: V8.GC.Cycle.Young recorded 15 samples, mean = 0.9 (flags = 0x41)
0  ----O                                                                     (4 = 26.7%)
1  ---------O                                                                (9 = 60.0%) {26.7%}
2  --O                                                                       (2 = 13.3%) {86.7%}
3  ... 

Histogram: V8.GC.Event.MainThread.Full.Finalize.Incremental.ReduceMemory recorded 2 samples, mean = 5.0 (flags = 0x41)
0  ... 
2  -O                                                                        (1 = 50.0%) {0.0%}
3  ... 
8  -O                                                                        (1 = 50.0%) {50.0%}
10 ... 

Histogram: V8.GC.Event.MainThread.Full.Finalize.Incremental.ReduceMemory.Foreground recorded 2 samples, mean = 5.0 (flags = 0x41)
0  ... 
2  -O                                                                        (1 = 50.0%) {0.0%}
3  ... 
8  -O                                                                        (1 = 50.0%) {50.0%}
10 ... 

Histogram: V8.GC.Event.MainThread.Full.Incremental.Mark recorded 19 samples, mean = 0.0 (flags = 0x41)
0  -------------------O                                                      (19 = 100.0%)
1  ... 

Histogram: V8.GC.Event.MainThread.Full.Incremental.Mark.Cpp recorded 21 samples, mean = 0.0 (flags = 0x41)
0  ---------------------O                                                    (21 = 100.0%)
1  ... 

Histogram: V8.GC.Event.MainThread.Full.Incremental.Sweep.Cpp recorded 209 samples, mean = 0.0 (flags = 0x41)
0  ------------------------------------------------------------------------O (208 = 99.5%)
1  O                                                                         (1 = 0.5%) {99.5%}
2  ... 

Histogram: V8.GC.TimeToSafepoint recorded 19 samples, mean = 4.8 (flags = 0x41)
0   -----------O                                                              (11 = 57.9%)
1   -----O                                                                    (5 = 26.3%) {57.9%}
2   ... 
4   -O                                                                        (1 = 5.3%) {84.2%}
6   ... 
15  -O                                                                        (1 = 5.3%) {89.5%}
21  ... 
55  -O                                                                        (1 = 5.3%) {94.7%}
76  ... 

Histogram: V8.GCIncrementalMarking recorded 32 samples, mean = 0.0 (flags = 0x41)
0  --------------------------------O                                         (32 = 100.0%)
1  ... 

Histogram: V8.GCIncrementalMarkingReason recorded 2 samples, mean = 17.0 (flags = 0x41)
0   ... 
17  --O                                                                       (2 = 100.0%) {0.0%}
18  ... 

Histogram: V8.GCIncrementalMarkingStart recorded 2 samples, mean = 0.0 (flags = 0x41)
0  --O                                                                       (2 = 100.0%)
1  ... 

Histogram: V8.GCMarkCompactReason recorded 1 samples, mean = 9.0 (flags = 0x41)
0  ... 
9  -O                                                                        (1 = 100.0%) {0.0%}
10 ... 

Histogram: V8.GCScavenger.ScavengeMain recorded 15 samples, mean = 0.0 (flags = 0x41)
0  ---------------O                                                          (15 = 100.0%)
1  ... 

Histogram: V8.GCScavenger.ScavengeRoots recorded 15 samples, mean = 0.0 (flags = 0x41)
0  ---------------O                                                          (15 = 100.0%)
1  ... 

Histogram: V8.JSDispatchTableEntriesCount recorded 2 samples, mean = 1.0 (flags = 0x41)
0  O                                                                         (0 = 0.0%)
1  --O                                                                       (2 = 100.0%) {0.0%}
2  ... 

Histogram: V8.LocalWindowProxy.CreateContextTime recorded 4 samples, mean = 1.2 (flags = 0x41)
0  O                                                                         (0 = 0.0%)
1  ---O                                                                      (3 = 75.0%) {0.0%}
2  -O                                                                        (1 = 25.0%) {75.0%}
3  ... 

Histogram: V8.LocalWindowProxy.InitializeTime recorded 4 samples, mean = 2.0 (flags = 0x41)
0  O                                                                         (0 = 0.0%)
1  --O                                                                       (2 = 50.0%) {0.0%}
2  O                                                                         (0 = 0.0%) {50.0%}
3  --O                                                                       (2 = 50.0%) {50.0%}
4  ... 

Histogram: V8.MaglevOptimizeExecute recorded 139 samples, mean = 250.5 (flags = 0x41)
0     ... 
20    -O                                                                        (1 = 0.7%) {0.0%}
25    -O                                                                        (1 = 0.7%) {0.7%}
31    -O                                                                        (1 = 0.7%) {1.4%}
39    -------O                                                                  (7 = 5.0%) {2.2%}
49    ------O                                                                   (6 = 4.3%) {7.2%}
61    -------O                                                                  (7 = 5.0%) {11.5%}
76    -----------O                                                              (11 = 7.9%) {16.5%}
95    --------------O                                                           (14 = 10.1%) {24.5%}
119   ----------------------O                                                   (22 = 15.8%) {34.5%}
149   ----------O                                                               (10 = 7.2%) {50.4%}
186   ------------------O                                                       (18 = 12.9%) {57.6%}
233   ---------------O                                                          (15 = 10.8%) {70.5%}
292   --------O                                                                 (8 = 5.8%) {81.3%}
365   -----O                                                                    (5 = 3.6%) {87.1%}
457   ----O                                                                     (4 = 2.9%) {90.6%}
572   --O                                                                       (2 = 1.4%) {93.5%}
716   -O                                                                        (1 = 0.7%) {95.0%}
896   -O                                                                        (1 = 0.7%) {95.7%}
1122  --O                                                                       (2 = 1.4%) {96.4%}
1404  -O                                                                        (1 = 0.7%) {97.8%}
1757  O                                                                         (0 = 0.0%) {98.6%}
2199  --O                                                                       (2 = 1.4%) {98.6%}
2753  ... 

Histogram: V8.MaglevOptimizeFinalize recorded 139 samples, mean = 5.9 (flags = 0x41)
0   ----O                                                                     (4 = 2.9%)
1   ---------------O                                                          (15 = 10.8%) {2.9%}
2   ---------------O                                                          (15 = 10.8%) {13.7%}
3   -------------------O                                                      (19 = 13.7%) {24.5%}
4   ---------------O                                                          (15 = 10.8%) {38.1%}
5   ------------------O                                                       (18 = 12.9%) {48.9%}
6   --------------------O                                                     (20 = 14.4%) {61.9%}
8   ---------------O                                                          (15 = 10.8%) {76.3%}
10  ---------O                                                                (9 = 6.5%) {87.1%}
13  -O                                                                        (1 = 0.7%) {93.5%}
16  --O                                                                       (2 = 1.4%) {94.2%}
20  ---O                                                                      (3 = 2.2%) {95.7%}
25  -O                                                                        (1 = 0.7%) {97.8%}
31  -O                                                                        (1 = 0.7%) {98.6%}
39  -O                                                                        (1 = 0.7%) {99.3%}
49  ... 

Histogram: V8.MaglevOptimizePrepare recorded 139 samples, mean = 0.1 (flags = 0x41)
0  ------------------------------------------------------------------------O (122 = 87.8%)
1  ----------O                                                               (17 = 12.2%) {87.8%}
2  ... 

Histogram: V8.MaglevOptimizeTotalTime recorded 139 samples, mean = 682.9 (flags = 0x41)
0      ... 
37     --O                                                                       (2 = 1.4%) {0.0%}
49     ------O                                                                   (6 = 4.3%) {1.4%}
65     --------O                                                                 (8 = 5.8%) {5.8%}
86     --------O                                                                 (8 = 5.8%) {11.5%}
113    ---------------O                                                          (15 = 10.8%) {17.3%}
149    ------------------O                                                       (18 = 12.9%) {28.1%}
196    --------------------------O                                               (26 = 18.7%) {41.0%}
258    ---------------O                                                          (15 = 10.8%) {59.7%}
340    ------------------O                                                       (18 = 12.9%) {70.5%}
448    -----O                                                                    (5 = 3.6%) {83.5%}
590    ------O                                                                   (6 = 4.3%) {87.1%}
777    -O                                                                        (1 = 0.7%) {91.4%}
1023   ---O                                                                      (3 = 2.2%) {92.1%}
1347   --O                                                                       (2 = 1.4%) {94.2%}
1774   O                                                                         (0 = 0.0%) {95.7%}
2336   --O                                                                       (2 = 1.4%) {95.7%}
3077   O                                                                         (0 = 0.0%) {97.1%}
4053   --O                                                                       (2 = 1.4%) {97.1%}
5338   ... 
16063  -O                                                                        (1 = 0.7%) {98.6%}
21156  -O                                                                        (1 = 0.7%) {99.3%}
27864  ... 

Histogram: V8.MemoryExternalFragmentationCodeSpace recorded 17 samples, mean = 53.6 (flags = 0x41)
0   ... 
14  -O                                                                        (1 = 5.9%) {0.0%}
15  -O                                                                        (1 = 5.9%) {5.9%}
16  ... 
21  -O                                                                        (1 = 5.9%) {11.8%}
22  ... 
30  -O                                                                        (1 = 5.9%) {17.6%}
31  ... 
33  -O                                                                        (1 = 5.9%) {23.5%}
34  ... 
43  -O                                                                        (1 = 5.9%) {29.4%}
44  ... 
48  --O                                                                       (2 = 11.8%) {35.3%}
49  ... 
62  -O                                                                        (1 = 5.9%) {47.1%}
63  ... 
65  -O                                                                        (1 = 5.9%) {52.9%}
66  O                                                                         (0 = 0.0%) {58.8%}
67  -O                                                                        (1 = 5.9%) {58.8%}
68  ... 
73  --O                                                                       (2 = 11.8%) {64.7%}
74  -O                                                                        (1 = 5.9%) {76.5%}
75  -O                                                                        (1 = 5.9%) {82.4%}
76  ... 
81  -O                                                                        (1 = 5.9%) {88.2%}
82  ... 
89  -O                                                                        (1 = 5.9%) {94.1%}
90  ... 

Histogram: V8.MemoryExternalFragmentationLoSpace recorded 17 samples, mean = 0.2 (flags = 0x41)
0  -------------O                                                            (13 = 76.5%)
1  ----O                                                                     (4 = 23.5%) {76.5%}
2  ... 

Histogram: V8.MemoryExternalFragmentationOldSpace recorded 17 samples, mean = 8.4 (flags = 0x41)
0   ... 
3   --O                                                                       (2 = 11.8%) {0.0%}
4   ---O                                                                      (3 = 17.6%) {11.8%}
5   O                                                                         (0 = 0.0%) {29.4%}
6   ---O                                                                      (3 = 17.6%) {29.4%}
7   O                                                                         (0 = 0.0%) {47.1%}
8   ---O                                                                      (3 = 17.6%) {47.1%}
9   -O                                                                        (1 = 5.9%) {64.7%}
10  --O                                                                       (2 = 11.8%) {70.6%}
11  -O                                                                        (1 = 5.9%) {82.4%}
12  ... 
16  -O                                                                        (1 = 5.9%) {88.2%}
17  ... 
26  -O                                                                        (1 = 5.9%) {94.1%}
27  ... 

Histogram: V8.MemoryExternalFragmentationTotal recorded 17 samples, mean = 32.1 (flags = 0x41)
0   ... 
17  -O                                                                        (1 = 5.9%) {0.0%}
18  -O                                                                        (1 = 5.9%) {5.9%}
19  ... 
25  -O                                                                        (1 = 5.9%) {11.8%}
26  -O                                                                        (1 = 5.9%) {17.6%}
27  --O                                                                       (2 = 11.8%) {23.5%}
28  ... 
30  -O                                                                        (1 = 5.9%) {35.3%}
31  --O                                                                       (2 = 11.8%) {41.2%}
32  O                                                                         (0 = 0.0%) {52.9%}
33  -O                                                                        (1 = 5.9%) {52.9%}
34  O                                                                         (0 = 0.0%) {58.8%}
35  -O                                                                        (1 = 5.9%) {58.8%}
36  O                                                                         (0 = 0.0%) {64.7%}
37  --O                                                                       (2 = 11.8%) {64.7%}
38  O                                                                         (0 = 0.0%) {76.5%}
39  -O                                                                        (1 = 5.9%) {76.5%}
40  --O                                                                       (2 = 11.8%) {82.4%}
41  ... 
52  -O                                                                        (1 = 5.9%) {94.1%}
53  ... 

Histogram: V8.MemoryHeapSampleCodeSpaceCommitted recorded 17 samples, mean = 933.6 (flags = 0x41)
0     ---------O                                                                (9 = 52.9%)
1000  ----O                                                                     (4 = 23.5%) {52.9%}
1138  ... 
1474  ---O                                                                      (3 = 17.6%) {76.5%}
1678  -O                                                                        (1 = 5.9%) {94.1%}
1910  ... 

Histogram: V8.MemoryHeapSampleMaximumCommitted recorded 17 samples, mean = 12667.3 (flags = 0x41)
0      ... 
3649   -O                                                                        (1 = 5.9%) {0.0%}
4153   ... 
5380   -O                                                                        (1 = 5.9%) {5.9%}
6124   O                                                                         (0 = 0.0%) {11.8%}
6971   ---O                                                                      (3 = 17.6%) {11.8%}
7935   O                                                                         (0 = 0.0%) {29.4%}
9032   ----O                                                                     (4 = 23.5%) {29.4%}
10281  -O                                                                        (1 = 5.9%) {52.9%}
11702  O                                                                         (0 = 0.0%) {58.8%}
13320  -O                                                                        (1 = 5.9%) {58.8%}
15161  ---O                                                                      (3 = 17.6%) {64.7%}
17257  ... 
22357  ---O                                                                      (3 = 17.6%) {82.4%}
25447  ... 

Histogram: V8.MemoryHeapSampleTotalCommitted recorded 17 samples, mean = 11484.7 (flags = 0x41)
0      ... 
3649   -O                                                                        (1 = 5.9%) {0.0%}
4153   ... 
5380   -O                                                                        (1 = 5.9%) {5.9%}
6124   O                                                                         (0 = 0.0%) {11.8%}
6971   ---O                                                                      (3 = 17.6%) {11.8%}
7935   --O                                                                       (2 = 11.8%) {29.4%}
9032   --O                                                                       (2 = 11.8%) {41.2%}
10281  -O                                                                        (1 = 5.9%) {52.9%}
11702  O                                                                         (0 = 0.0%) {58.8%}
13320  ---O                                                                      (3 = 17.6%) {58.8%}
15161  ---O                                                                      (3 = 17.6%) {76.5%}
17257  ... 
22357  -O                                                                        (1 = 5.9%) {94.1%}
25447  ... 

Histogram: V8.MemoryHeapSampleTotalUsed recorded 17 samples, mean = 7796.1 (flags = 0x41)
0      ... 
1678   -O                                                                        (1 = 5.9%) {0.0%}
1910   ... 
3206   -O                                                                        (1 = 5.9%) {5.9%}
3649   O                                                                         (0 = 0.0%) {11.8%}
4153   -O                                                                        (1 = 5.9%) {11.8%}
4727   -O                                                                        (1 = 5.9%) {17.6%}
5380   --O                                                                       (2 = 11.8%) {23.5%}
6124   ---O                                                                      (3 = 17.6%) {35.3%}
6971   -O                                                                        (1 = 5.9%) {52.9%}
7935   -O                                                                        (1 = 5.9%) {58.8%}
9032   -O                                                                        (1 = 5.9%) {64.7%}
10281  --O                                                                       (2 = 11.8%) {70.6%}
11702  --O                                                                       (2 = 11.8%) {82.4%}
13320  -O                                                                        (1 = 5.9%) {94.1%}
15161  ... 

Histogram: V8.ProduceCodeCacheMicroseconds recorded 1 samples, mean = 2126.0 (flags = 0x41)
0     ... 
2008  -O                                                                        (1 = 100.0%) {0.0%}
2786  ... 

Histogram: V8.RegExpBacktracks recorded 262 samples, mean = 1.7 (flags = 0x41)
0    ------O                                                                   (20 = 7.6%)
1    ------------------------------------------------------------------------O (228 = 87.0%) {7.6%}
2    --O                                                                       (5 = 1.9%) {94.7%}
3    -O                                                                        (4 = 1.5%) {96.6%}
4    -O                                                                        (3 = 1.1%) {98.1%}
6    O                                                                         (0 = 0.0%) {99.2%}
9    O                                                                         (1 = 0.4%) {99.2%}
13   ... 
127  O                                                                         (1 = 0.4%) {99.6%}
185  ... 

Histogram: V8.SandboxedCodePointersCount recorded 2 samples, mean = 1109.5 (flags = 0x41)
0    ... 
977  --O                                                                       (2 = 100.0%) {0.0%}
1136 ... 

Histogram: V8.SandboxedCppHeapPointersCount recorded 2 samples, mean = 4323.0 (flags = 0x41)
0     ... 
452   -O                                                                        (1 = 50.0%) {0.0%}
537   ... 
7152  -O                                                                        (1 = 50.0%) {50.0%}
8499  ... 

Histogram: V8.SandboxedExternalPointersCount recorded 19 samples, mean = 1576.5 (flags = 0x41)
0      ------O                                                                   (6 = 31.6%)
1      ... 
17     -O                                                                        (1 = 5.3%) {31.6%}
20     -O                                                                        (1 = 5.3%) {36.8%}
24     O                                                                         (0 = 0.0%) {42.1%}
29     -O                                                                        (1 = 5.3%) {42.1%}
34     ... 
48     --O                                                                       (2 = 10.5%) {47.4%}
57     O                                                                         (0 = 0.0%) {57.9%}
68     --O                                                                       (2 = 10.5%) {57.9%}
81     ... 
380    -O                                                                        (1 = 5.3%) {68.4%}
452    -O                                                                        (1 = 5.3%) {73.7%}
537    ... 
758    -O                                                                        (1 = 5.3%) {78.9%}
901    ... 
1513   -O                                                                        (1 = 5.3%) {84.2%}
1798   ... 
12002  --O                                                                       (2 = 10.5%) {89.5%}
14263  ... 

Histogram: V8.SandboxedTrustedPointersCount recorded 2 samples, mean = 3820.0 (flags = 0x41)
0     ... 
3799  --O                                                                       (2 = 100.0%) {0.0%}
4418  ... 

Histogram: V8.SnapshotDeserializeContextMicroSeconds recorded 6 samples, mean = 533.7 (flags = 0x41)
0    ... 
258  --O                                                                       (2 = 33.3%) {0.0%}
340  ... 
590  ----O                                                                     (4 = 66.7%) {33.3%}
777  ... 

Histogram: V8.TurboFan1KTicks recorded 7 samples, mean = 36.1 (flags = 0x41)
0    O                                                                         (0 = 0.0%)
1    -O                                                                        (1 = 14.3%) {0.0%}
2    -O                                                                        (1 = 14.3%) {14.3%}
3    ... 
5    -O                                                                        (1 = 14.3%) {28.6%}
6    ... 
15   --O                                                                       (2 = 28.6%) {42.9%}
16   ... 
45   -O                                                                        (1 = 14.3%) {71.4%}
47   ... 
164  -O                                                                        (1 = 14.3%) {85.7%}
172  ... 

Histogram: V8.TurboFanOptimizeConcurrentTotalTime recorded 6 samples, mean = 5749.0 (flags = 0x41)
0      ... 
542    -O                                                                        (1 = 16.7%) {0.0%}
752    O                                                                         (0 = 0.0%) {16.7%}
1043   -O                                                                        (1 = 16.7%) {16.7%}
1447   ... 
2786   -O                                                                        (1 = 16.7%) {33.3%}
3865   -O                                                                        (1 = 16.7%) {50.0%}
5362   -O                                                                        (1 = 16.7%) {66.7%}
7439   ... 
14319  -O                                                                        (1 = 16.7%) {83.3%}
19866  ... 

Histogram: V8.TurboFanOptimizeExecute recorded 6 samples, mean = 2133.0 (flags = 0x41)
0     ... 
448   --O                                                                       (2 = 33.3%) {0.0%}
590   ... 
1023  -O                                                                        (1 = 16.7%) {33.3%}
1347  ... 
2336  -O                                                                        (1 = 16.7%) {50.0%}
3077  -O                                                                        (1 = 16.7%) {66.7%}
4053  -O                                                                        (1 = 16.7%) {83.3%}
5338  ... 

Histogram: V8.TurboFanOptimizeFinalize recorded 6 samples, mean = 32.0 (flags = 0x41)
0   ... 
12  -O                                                                        (1 = 16.7%) {0.0%}
16  O                                                                         (0 = 0.0%) {16.7%}
21  --O                                                                       (2 = 33.3%) {16.7%}
28  O                                                                         (0 = 0.0%) {50.0%}
37  ---O                                                                      (3 = 50.0%) {50.0%}
49  ... 

Histogram: V8.TurboFanOptimizeForOnStackReplacementExecute recorded 1 samples, mean = 20765.0 (flags = 0x41)
0      ... 
16063  -O                                                                        (1 = 100.0%) {0.0%}
21156  ... 

Histogram: V8.TurboFanOptimizeForOnStackReplacementFinalize recorded 1 samples, mean = 120.0 (flags = 0x41)
0    ... 
113  -O                                                                        (1 = 100.0%) {0.0%}
149  ... 

Histogram: V8.TurboFanOptimizeForOnStackReplacementPrepare recorded 1 samples, mean = 13.0 (flags = 0x41)
0   ... 
12  -O                                                                        (1 = 100.0%) {0.0%}
16  ... 

Histogram: V8.TurboFanOptimizeForOnStackReplacementTotalTime recorded 1 samples, mean = 20981.0 (flags = 0x41)
0      ... 
19866  -O                                                                        (1 = 100.0%) {0.0%}
27562  ... 

Histogram: V8.TurboFanOptimizePrepare recorded 6 samples, mean = 10.2 (flags = 0x41)
0   ... 
7   --O                                                                       (2 = 33.3%) {0.0%}
9   ---O                                                                      (3 = 50.0%) {33.3%}
12  O                                                                         (0 = 0.0%) {83.3%}
16  -O                                                                        (1 = 16.7%) {83.3%}
21  ... 

Histogram: V8.TurboFanOptimizeTotalBackground recorded 6 samples, mean = 2133.0 (flags = 0x41)
0     ... 
391   --O                                                                       (2 = 33.3%) {0.0%}
542   ... 
1043  -O                                                                        (1 = 16.7%) {33.3%}
1447  O                                                                         (0 = 0.0%) {50.0%}
2008  -O                                                                        (1 = 16.7%) {50.0%}
2786  -O                                                                        (1 = 16.7%) {66.7%}
3865  -O                                                                        (1 = 16.7%) {83.3%}
5362  ... 

Histogram: V8.TurboFanOptimizeTotalForeground recorded 6 samples, mean = 42.2 (flags = 0x41)
0   ... 
21  -O                                                                        (1 = 16.7%) {0.0%}
29  -O                                                                        (1 = 16.7%) {16.7%}
40  ---O                                                                      (3 = 50.0%) {33.3%}
55  -O                                                                        (1 = 16.7%) {83.3%}
76  ... 

Histogram: V8.TurboFanOptimizeTotalTime recorded 6 samples, mean = 5749.0 (flags = 0x41)
0      ... 
542    -O                                                                        (1 = 16.7%) {0.0%}
752    O                                                                         (0 = 0.0%) {16.7%}
1043   -O                                                                        (1 = 16.7%) {16.7%}
1447   ... 
2786   -O                                                                        (1 = 16.7%) {33.3%}
3865   -O                                                                        (1 = 16.7%) {50.0%}
5362   -O                                                                        (1 = 16.7%) {66.7%}
7439   ... 
14319  -O                                                                        (1 = 16.7%) {83.3%}
19866  ... 

Histogram: Variations.ExtendedSafeMode.BeaconFileStateAtStartup recorded 1 samples, mean = 0.0 (flags = 0x41)
0  -O                                                                        (1 = 100.0%)
1  ... 

Histogram: Variations.ExtendedSafeMode.BeaconFileWrite recorded 2 samples, mean = 1.0 (flags = 0x41)
0  O                                                                         (0 = 0.0%)
1  --O                                                                       (2 = 100.0%) {0.0%}
2  O                                                                         (0 = 0.0%) {100.0%}

Histogram: Variations.ForcedFieldTrialsAtStartupForInternalsPage recorded 1 samples, mean = 0.0 (flags = 0x41)
0  -O                                                                        (1 = 100.0%)
1  ... 

Histogram: Variations.Headers.ExperimentCount recorded 92 samples, mean = 1.0 (flags = 0x41)
0  O                                                                         (0 = 0.0%)
1  ------------------------------------------------------------------------O (92 = 100.0%) {0.0%}
2  ... 

Histogram: Variations.Headers.HasLowEntropySourceValue recorded 92 samples, mean = 1.0 (flags = 0x41)
0  O                                                                         (0 = 0.0%)
1  ------------------------------------------------------------------------O (92 = 100.0%) {0.0%}
2  O                                                                         (0 = 0.0%) {100.0%}

Histogram: Variations.Headers.RequestContextCategory recorded 61 samples, mean = 3.0 (flags = 0x41)
0  ---------------O                                                          (15 = 24.6%)
1  ... 
4  ----------------------------------------------O                           (46 = 75.4%) {24.6%}
5  ... 

Histogram: Variations.Headers.URLValidationResult.Append recorded 61 samples, mean = 2.2 (flags = 0x41)
0  ... 
2  -----------------------------------------------O                          (47 = 77.0%) {0.0%}
3  --------------O                                                           (14 = 23.0%) {77.0%}
4  ... 

Histogram: Variations.Headers.URLValidationResult.Remove recorded 3 samples, mean = 2.0 (flags = 0x41)
0  ... 
2  ---O                                                                      (3 = 100.0%) {0.0%}
3  ... 

Histogram: Variations.Limits.VariationKeySize.Default recorded 23 samples, mean = 0.0 (flags = 0x41)
0  -----------------------O                                                  (23 = 100.0%)
1  ... 

Histogram: Variations.LoadPermanentConsistencyCountryResult recorded 1 samples, mean = 0.0 (flags = 0x41)
0  -O                                                                        (1 = 100.0%)
1  ... 

Histogram: Variations.PolicyRestriction recorded 1 samples, mean = 0.0 (flags = 0x41)
0  -O                                                                        (1 = 100.0%)
1  ... 

Histogram: Variations.SafeMode.Streak.Crashes recorded 1 samples (flags = 0x41)
0  -O                                                                        (1 = 100.0%)

Histogram: Variations.SafeMode.Streak.FetchFailures recorded 1 samples (flags = 0x41)
0  -O                                                                        (1 = 100.0%)

Histogram: Variations.SeedLoadResult recorded 1 samples, mean = 1.0 (flags = 0x41)
0  O                                                                         (0 = 0.0%)
1  -O                                                                        (1 = 100.0%) {0.0%}
2  ... 

Histogram: Variations.SeedUsage recorded 1 samples, mean = 2.0 (flags = 0x41)
0  ... 
2  -O                                                                        (1 = 100.0%) {0.0%}
3  ... 

Histogram: Variations.UserChannel recorded 1 samples (flags = 0x41)
-1 -O                                                                        (1 = 100.0%)

Histogram: Views.Browser.NumColorProvidersInitializedDuringOnNativeThemeUpdated recorded 3 samples, mean = 0.0 (flags = 0x41)
0  ---O                                                                      (3 = 100.0%)
1  ... 

Histogram: Views.Browser.TimeSpentInitializingColorProvider recorded 3 samples, mean = 0.0 (flags = 0x41)
0  ---O                                                                      (3 = 100.0%)
1  ... 

Histogram: Views.Browser.TimeSpentProcessingOnNativeThemeUpdatedEvent recorded 3 samples, mean = 0.0 (flags = 0x41)
0  ---O                                                                      (3 = 100.0%)
1  ... 

Histogram: Views.ColorProviderCacheSize recorded 3 samples, mean = 2.0 (flags = 0x41)
0  O                                                                         (0 = 0.0%)
1  -O                                                                        (1 = 33.3%) {0.0%}
2  -O                                                                        (1 = 33.3%) {33.3%}
3  -O                                                                        (1 = 33.3%) {66.7%}
4  ... 

Histogram: Viz.FrameSinkVideoCapturer.CaptureDuration recorded 1 samples, mean = 488.0 (flags = 0x41)
0    ... 
437  -O                                                                        (1 = 100.0%) {0.0%}
492  ... 

Histogram: Viz.FrameSinkVideoCapturer.CaptureSucceeded recorded 1 samples, mean = 1.0 (flags = 0x41)
0  O                                                                         (0 = 0.0%)
1  -O                                                                        (1 = 100.0%) {0.0%}
2  O                                                                         (0 = 0.0%) {100.0%}

Histogram: Viz.FrameSinkVideoCapturer.FrameResurrected recorded 1 samples, mean = 0.0 (flags = 0x41)
0  -O                                                                        (1 = 100.0%)
1  ... 

Histogram: Viz.FrameSinkVideoCapturer.RGBA.CaptureDuration recorded 1 samples, mean = 488.0 (flags = 0x41)
0    ... 
437  -O                                                                        (1 = 100.0%) {0.0%}
492  ... 

Histogram: Viz.FrameSinkVideoCapturer.RGBA.CaptureSucceeded recorded 1 samples, mean = 1.0 (flags = 0x41)
0  O                                                                         (0 = 0.0%)
1  -O                                                                        (1 = 100.0%) {0.0%}
2  O                                                                         (0 = 0.0%) {100.0%}

Histogram: Viz.FrameSinkVideoCapturer.ReserveFrameDuration recorded 1 samples, mean = 457.0 (flags = 0x41)
0    ... 
250  -O                                                                        (1 = 100.0%) {0.0%}

Histogram: Viz.FrameSinkVideoCapturer.TotalDuration recorded 1 samples, mean = 488.0 (flags = 0x41)
0    ... 
437  -O                                                                        (1 = 100.0%) {0.0%}
492  ... 

Histogram: WebApp.DiyAppsInstalledCount.ByUser recorded 1 samples, mean = 0.0 (flags = 0x41)
0  -O                                                                        (1 = 100.0%)
1  ... 

Histogram: WebApp.GeneratedIconFix.StartUpAttemptCount recorded 1 samples, mean = 0.0 (flags = 0x41)
0  -O                                                                        (1 = 100.0%)
1  ... 

Histogram: WebApp.Icon.AppsWithEmptyDownloadedIconSizes recorded 1 samples, mean = 0.0 (flags = 0x41)
0  -O                                                                        (1 = 100.0%)
1  ... 

Histogram: WebApp.Icon.AppsWithEmptyIconBitmap recorded 1 samples, mean = 0.0 (flags = 0x41)
0  -O                                                                        (1 = 100.0%)
1  ... 

Histogram: WebApp.Icon.AppsWithEmptyIconFile recorded 1 samples, mean = 0.0 (flags = 0x41)
0  -O                                                                        (1 = 100.0%)
1  ... 

Histogram: WebApp.Icon.AppsWithGeneratedIconBitmap recorded 1 samples, mean = 0.0 (flags = 0x41)
0  -O                                                                        (1 = 100.0%)
1  ... 

Histogram: WebApp.Icon.AppsWithGeneratedIconFlag recorded 1 samples, mean = 0.0 (flags = 0x41)
0  -O                                                                        (1 = 100.0%)
1  ... 

Histogram: WebApp.Icon.AppsWithGeneratedIconFlagFalseNegative recorded 1 samples, mean = 0.0 (flags = 0x41)
0  -O                                                                        (1 = 100.0%)
1  ... 

Histogram: WebApp.Icon.AppsWithMissingIconFile recorded 1 samples, mean = 0.0 (flags = 0x41)
0  -O                                                                        (1 = 100.0%)
1  ... 

Histogram: WebApp.InstalledCount.ByUser recorded 1 samples, mean = 0.0 (flags = 0x41)
0  -O                                                                        (1 = 100.0%)
1  ... 

Histogram: WebApp.InstalledCount.ByUserNotLocallyInstalled recorded 1 samples, mean = 0.0 (flags = 0x41)
0  -O                                                                        (1 = 100.0%)
1  ... 

Histogram: WebApp.Preinstalled.AppToReplaceStillDefaultInstalledCount recorded 1 samples, mean = 0.0 (flags = 0x41)
0  -O                                                                        (1 = 100.0%)
1  ... 

Histogram: WebApp.Preinstalled.AppToReplaceStillInstalledCount recorded 1 samples, mean = 0.0 (flags = 0x41)
0  -O                                                                        (1 = 100.0%)
1  ... 

Histogram: WebApp.Preinstalled.AppToReplaceStillInstalledInShelfCount recorded 1 samples, mean = 0.0 (flags = 0x41)
0  -O                                                                        (1 = 100.0%)
1  ... 

Histogram: WebApp.Preinstalled.ConfigErrorCount recorded 1 samples, mean = 0.0 (flags = 0x41)
0  -O                                                                        (1 = 100.0%)
1  ... 

Histogram: WebApp.Preinstalled.CorruptUserUninstallPrefsCount recorded 1 samples, mean = 0.0 (flags = 0x41)
0  -O                                                                        (1 = 100.0%)
1  ... 

Histogram: WebApp.Preinstalled.DisabledCount recorded 1 samples, mean = 0.0 (flags = 0x41)
0  -O                                                                        (1 = 100.0%)
1  ... 

Histogram: WebApp.Preinstalled.EnabledCount recorded 1 samples, mean = 0.0 (flags = 0x41)
0  -O                                                                        (1 = 100.0%)
1  ... 

Histogram: WebApp.Preinstalled.InstallCount recorded 1 samples, mean = 0.0 (flags = 0x41)
0  -O                                                                        (1 = 100.0%)
1  ... 

Histogram: WebApp.Preinstalled.UninstallAndReplaceCount recorded 1 samples, mean = 0.0 (flags = 0x41)
0  -O                                                                        (1 = 100.0%)
1  ... 

Histogram: WebApp.Preinstalled.UninstallAppRemovedCount recorded 1 samples, mean = 0.0 (flags = 0x41)
0  -O                                                                        (1 = 100.0%)
1  ... 

Histogram: WebApp.Preinstalled.UninstallSourceRemovedCount recorded 1 samples, mean = 0.0 (flags = 0x41)
0  -O                                                                        (1 = 100.0%)
1  ... 

Histogram: WebApp.Preinstalled.UninstallTotalCount recorded 1 samples, mean = 0.0 (flags = 0x41)
0  -O                                                                        (1 = 100.0%)
1  ... 

Histogram: WebApp.Uninstall.NonSyncIncompleteCount recorded 1 samples, mean = 0.0 (flags = 0x41)
0  -O                                                                        (1 = 100.0%)
1  ... 

Histogram: WebAuthentication.Windows.KeyCredentialManagerSupported recorded 1 samples, mean = 1.0 (flags = 0x41)
0  O                                                                         (0 = 0.0%)
1  -O                                                                        (1 = 100.0%) {0.0%}
2  ... 

Histogram: WebContentsObserver.DOMContentLoaded recorded 3 samples, mean = 0.0 (flags = 0x41)
0  ---O                                                                      (3 = 100.0%)
1  ... 

Histogram: WebContentsObserver.DidChangeVisibleSecurityState recorded 2 samples, mean = 0.0 (flags = 0x41)
0  --O                                                                       (2 = 100.0%)
1  ... 

Histogram: WebContentsObserver.DidFinishLoad recorded 3 samples, mean = 0.0 (flags = 0x41)
0  ---O                                                                      (3 = 100.0%)
1  ... 

Histogram: WebContentsObserver.DidFinishNavigation recorded 5 samples, mean = 0.0 (flags = 0x41)
0  -----O                                                                    (5 = 100.0%)
1  ... 

Histogram: WebContentsObserver.DidFirstVisuallyNonEmptyPaint recorded 1 samples, mean = 0.0 (flags = 0x41)
0  -O                                                                        (1 = 100.0%)
1  ... 

Histogram: WebContentsObserver.DidRedirectNavigation recorded 1 samples, mean = 0.0 (flags = 0x41)
0  -O                                                                        (1 = 100.0%)
1  ... 

Histogram: WebContentsObserver.DidStartLoading recorded 1 samples, mean = 0.0 (flags = 0x41)
0  -O                                                                        (1 = 100.0%)
1  ... 

Histogram: WebContentsObserver.DidStartNavigation recorded 5 samples, mean = 0.0 (flags = 0x41)
0  -----O                                                                    (5 = 100.0%)
1  ... 

Histogram: WebContentsObserver.DidStartNavigation.MainFrame recorded 3 samples, mean = 0.0 (flags = 0x41)
0  ---O                                                                      (3 = 100.0%)
1  ... 

Histogram: WebContentsObserver.DidStartNavigation.Subframe recorded 2 samples, mean = 0.0 (flags = 0x41)
0  --O                                                                       (2 = 100.0%)
1  ... 

Histogram: WebContentsObserver.DidStopLoading recorded 1 samples, mean = 0.0 (flags = 0x41)
0  -O                                                                        (1 = 100.0%)
1  ... 

Histogram: WebContentsObserver.DidUpdateNavigationHandleTiming recorded 5 samples, mean = 0.0 (flags = 0x41)
0  -----O                                                                    (5 = 100.0%)
1  ... 

Histogram: WebContentsObserver.LoadProgressChanged recorded 9 samples, mean = 0.0 (flags = 0x41)
0  ---------O                                                                (9 = 100.0%)
1  ... 

Histogram: WebContentsObserver.NavigationEntryChanged recorded 3 samples, mean = 0.0 (flags = 0x41)
0  ---O                                                                      (3 = 100.0%)
1  ... 

Histogram: WebContentsObserver.NavigationEntryCommitted recorded 2 samples, mean = 0.0 (flags = 0x41)
0  --O                                                                       (2 = 100.0%)
1  ... 

Histogram: WebContentsObserver.PrimaryMainDocumentElementAvailable recorded 1 samples, mean = 0.0 (flags = 0x41)
0  -O                                                                        (1 = 100.0%)
1  ... 

Histogram: WebContentsObserver.RenderFrameCreated recorded 4 samples, mean = 0.0 (flags = 0x41)
0  ----O                                                                     (4 = 100.0%)
1  ... 

Histogram: WebContentsObserver.RenderFrameDeleted recorded 4 samples, mean = 0.0 (flags = 0x41)
0  ----O                                                                     (4 = 100.0%)
1  ... 

Histogram: WebContentsObserver.RenderViewReady recorded 2 samples, mean = 0.0 (flags = 0x41)
0  --O                                                                       (2 = 100.0%)
1  ... 

Histogram: WebContentsObserver.TitleWasSet recorded 1 samples, mean = 0.0 (flags = 0x41)
0  -O                                                                        (1 = 100.0%)
1  ... 

Histogram: WebCore.Scripts.Async.NotStreamingReason recorded 20 samples, mean = 9.0 (flags = 0x41)
0  ... 
9  --------------------O                                                     (20 = 100.0%) {0.0%}
10 ... 

Histogram: WebCore.Scripts.Async.StartedStreaming recorded 26 samples, mean = 0.2 (flags = 0x41)
0  --------------------O                                                     (20 = 76.9%)
1  ------O                                                                   (6 = 23.1%) {76.9%}
2  O                                                                         (0 = 0.0%) {100.0%}

Histogram: WebCore.Scripts.Other.NotStreamingReason recorded 17 samples, mean = 11.0 (flags = 0x41)
0   ... 
11  -----------------O                                                        (17 = 100.0%) {0.0%}
12  ... 

Histogram: WebCore.Scripts.Other.StartedStreaming recorded 17 samples, mean = 0.0 (flags = 0x41)
0  -----------------O                                                        (17 = 100.0%)
1  ... 

Histogram: WebCore.Scripts.V8CodeCacheMetadata.Get recorded 49 samples, mean = 4.1 (flags = 0x41)
0  -------O                                                                  (7 = 14.3%)
1  --O                                                                       (2 = 4.1%) {14.3%}
2  ... 
5  ----------------------------------------O                                 (40 = 81.6%) {18.4%}
6  O                                                                         (0 = 0.0%) {100.0%}

Histogram: WebCore.Scripts.V8CodeCacheMetadata.Set recorded 3 samples, mean = 1.0 (flags = 0x41)
0  --O                                                                       (2 = 66.7%)
1  ... 
3  -O                                                                        (1 = 33.3%) {66.7%}
4  O                                                                         (0 = 0.0%) {100.0%}

Histogram: WebCore.Scripts.V8CompileHintsStatus recorded 44 samples, mean = 8.6 (flags = 0x41)
0   ... 
6   --------------------O                                                     (20 = 45.5%) {0.0%}
7   ... 
10  ------O                                                                   (6 = 13.6%) {45.5%}
11  ------------------O                                                       (18 = 40.9%) {59.1%}
12  ... 

Histogram: WebCore.Scripts.V8CrowdsourcedCompileHints.ModelQuality recorded 1 samples, mean = 0.0 (flags = 0x41)
0  -O                                                                        (1 = 100.0%)
1  ... 

Histogram: WebDatabase.InitResult recorded 2 samples, mean = 0.0 (flags = 0x41)
0  --O                                                                       (2 = 100.0%)
1  ... 

Histogram: WebFont.CacheHit recorded 5 samples, mean = 1.4 (flags = 0x41)
0  O                                                                         (0 = 0.0%)
1  ----O                                                                     (4 = 80.0%) {0.0%}
2  O                                                                         (0 = 0.0%) {80.0%}
3  -O                                                                        (1 = 20.0%) {80.0%}
4  O                                                                         (0 = 0.0%) {100.0%}

Histogram: WebFont.Clients.RenderBlockingFonts.ExpiredFonts recorded 1 samples, mean = 1.0 (flags = 0x41)
0  O                                                                         (0 = 0.0%)
1  -O                                                                        (1 = 100.0%) {0.0%}
2  O                                                                         (0 = 0.0%) {100.0%}

Histogram: WebFont.HadBlankText recorded 1 samples, mean = 0.0 (flags = 0x41)
0  -O                                                                        (1 = 100.0%)
1  ... 

Histogram: WebFont.LocalFontUsed recorded 1 samples, mean = 1.0 (flags = 0x41)
0  O                                                                         (0 = 0.0%)
1  -O                                                                        (1 = 100.0%) {0.0%}
2  O                                                                         (0 = 0.0%) {100.0%}

Histogram: Windows.AcLayersLoaded recorded 1 samples, mean = 0.0 (flags = 0x41)
0  -O                                                                        (1 = 100.0%)
1  ... 

Histogram: Windows.CetAvailable recorded 1 samples, mean = 1.0 (flags = 0x41)
0  O                                                                         (0 = 0.0%)
1  -O                                                                        (1 = 100.0%) {0.0%}
2  O                                                                         (0 = 0.0%) {100.0%}

Histogram: Windows.CetEnabled recorded 1 samples, mean = 0.0 (flags = 0x41)
0  -O                                                                        (1 = 100.0%)
1  ... 

Histogram: Windows.DisplayIdFromDeviceId recorded 12 samples, mean = 3.0 (flags = 0x41)
0  ... 
3  ------------O                                                             (12 = 100.0%) {0.0%}
4  O                                                                         (0 = 0.0%) {100.0%}

Histogram: Windows.DisplayIdFromDeviceKey recorded 12 samples, mean = 3.0 (flags = 0x41)
0  ... 
3  ------------O                                                             (12 = 100.0%) {0.0%}
4  O                                                                         (0 = 0.0%) {100.0%}

Histogram: Windows.Enclave.SGX.Available recorded 1 samples, mean = 0.0 (flags = 0x41)
0  -O                                                                        (1 = 100.0%)
1  ... 

Histogram: Windows.Enclave.SGX2.Available recorded 1 samples, mean = 0.0 (flags = 0x41)
0  -O                                                                        (1 = 100.0%)
1  ... 

Histogram: Windows.Enclave.VBS.Available recorded 1 samples, mean = 0.0 (flags = 0x41)
0  -O                                                                        (1 = 100.0%)
1  ... 

Histogram: Windows.Enclave.VBSBasic.Available recorded 1 samples, mean = 0.0 (flags = 0x41)
0  -O                                                                        (1 = 100.0%)
1  ... 

Histogram: Windows.HasHighResolutionTimeTicks recorded 1 samples, mean = 1.0 (flags = 0x41)
0  O                                                                         (0 = 0.0%)
1  -O                                                                        (1 = 100.0%) {0.0%}
2  O                                                                         (0 = 0.0%) {100.0%}

Histogram: Windows.HasThreadTicks recorded 1 samples, mean = 1.0 (flags = 0x41)
0  O                                                                         (0 = 0.0%)
1  -O                                                                        (1 = 100.0%) {0.0%}
2  O                                                                         (0 = 0.0%) {100.0%}

Histogram: Windows.HighResolutionTimerUsage recorded 18 samples, mean = 0.0 (flags = 0x41)
0  ------------------O                                                       (18 = 100.0%)
1  ... 

Histogram: Windows.HypervPresent recorded 1 samples, mean = 0.0 (flags = 0x41)
0  -O                                                                        (1 = 100.0%)
1  ... 

Histogram: Windows.LegacyDisplayIdAlgorithm recorded 26 samples, mean = 0.0 (flags = 0x41)
0  --------------------------O                                               (26 = 100.0%)
1  ... 

Histogram: Windows.ParallelDllLoadingEnabled recorded 1 samples, mean = 1.0 (flags = 0x41)
0  O                                                                         (0 = 0.0%)
1  -O                                                                        (1 = 100.0%) {0.0%}
2  O                                                                         (0 = 0.0%) {100.0%}

Histogram: Windows.PatchLevel recorded 1 samples (flags = 0x41)
1717051446  -O                                                                        (1 = 100.0%)

Histogram: Windows.PatchLevelKernel32 recorded 1 samples (flags = 0x41)
1710497846  -O                                                                        (1 = 100.0%)

Histogram: Windows.ProcessorFamily recorded 1 samples (flags = 0x41)
775  -O                                                                        (1 = 100.0%)

Histogram: Windows.ProcessorVirtualizationFirmwareEnabled recorded 1 samples, mean = 1.0 (flags = 0x41)
0  O                                                                         (0 = 0.0%)
1  -O                                                                        (1 = 100.0%) {0.0%}
2  O                                                                         (0 = 0.0%) {100.0%}


